,time,sigma,label
0,0.0,2.207159645015215e-09,RSF
1,0.0112239069065096,2.2508582840468426e-09,RSF
2,0.0216821220539827,2.2469110730465795e-09,RSF
3,0.037458485801724,2.258178035827631e-09,RSF
4,0.0565790455479318,2.275891837149915e-09,RSF
5,0.0729762677238245,2.284689849879309e-09,RSF
6,0.0976345282389433,2.3303064873141663e-09,RSF
7,0.117684161043515,2.3312371994487187e-09,RSF
8,0.124842185502207,2.339821402985198e-09,RSF
9,0.149508907993504,2.36731810850849e-09,RSF
10,0.184826634584054,2.4028218372826725e-09,RSF
11,0.197640030736136,2.4259524237606053e-09,RSF
12,0.214480990374441,2.434776674986888e-09,RSF
13,0.265692367029201,2.4841886699751196e-09,RSF
14,0.275042512996518,2.5858101429223666e-09,RSF
15,0.281323464402655,2.58993624300437e-09,RSF
16,0.282974981657602,2.5789273719656222e-09,RSF
17,0.288808935951838,2.627970047739326e-09,RSF
18,0.295054041197579,2.6682257985553525e-09,RSF
19,0.303134070892613,2.699831453869924e-09,RSF
20,0.309867823564343,2.7087282532241208e-09,RSF
21,0.312909420024034,2.734491892430327e-09,RSF
22,0.317463012373286,2.7691355610598784e-09,RSF
23,0.360818694629729,2.8038317936431327e-09,RSF
24,0.381749287893542,2.846944335969077e-09,RSF
25,0.38223225337667,2.8406948594148687e-09,RSF
26,0.384242311193148,2.9309924376286656e-09,RSF
27,0.388561489723857,2.925463995297371e-09,RSF
28,0.399278391650206,2.9520421014194195e-09,RSF
29,0.417084942673679,3.0342995725124e-09,RSF
30,0.423987001366956,3.1702956249604524e-09,RSF
31,0.438858801129688,3.1453313036151254e-09,RSF
32,0.446114403226365,3.1643944194988666e-09,RSF
33,0.517518514065673,3.1758201887880064e-09,RSF
34,0.530620697180482,3.2045892063326406e-09,RSF
35,0.534950840354779,3.2108315788881156e-09,RSF
36,0.538063597630859,3.2215923587155486e-09,RSF
37,0.542590607365182,3.2526931769958206e-09,RSF
38,0.554638252764671,3.3554555479379737e-09,RSF
39,0.558375082663878,3.369626551602904e-09,RSF
40,0.56619959197827,3.368923400588589e-09,RSF
41,0.578591524742841,3.46543405406065e-09,RSF
42,0.580908125206674,3.5416364431080365e-09,RSF
43,0.587327855450713,3.5521884413245684e-09,RSF
44,0.604924841796667,3.6255847677652927e-09,RSF
45,0.606631263536245,3.6429346136354026e-09,RSF
46,0.61556299643478,3.662621187155642e-09,RSF
47,0.625802640178002,3.6433727955824614e-09,RSF
48,0.63202182006369,3.720631722548742e-09,RSF
49,0.659277431026207,3.7184037769593624e-09,RSF
50,0.668963213572462,3.746375746407362e-09,RSF
51,0.672863679825906,3.78131009890946e-09,RSF
52,0.673383326140548,3.901860808964596e-09,RSF
53,0.678994212175746,3.966797924472089e-09,RSF
54,0.691552115276773,3.987785410334443e-09,RSF
55,0.7046999872208,4.0398022993298406e-09,RSF
56,0.708704549397396,4.062931405845702e-09,RSF
57,0.712611583520382,4.113753834412719e-09,RSF
58,0.737696382748417,4.114085120168134e-09,RSF
59,0.752299888179282,4.159742033072478e-09,RSF
60,0.772428022945482,4.167732594384056e-09,RSF
61,0.780287825217475,4.202665427898771e-09,RSF
62,0.799749240871298,4.259477040761546e-09,RSF
63,0.807165717611667,4.402133259088512e-09,RSF
64,0.817680948278785,4.460871030130471e-09,RSF
65,0.832288911322068,4.455702833183785e-09,RSF
66,0.833313066823351,4.513229558976085e-09,RSF
67,0.845545595706258,4.549693148934813e-09,RSF
68,0.87073972204817,4.627272789920582e-09,RSF
69,0.877380054471592,4.6031346693432595e-09,RSF
70,0.88323358028847,4.676788838572611e-09,RSF
71,0.887200958462338,4.821808720913428e-09,RSF
72,0.89724853042324,4.867631098387569e-09,RSF
73,0.899897684326122,4.908478063410586e-09,RSF
74,0.914716171051324,4.960035539349567e-09,RSF
75,0.923727658731518,5.048616634494947e-09,RSF
76,0.924347479453649,5.1793367558464235e-09,RSF
77,0.928046201674527,5.3472451437148495e-09,RSF
78,0.939241661709207,5.3374230555109975e-09,RSF
79,0.946946779542806,5.404085156209049e-09,RSF
80,0.951044771440347,5.462221320044772e-09,RSF
81,0.953325830389543,5.475250304129779e-09,RSF
82,0.957483202297623,5.490609700938132e-09,RSF
83,0.957749029088322,5.551550649243062e-09,RSF
84,0.967682672324015,5.551508337276037e-09,RSF
85,0.972097436401422,5.605080960533107e-09,RSF
86,0.976181346610624,5.669470652713463e-09,RSF
87,0.996524568822076,5.6506188598932635e-09,RSF
88,0.997384695907716,5.704218052710272e-09,RSF
89,0.999513034350595,5.8883403492546785e-09,RSF
90,1.0127435894043,5.9372558514526914e-09,RSF
91,1.01763072673393,5.93710978228639e-09,RSF
92,1.02332492325305,5.987572243559396e-09,RSF
93,1.03589933975223,6.014124660375312e-09,RSF
94,1.04322666443515,6.112679276019958e-09,RSF
95,1.04694177140358,6.2013933392584005e-09,RSF
96,1.05316869809271,6.247252962358436e-09,RSF
97,1.05923093906272,6.250519341373337e-09,RSF
98,1.07577810175673,6.314905693466167e-09,RSF
99,1.08501944172661,6.339542421601326e-09,RSF
100,1.11895517683901,6.415413810414953e-09,RSF
101,1.12137666497611,6.5427105107530764e-09,RSF
102,1.14097268815544,6.51177700304542e-09,RSF
103,1.14174056019793,6.562412497895322e-09,RSF
104,1.14903726572149,6.635520927264632e-09,RSF
105,1.15258314199836,6.7031003286526565e-09,RSF
106,1.15439338245241,6.848452333111747e-09,RSF
107,1.16156681632473,6.84931095349032e-09,RSF
108,1.18419541370868,6.916647163777463e-09,RSF
109,1.19479016852352,6.909544490488203e-09,RSF
110,1.20207369669184,6.947875670009944e-09,RSF
111,1.2161955735341,6.957324052048079e-09,RSF
112,1.22094238409333,7.063002649874011e-09,RSF
113,1.22613941133358,7.071517208942069e-09,RSF
114,1.23775780561925,7.139321618251287e-09,RSF
115,1.24432114756432,7.126125764956736e-09,RSF
116,1.24493101342714,7.1529248899464366e-09,RSF
117,1.24703865421624,7.128172332638119e-09,RSF
118,1.25916064902894,7.11950321555741e-09,RSF
119,1.26164685230589,7.125494616153373e-09,RSF
120,1.26837151851893,7.2160190720377105e-09,RSF
121,1.28543271435453,7.33178000981857e-09,RSF
122,1.31680479901172,7.424496035912537e-09,RSF
123,1.32315555655747,7.406256353327522e-09,RSF
124,1.33375692338001,7.414394435603458e-09,RSF
125,1.33818652264131,7.447384935840601e-09,RSF
126,1.3397921848281,7.449272297906416e-09,RSF
127,1.34659218421094,7.529982718354554e-09,RSF
128,1.34904321518884,7.705529270187096e-09,RSF
129,1.35081187334774,7.764311205205174e-09,RSF
130,1.36350899473584,7.9641576236352e-09,RSF
131,1.36618739797103,7.973416017338786e-09,RSF
132,1.37438880715512,8.029101944041868e-09,RSF
133,1.37661634313673,8.065474191859205e-09,RSF
134,1.38299594307486,8.058203216696462e-09,RSF
135,1.38548504028104,8.069916689401201e-09,RSF
136,1.40888598651238,8.071157307942043e-09,RSF
137,1.41599968254969,8.080916513202183e-09,RSF
138,1.42320723713612,8.096377066386286e-09,RSF
139,1.42680183475242,8.097726993115501e-09,RSF
140,1.42917267791301,8.077995408325429e-09,RSF
141,1.45825238474387,8.213953030101308e-09,RSF
142,1.46939450292135,8.193544985955373e-09,RSF
143,1.47157540977967,8.206725897649767e-09,RSF
144,1.47932388750937,8.209010376126357e-09,RSF
145,1.48803810955813,8.258163929611668e-09,RSF
146,1.49794850413879,8.284437920296232e-09,RSF
147,1.5336482304503,8.313178634983022e-09,RSF
148,1.53956553102035,8.27120044378063e-09,RSF
149,1.54552851060822,8.284005704815328e-09,RSF
150,1.54669934791234,8.4556764142386e-09,RSF
151,1.56749277867264,8.510376586783653e-09,RSF
152,1.56866006302896,8.653852826645766e-09,RSF
153,1.57084924597449,8.724741047222656e-09,RSF
154,1.57438404853704,8.731593817109853e-09,RSF
155,1.57763170229911,8.828310622084996e-09,RSF
156,1.58757505603028,8.847768561927637e-09,RSF
157,1.60151078489087,8.837612254072944e-09,RSF
158,1.60493567744717,8.840518666738659e-09,RSF
159,1.62990972593808,8.905270497472877e-09,RSF
160,1.63292554332646,9.002224992693124e-09,RSF
161,1.64339180186608,9.054774810265027e-09,RSF
162,1.6475019370788,9.0977777749272e-09,RSF
163,1.64991412634733,9.273421326476918e-09,RSF
164,1.65187091302962,9.273553959513638e-09,RSF
165,1.65879556694997,9.47364136820122e-09,RSF
166,1.66515175947028,9.489451774151512e-09,RSF
167,1.67269297891409,9.465443124022271e-09,RSF
168,1.68234617763667,9.552203812059324e-09,RSF
169,1.68929642604769,9.560781991556726e-09,RSF
170,1.69229932373401,9.543969188980744e-09,RSF
171,1.70103096009715,9.620772486021014e-09,RSF
172,1.70263205623976,9.763067563442453e-09,RSF
173,1.72935347425706,9.769271171455077e-09,RSF
174,1.73810055539125,9.840502542767476e-09,RSF
175,1.73875895905567,9.91339779726341e-09,RSF
176,1.74674243171833,1.0152060874219055e-08,RSF
177,1.75534947971752,1.0178858680512711e-08,RSF
178,1.75777204063558,1.0191586722542114e-08,RSF
179,1.76534176871875,1.0238734133187794e-08,RSF
180,1.7655525591328,1.044016889392629e-08,RSF
181,1.77438794637973,1.0453936996895224e-08,RSF
182,1.77585778178194,1.0467536652031782e-08,RSF
183,1.77794020944401,1.0515336953552813e-08,RSF
184,1.78794955975335,1.057911764517733e-08,RSF
185,1.7943909219529,1.0610393970538805e-08,RSF
186,1.80281198805732,1.0683127620568225e-08,RSF
187,1.82144334387301,1.0805847904836529e-08,RSF
188,1.82152376752338,1.0921332343575674e-08,RSF
189,1.82867465597946,1.0921329014945578e-08,RSF
190,1.83075489236971,1.0965001979040568e-08,RSF
191,1.83901720980673,1.0979423375184388e-08,RSF
192,1.84650733362809,1.1133155350037612e-08,RSF
193,1.85201887325244,1.1270470939839613e-08,RSF
194,1.85383728003072,1.1375836751211158e-08,RSF
195,1.85445757597299,1.1364707060443095e-08,RSF
196,1.85452346480784,1.1367574538447093e-08,RSF
197,1.86682605459524,1.1367969388269293e-08,RSF
198,1.87267555193695,1.1366971505463724e-08,RSF
199,1.87343727872894,1.147686765250827e-08,RSF
200,1.87353066896133,1.1535481847346027e-08,RSF
201,1.87494916915856,1.1582414913225365e-08,RSF
202,1.88942935654622,1.1680804123710397e-08,RSF
203,1.89426850144186,1.1847126997295167e-08,RSF
204,1.89623540002368,1.1860639204796179e-08,RSF
205,1.90165933166211,1.186398388519356e-08,RSF
206,1.90333693746092,1.1984853170971027e-08,RSF
207,1.90731190207414,1.2045270235397991e-08,RSF
208,1.91181389590156,1.2075741925128766e-08,RSF
209,1.91201633413288,1.2108426881974789e-08,RSF
210,1.9186030415962,1.2203621097373587e-08,RSF
211,1.92115648383095,1.2285314817491603e-08,RSF
212,1.92573153480141,1.2372570968888055e-08,RSF
213,1.9285626921254,1.2408892260097367e-08,RSF
214,1.93762107349051,1.2465607302212665e-08,RSF
215,1.93773237708269,1.2536759889317922e-08,RSF
216,1.94090415691329,1.2652111727646594e-08,RSF
217,1.94915058533583,1.2634087526966466e-08,RSF
218,1.94930721242365,1.2705514793768027e-08,RSF
219,1.97632111017357,1.26609823541057e-08,RSF
220,1.98094410759734,1.2790527149876465e-08,RSF
221,2.00028831408943,1.2805263794105333e-08,RSF
222,2.03006219121281,1.2810346617039411e-08,RSF
223,2.04492149782816,1.29132258455292e-08,RSF
224,2.06339444035147,1.3103618334387086e-08,RSF
225,2.07237212401839,1.3228167797056064e-08,RSF
226,2.07651651212126,1.3206529687969782e-08,RSF
227,2.09024295186417,1.3239408170038955e-08,RSF
228,2.11372774507626,1.3308116890179644e-08,RSF
229,2.126719866846,1.3410379332887641e-08,RSF
230,2.13595524086008,1.3378534742807638e-08,RSF
231,2.13837784271578,1.3377226033647585e-08,RSF
232,2.15041129001982,1.3403312099386074e-08,RSF
233,2.15157787757878,1.3596701071108202e-08,RSF
234,2.15281577321263,1.363388160692321e-08,RSF
235,2.16352976021643,1.3703251337101566e-08,RSF
236,2.16827454319036,1.3673603148928426e-08,RSF
237,2.17247767008146,1.3810589306332241e-08,RSF
238,2.19361552275375,1.3904681793675161e-08,RSF
239,2.21413743330079,1.4007761252329408e-08,RSF
240,2.2189248922715,1.4081435546320004e-08,RSF
241,2.22675094802387,1.4206813342520711e-08,RSF
242,2.22726173137611,1.4218989185440539e-08,RSF
243,2.23908555235662,1.4292570063159572e-08,RSF
244,2.24706810028177,1.4500139204705136e-08,RSF
245,2.25310485214393,1.4523921743235427e-08,RSF
246,2.25891759406075,1.450210733373479e-08,RSF
247,2.26908775251859,1.4566028978307937e-08,RSF
248,2.27612219622481,1.4560236334017373e-08,RSF
249,2.27623722361916,1.4605483650496335e-08,RSF
250,2.27657804606249,1.4649535502292427e-08,RSF
251,2.27689433882092,1.4672140736128896e-08,RSF
252,2.28968130617257,1.4753256270141158e-08,RSF
253,2.29514049963904,1.4832589053822319e-08,RSF
254,2.3000707437486,1.4895323868487143e-08,RSF
255,2.31100688630766,1.5081188461762375e-08,RSF
256,2.31356687626872,1.5060533793633547e-08,RSF
257,2.31790062094245,1.518439939603753e-08,RSF
258,2.3322528037105,1.5332261519029313e-08,RSF
259,2.33639225929951,1.538601084887844e-08,RSF
260,2.36939692545764,1.5383587313468393e-08,RSF
261,2.37001031684894,1.5493039500175094e-08,RSF
262,2.37731485250921,1.552183762019178e-08,RSF
263,2.38343003701611,1.57053042443008e-08,RSF
264,2.39740923300663,1.583101430889302e-08,RSF
265,2.40651544287123,1.5802311727030456e-08,RSF
266,2.4219494961349,1.582443785763314e-08,RSF
267,2.43718789699199,1.584710611797754e-08,RSF
268,2.44806119574467,1.5913980350423654e-08,RSF
269,2.45033946767029,1.5903787466375368e-08,RSF
270,2.46057065175026,1.6049548269415763e-08,RSF
271,2.46671718290356,1.6108847336045598e-08,RSF
272,2.47335679165225,1.611244258283101e-08,RSF
273,2.48083036862738,1.614461864433356e-08,RSF
274,2.5015018318757,1.6140695968747923e-08,RSF
275,2.50265046590601,1.6265749132865754e-08,RSF
276,2.50589241975181,1.6425995295688e-08,RSF
277,2.50744089460341,1.645324404675289e-08,RSF
278,2.51778306516348,1.659222410451847e-08,RSF
279,2.53335246312147,1.670062182726308e-08,RSF
280,2.53426108666438,1.6745294045516414e-08,RSF
281,2.53992753485316,1.679192003528263e-08,RSF
282,2.55691721737967,1.6965055297742587e-08,RSF
283,2.55750232436675,1.7055767490007732e-08,RSF
284,2.564756042475,1.7091944269320882e-08,RSF
285,2.56550257710442,1.7106555657767107e-08,RSF
286,2.58964015054787,1.7165306624395317e-08,RSF
287,2.59529455945133,1.722270756823273e-08,RSF
288,2.60359208025556,1.7358556043985052e-08,RSF
289,2.60377540739934,1.7374291097079218e-08,RSF
290,2.6306764013774,1.735707738473278e-08,RSF
291,2.63946509696784,1.7377827544810625e-08,RSF
292,2.65235692677644,1.7454241883034034e-08,RSF
293,2.66077593514509,1.7497277608933994e-08,RSF
294,2.67208913878262,1.747782431095515e-08,RSF
295,2.67802939937716,1.7544618636937843e-08,RSF
296,2.6804754092893,1.7539616977205844e-08,RSF
297,2.68804426925457,1.7570062352937e-08,RSF
298,2.68836697100394,1.7525597834087106e-08,RSF
299,2.69701147212322,1.755026928643879e-08,RSF
300,2.70661386089202,1.754983144881348e-08,RSF
301,2.72800486655707,1.7534559659602476e-08,RSF
302,2.74342799526714,1.7623086604371672e-08,RSF
303,2.74676981659423,1.773029008914838e-08,RSF
304,2.75379360645542,1.774354463422746e-08,RSF
305,2.76118036519497,1.7716712498728394e-08,RSF
306,2.76890431195133,1.781518112792835e-08,RSF
307,2.77193228976843,1.778699571171226e-08,RSF
308,2.78277994048399,1.7894694481775255e-08,RSF
309,2.78901244376876,1.7873968657932532e-08,RSF
310,2.79639724967787,1.805437572930036e-08,RSF
311,2.80656851846323,1.806695910099878e-08,RSF
312,2.80850099600675,1.8143547608101306e-08,RSF
313,2.81844999962327,1.8139642151337468e-08,RSF
314,2.83857493210959,1.8183172046276543e-08,RSF
315,2.83943435354116,1.8380350882767827e-08,RSF
316,2.84453086355785,1.8375466467324072e-08,RSF
317,2.85117678247058,1.8389701319152954e-08,RSF
318,2.86110123703081,1.83543547649479e-08,RSF
319,2.8751668398162,1.8324161932937498e-08,RSF
320,2.88616098372039,1.8328718761447826e-08,RSF
321,2.90296363496185,1.836008971011564e-08,RSF
322,2.90784788254877,1.8372173155490688e-08,RSF
323,2.91235943799422,1.8347142376008316e-08,RSF
324,2.92287127943715,1.839502204766953e-08,RSF
325,2.92699960929864,1.8367740222421134e-08,RSF
326,2.96293710065747,1.846955405609409e-08,RSF
327,2.96360669816668,1.8511796322885047e-08,RSF
328,2.97158878730918,1.8571833557854207e-08,RSF
329,2.97798765436689,1.8625299261312267e-08,RSF
330,2.98738889878408,1.8626985235254458e-08,RSF
331,2.98777719059398,1.868930960733777e-08,RSF
332,3.00192639610116,1.8657563325433884e-08,RSF
333,3.00643543354108,1.8650770199121824e-08,RSF
334,3.0082165350435,1.8689449850502315e-08,RSF
335,3.02149518239162,1.8732988036490996e-08,RSF
336,3.02404977634257,1.8938233789816734e-08,RSF
337,3.0322233904102,1.90529652560546e-08,RSF
338,3.05402045782563,1.9112554728005188e-08,RSF
339,3.05744992218401,1.9139273609605064e-08,RSF
340,3.06060513172205,1.9266293459832753e-08,RSF
341,3.06908849315764,1.9330506758771248e-08,RSF
342,3.0696346005608,1.9382358948891468e-08,RSF
343,3.07845193201463,1.9430325685944394e-08,RSF
344,3.0825277418596,1.935938110154041e-08,RSF
345,3.09201936457735,1.956459061426412e-08,RSF
346,3.1099898767585,1.961806338538296e-08,RSF
347,3.12308205606574,1.9680698095294465e-08,RSF
348,3.13750295967969,1.9694411819890487e-08,RSF
349,3.16557076873517,1.9687863057362285e-08,RSF
350,3.16954476770719,1.9784983194526102e-08,RSF
351,3.17420577666525,1.986815172104455e-08,RSF
352,3.20572077486133,1.9868456349133792e-08,RSF
353,3.20986954947334,1.9870550758574456e-08,RSF
354,3.21830248909187,1.995756578604256e-08,RSF
355,3.21868892344065,1.9935189664852522e-08,RSF
356,3.23235344454756,2.0014151585911485e-08,RSF
357,3.2362637912758,2.0017922726873604e-08,RSF
358,3.24163795664287,2.0011730247813657e-08,RSF
359,3.24821085574347,2.0019163663227408e-08,RSF
360,3.25123018280433,2.0110895150016536e-08,RSF
361,3.25230164567697,2.0209666843072115e-08,RSF
362,3.25375574784259,2.0214629266538098e-08,RSF
363,3.25691462264713,2.0353146420496133e-08,RSF
364,3.26557150959129,2.0284406728198816e-08,RSF
365,3.26636144517728,2.036405761802197e-08,RSF
366,3.26831744188058,2.042642803635325e-08,RSF
367,3.26851147130046,2.044109343438413e-08,RSF
368,3.27363025273606,2.0440373269188784e-08,RSF
369,3.27635398431406,2.0552815043964844e-08,RSF
370,3.27840491407563,2.0516494524999655e-08,RSF
371,3.29017020260993,2.0531476721227597e-08,RSF
372,3.29553216198944,2.0605730393830407e-08,RSF
373,3.30111664499941,2.0609553228098787e-08,RSF
374,3.30965639892477,2.0591822802120868e-08,RSF
375,3.31690754514953,2.059409096232048e-08,RSF
376,3.31698757821923,2.054537655588467e-08,RSF
377,3.32188909045518,2.05138420704979e-08,RSF
378,3.32240844992919,2.0536925091581116e-08,RSF
379,3.32817737842495,2.0543688459905752e-08,RSF
380,3.33200707968609,2.0627586468693252e-08,RSF
381,3.33868847808653,2.0549611121651094e-08,RSF
382,3.35045515051372,2.051753601247285e-08,RSF
383,3.37359469538692,2.053795130520945e-08,RSF
384,3.3750624064854,2.053387286833448e-08,RSF
385,3.39512654580223,2.0569450783619943e-08,RSF
386,3.39545369226105,2.053562274871699e-08,RSF
387,3.40679829872287,2.0520521922667158e-08,RSF
388,3.40982409933774,2.0653406783230935e-08,RSF
389,3.42603716742755,2.0775592022823173e-08,RSF
390,3.42947459481779,2.082924584197117e-08,RSF
391,3.43655299237294,2.0813414307063157e-08,RSF
392,3.4411656884656,2.0832886401743097e-08,RSF
393,3.45066099856495,2.0774584047219958e-08,RSF
394,3.45536652081105,2.0847256173907994e-08,RSF
395,3.48674888933397,2.081214117848748e-08,RSF
396,3.50222503237141,2.079117795751302e-08,RSF
397,3.50292431505795,2.0844697248391348e-08,RSF
398,3.52396136601714,2.0818272139737086e-08,RSF
399,3.52589963913885,2.0858605000485722e-08,RSF
400,3.52761213455783,2.089815435886532e-08,RSF
401,3.5281370038527,2.1022653046022282e-08,RSF
402,3.53973091385476,2.115732678456725e-08,RSF
403,3.54277878042336,2.112566147255537e-08,RSF
404,3.55493194137106,2.1101225172209164e-08,RSF
405,3.57148722995993,2.1114008377381155e-08,RSF
406,3.57192978523555,2.1071100329191523e-08,RSF
407,3.58766975100078,2.1196175263872465e-08,RSF
408,3.59714105700424,2.1225590982821956e-08,RSF
409,3.6075614625685,2.140563895788107e-08,RSF
410,3.61012618542118,2.150652597859366e-08,RSF
411,3.62008932926015,2.1502973780380248e-08,RSF
412,3.622326633465,2.1559087549558003e-08,RSF
413,3.6297683129514,2.158055369009437e-08,RSF
414,3.6339158424778,2.156229172226582e-08,RSF
415,3.63983613891103,2.1629033450128113e-08,RSF
416,3.6653549588322,2.1641264004080737e-08,RSF
417,3.66669137359448,2.1743254541684756e-08,RSF
418,3.69350600742126,2.174792418018841e-08,RSF
419,3.69702255580579,2.1781523419739596e-08,RSF
420,3.69745153403797,2.1860818478773817e-08,RSF
421,3.70224857768348,2.188854545176271e-08,RSF
422,3.70901364907823,2.192146172898793e-08,RSF
423,3.71071544301769,2.197787222652597e-08,RSF
424,3.71330862188424,2.2000236814437628e-08,RSF
425,3.72551426039026,2.215090382748672e-08,RSF
426,3.72901494201162,2.2281782213460155e-08,RSF
427,3.73056331437936,2.235445695104042e-08,RSF
428,3.73066633885427,2.232886802252563e-08,RSF
429,3.73469349957603,2.2383611907854498e-08,RSF
430,3.74525646660131,2.2425194428279935e-08,RSF
431,3.74895650265216,2.2474229650080757e-08,RSF
432,3.75073197661222,2.255040725249927e-08,RSF
433,3.76511353604897,2.2578649917463036e-08,RSF
434,3.77116511813008,2.260291280188959e-08,RSF
435,3.77333633825979,2.2781291708933917e-08,RSF
436,3.7785194871118,2.2834112300807946e-08,RSF
437,3.78895627156815,2.2880806912297404e-08,RSF
438,3.79483608117769,2.3164221825677376e-08,RSF
439,3.80581775066854,2.3190017209738758e-08,RSF
440,3.82788199769034,2.3204328004668233e-08,RSF
441,3.84288405147985,2.3236905142126776e-08,RSF
442,3.85095839760359,2.3261128175954e-08,RSF
443,3.85223834703842,2.3211609844995103e-08,RSF
444,3.86161498369801,2.335738447563693e-08,RSF
445,3.87828367301737,2.3323639815778684e-08,RSF
446,3.88096474375773,2.338840918229168e-08,RSF
447,3.8854980246205,2.352243435677248e-08,RSF
448,3.89134490135543,2.3643087246255996e-08,RSF
449,3.90921481768896,2.3632819796732484e-08,RSF
450,3.90968158035525,2.3609483434674427e-08,RSF
451,3.91387493343565,2.36538024623426e-08,RSF
452,3.91689390739996,2.3684333818254933e-08,RSF
453,3.92001546232741,2.3761783013741004e-08,RSF
454,3.92804543604168,2.3840392428450715e-08,RSF
455,3.92857788492792,2.383831057229044e-08,RSF
456,3.94925805759967,2.3874294005572405e-08,RSF
457,3.99638326100281,2.3929206477079606e-08,RSF
458,4.00387884005078,2.3953198494658324e-08,RSF
459,4.01107645549076,2.3986912959985105e-08,RSF
460,4.01997855999262,2.3947757871869104e-08,RSF
461,4.02519737157187,2.3944870714636462e-08,RSF
462,4.05298748901278,2.4034892448694378e-08,RSF
463,4.05678339391433,2.401075682644348e-08,RSF
464,4.07565869500513,2.4061410806744283e-08,RSF
465,4.0869097583918,2.4054208254346268e-08,RSF
466,4.09246376826549,2.4147832993109793e-08,RSF
467,4.12925364992992,2.4195093099101554e-08,RSF
468,4.13114924063492,2.4230447996443272e-08,RSF
469,4.13629435050071,2.4195488338793994e-08,RSF
470,4.13716379638889,2.4342088443251165e-08,RSF
471,4.14282857322059,2.4496633496896463e-08,RSF
472,4.14407994788682,2.45741097091102e-08,RSF
473,4.15115733055534,2.4650200265617012e-08,RSF
474,4.15960710466297,2.471999079205603e-08,RSF
475,4.16123431463182,2.4731900683704568e-08,RSF
476,4.16852861705873,2.4729018768053777e-08,RSF
477,4.20625233528393,2.4701685430975102e-08,RSF
478,4.21324677761304,2.4838483758807612e-08,RSF
479,4.21347926265428,2.5010169398865963e-08,RSF
480,4.22194083827656,2.4992216744422263e-08,RSF
481,4.22564041027363,2.503818653591659e-08,RSF
482,4.23462436665152,2.513106227070559e-08,RSF
483,4.27146836235065,2.5177670723977373e-08,RSF
484,4.2908759628127,2.5265671970998797e-08,RSF
485,4.2913876351142,2.5313836686228743e-08,RSF
486,4.33659723785242,2.52795427298973e-08,RSF
487,4.33812539183375,2.541759109869394e-08,RSF
488,4.33943628530388,2.5582838636841635e-08,RSF
489,4.35625563214807,2.555453500581995e-08,RSF
490,4.35998953282157,2.5543592838894022e-08,RSF
491,4.3709759053423,2.5664608293505164e-08,RSF
492,4.38720234284897,2.5602508961940467e-08,RSF
493,4.45924475563236,2.5815913647214133e-08,RSF
494,4.46637931629718,2.5942377308528974e-08,RSF
495,4.46831515012301,2.602273066493565e-08,RSF
496,4.47747071573892,2.6082058009034804e-08,RSF
497,4.48723694022497,2.617609449582727e-08,RSF
498,4.49851417525839,2.6112946923593072e-08,RSF
499,4.55826609586272,2.6189890350242465e-08,RSF
500,4.58966371837193,2.620553724242948e-08,RSF
501,4.59818871176929,2.6281447107765096e-08,RSF
502,4.62171276672406,2.633892712998842e-08,RSF
503,4.63584017090416,2.6379242114637798e-08,RSF
504,4.63744006637623,2.6443746146788388e-08,RSF
505,4.64307490901376,2.6554455083009712e-08,RSF
506,4.66647557183668,2.6572020061833208e-08,RSF
507,4.67627277333918,2.6618542825029067e-08,RSF
508,4.68918936746312,2.686821785109882e-08,RSF
509,4.695527485049,2.6992794472259183e-08,RSF
510,4.7037709216395,2.7055412193284262e-08,RSF
511,4.70508934282911,2.7051713359415486e-08,RSF
512,4.71108812444317,2.7069509678505478e-08,RSF
513,4.72507296188327,2.7033616894307414e-08,RSF
514,4.73037188928404,2.7034517983213453e-08,RSF
515,4.73268432078161,2.7056568363707385e-08,RSF
516,4.73395685758765,2.700862693633746e-08,RSF
517,4.73438920142774,2.6977042682719654e-08,RSF
518,4.73681285329106,2.7004052494731796e-08,RSF
519,4.74766505671677,2.702738501808781e-08,RSF
520,4.76543727059794,2.7089388649846006e-08,RSF
521,4.77020204290362,2.7229128610136794e-08,RSF
522,4.79861317387603,2.7304808804356622e-08,RSF
523,4.7997665219742,2.7372425976254793e-08,RSF
524,4.8083583198506,2.747737897370083e-08,RSF
525,4.84705322844011,2.7554285976198157e-08,RSF
526,4.84732600226935,2.755260709102279e-08,RSF
527,4.85018008366588,2.7528550781041474e-08,RSF
528,4.85296487123185,2.7644092994993627e-08,RSF
529,4.85361681418235,2.767633676400516e-08,RSF
530,4.86652717236273,2.7802420896103992e-08,RSF
531,4.8791049920983,2.7970755761834778e-08,RSF
532,4.88238667994712,2.7966953626853476e-08,RSF
533,4.89404593243228,2.8078701289212935e-08,RSF
534,4.90671302196823,2.8210146855765906e-08,RSF
535,4.91377297100107,2.833177352517304e-08,RSF
536,4.92082589846249,2.8340722655483894e-08,RSF
537,4.94130988066072,2.8483444290557265e-08,RSF
538,4.95849447106804,2.8626835959118795e-08,RSF
539,4.97597414063501,2.8804684447769774e-08,RSF
540,4.98637807888044,2.8910669974638656e-08,RSF
541,4.99865055210694,2.8905855566810875e-08,RSF
542,5.003684758831,2.8855479731507817e-08,RSF
543,5.00478031694697,2.8902837499450673e-08,RSF
544,5.00989405110567,2.8858431596554526e-08,RSF
545,5.0353108830227,2.8830265289249227e-08,RSF
546,5.06316793806316,2.8873624247580402e-08,RSF
547,5.0858861839538,2.888105907934727e-08,RSF
548,5.08964684142805,2.8857997259083266e-08,RSF
549,5.09540575298813,2.890261963604561e-08,RSF
550,5.13485665395011,2.890640205647053e-08,RSF
551,5.1357625029997,2.903684339176386e-08,RSF
552,5.13939847732836,2.9238957166936672e-08,RSF
553,5.15048719380452,2.9341804235255105e-08,RSF
554,5.15082081787689,2.9507729649918228e-08,RSF
555,5.16004171379573,2.949196550499849e-08,RSF
556,5.1610409721969,2.9696990085315224e-08,RSF
557,5.16471202932115,2.9741992055189133e-08,RSF
558,5.19286331597463,2.96479856282179e-08,RSF
559,5.20187274072012,2.9728329151857574e-08,RSF
560,5.2111550747272,2.9796905614706542e-08,RSF
561,5.22334370025356,2.993826113800783e-08,RSF
562,5.22735799274219,2.9927152384026364e-08,RSF
563,5.24592371668809,3.00465991076431e-08,RSF
564,5.25489659441941,3.009122120021841e-08,RSF
565,5.2628740928861,3.02194788225412e-08,RSF
566,5.26693733477435,3.0277336216966273e-08,RSF
567,5.2715078550613,3.027095098528543e-08,RSF
568,5.27637982590846,3.036565127302289e-08,RSF
569,5.29954039880994,3.042922149794419e-08,RSF
570,5.31338365881353,3.0419382460284703e-08,RSF
571,5.31727264092667,3.0391664953704714e-08,RSF
572,5.33482144271962,3.040019113779584e-08,RSF
573,5.34964457601605,3.0515290500728264e-08,RSF
574,5.35339018511472,3.063825967382611e-08,RSF
575,5.36007611225556,3.060504023202242e-08,RSF
576,5.36126324638005,3.060844313333679e-08,RSF
577,5.36557426391902,3.0696448625352536e-08,RSF
578,5.36788394723392,3.065346715032479e-08,RSF
579,5.37273529275458,3.064256226257897e-08,RSF
580,5.37867736645421,3.0665410968861956e-08,RSF
581,5.38331521689603,3.074894243714948e-08,RSF
582,5.40597756494548,3.0914224283408886e-08,RSF
583,5.4370482786405,3.0867724667980605e-08,RSF
584,5.46744592892066,3.0869261839253575e-08,RSF
585,5.46830875688309,3.0992407253181494e-08,RSF
586,5.46953123350761,3.1041645133736666e-08,RSF
587,5.47108697891281,3.1023826674354115e-08,RSF
588,5.4716527054617,3.1132002290537765e-08,RSF
589,5.47337947037642,3.116098560384179e-08,RSF
590,5.51550450247146,3.118996980475851e-08,RSF
591,5.53543150850649,3.1179556119795436e-08,RSF
592,5.55178723295856,3.1292919850442955e-08,RSF
593,5.55980378728549,3.141953125461399e-08,RSF
594,5.56075886326289,3.159858942615559e-08,RSF
595,5.56197511594257,3.164898492379717e-08,RSF
596,5.58395562549269,3.169819083264487e-08,RSF
597,5.5912315017914,3.176809927226151e-08,RSF
598,5.62950690127443,3.181490324145052e-08,RSF
599,5.63128148064414,3.18101607059557e-08,RSF
600,5.65811397749479,3.197694719580225e-08,RSF
601,5.69984228196615,3.2120184865108e-08,RSF
602,5.71083063063219,3.2159278570791475e-08,RSF
603,5.71196939800495,3.228126720364018e-08,RSF
604,5.7267855969892,3.240419480094735e-08,RSF
605,5.7346875973293,3.2457364162128936e-08,RSF
606,5.7494796632698,3.241543707378699e-08,RSF
607,5.75233172325707,3.247292958230499e-08,RSF
608,5.75253804623488,3.254214983332082e-08,RSF
609,5.77427515266973,3.248761288901656e-08,RSF
610,5.77478690507387,3.2561935427091945e-08,RSF
611,5.78117961159277,3.272185304701107e-08,RSF
612,5.79630183103088,3.265240510539707e-08,RSF
613,5.80377625348887,3.281437829537739e-08,RSF
614,5.81489712069353,3.296182507419536e-08,RSF
615,5.84582159123337,3.3109838355634365e-08,RSF
616,5.84738511286231,3.325174934488003e-08,RSF
617,5.85527802844829,3.336771346269296e-08,RSF
618,5.87324452296736,3.34031071800936e-08,RSF
619,5.89113971338516,3.347296799387635e-08,RSF
620,5.89302214518417,3.344656350652862e-08,RSF
621,5.89442072014577,3.3508015484587694e-08,RSF
622,5.89950755144332,3.3537529259463534e-08,RSF
623,5.90555253598276,3.369610724991045e-08,RSF
624,5.93027390558291,3.387821320268254e-08,RSF
625,5.97333370782835,3.385763228224158e-08,RSF
626,5.98201801710554,3.385051567530019e-08,RSF
627,5.9939760447748,3.4031232804794766e-08,RSF
628,6.02912266260985,3.4107520145738467e-08,RSF
629,6.08629401476413,3.426474161251504e-08,RSF
630,6.09137321489296,3.43442035730107e-08,RSF
631,6.11359222217479,3.4423994078013815e-08,RSF
632,6.1184488329257,3.464538535646609e-08,RSF
633,6.12416899992365,3.4809077152889254e-08,RSF
634,6.13644726756378,3.493324770287719e-08,RSF
635,6.13707985188073,3.5029718926434067e-08,RSF
636,6.14081538618461,3.5191575079707576e-08,RSF
637,6.1490255432642,3.518608979237334e-08,RSF
638,6.15993711844086,3.52815955237621e-08,RSF
639,6.16825046872938,3.534471267999257e-08,RSF
640,6.17832705102362,3.547237417555733e-08,RSF
641,6.18496653265547,3.5461545355182224e-08,RSF
642,6.19741313295874,3.547860869927735e-08,RSF
643,6.24029510052026,3.56422966503301e-08,RSF
644,6.28075306767832,3.58593010893135e-08,RSF
645,6.28102850361412,3.5818380978431824e-08,RSF
646,6.28761645277282,3.580173694351617e-08,RSF
647,6.29575816337615,3.594886459437046e-08,RSF
648,6.29990828795586,3.6005495678681416e-08,RSF
649,6.4031994882073,3.620438255849329e-08,RSF
650,6.40915586820647,3.6207660005036974e-08,RSF
651,6.44216877658556,3.632259876172232e-08,RSF
652,6.47091512428786,3.643004697771326e-08,RSF
653,6.49784136480032,3.640791183943094e-08,RSF
654,6.49970849886553,3.644933203353111e-08,RSF
655,6.5341148773956,3.64218811059118e-08,RSF
656,6.54795023130177,3.650261856561007e-08,RSF
657,6.56136716567597,3.6599182838301845e-08,RSF
658,6.56871214557701,3.6861990688673004e-08,RSF
659,6.59091419815736,3.6968441156602464e-08,RSF
660,6.60831908779913,3.706633747463481e-08,RSF
661,6.61498148544164,3.717693263901686e-08,RSF
662,6.63083987355303,3.7263888569923716e-08,RSF
663,6.64879664933105,3.7445005126162587e-08,RSF
664,6.73580198147155,3.770854324135149e-08,RSF
665,6.74185948595456,3.7810827511017295e-08,RSF
666,6.74648609656928,3.7919554718701243e-08,RSF
667,6.7857230584156,3.8048521570453425e-08,RSF
668,6.84507265806128,3.8018635919454354e-08,RSF
669,6.86643968243468,3.814331710157647e-08,RSF
670,6.88710730251405,3.838704937426252e-08,RSF
671,6.91382804347394,3.8493854837048547e-08,RSF
672,6.91764966787472,3.8462442028539054e-08,RSF
673,6.94010026829794,3.8576427993620834e-08,RSF
674,6.9598246837838,3.856088508909033e-08,RSF
675,7.01247600953461,3.864102348082555e-08,RSF
676,7.01737448463753,3.873213251801318e-08,RSF
677,7.04397852159373,3.889538389888712e-08,RSF
678,7.04404453584456,3.8824205806169576e-08,RSF
679,7.06831670673362,3.888034570364705e-08,RSF
680,7.0822949681916,3.893483695141941e-08,RSF
681,7.101277627857,3.91141969494132e-08,RSF
682,7.13652340653379,3.9230969164430253e-08,RSF
683,7.14375347975558,3.9432329764410754e-08,RSF
684,7.15584704082466,3.9426758773784e-08,RSF
685,7.19887927928405,3.949133096674477e-08,RSF
686,7.21538791318549,3.969023505041127e-08,RSF
687,7.26355879399051,3.9736816329705214e-08,RSF
688,7.30054186354897,3.994519787279859e-08,RSF
689,7.3483718133395,3.994383415488289e-08,RSF
690,7.3954399752243,4.007653696908539e-08,RSF
691,7.40893983015315,4.016091119183725e-08,RSF
692,7.4460950572643,4.0272500191058716e-08,RSF
693,7.46057993628063,4.0373236037361183e-08,RSF
694,7.51031693701272,4.032490848793557e-08,RSF
695,7.52752828248914,4.041724998919741e-08,RSF
696,7.535576367939,4.058830866468352e-08,RSF
697,7.55623599798092,4.054467577747414e-08,RSF
698,7.58106368669594,4.052450510032748e-08,RSF
699,7.63022524799366,4.078629687094128e-08,RSF
700,7.65515305603891,4.091319033704372e-08,RSF
701,7.67291584991982,4.109125501258154e-08,RSF
702,7.73329020506209,4.1208610926402406e-08,RSF
703,7.75854758505805,4.126740147629879e-08,RSF
704,7.75876567727879,4.145106812006611e-08,RSF
705,7.84620078205422,4.1737104358457215e-08,RSF
706,7.85078164784625,4.1731294503384394e-08,RSF
707,7.86288488812606,4.179399285405633e-08,RSF
708,7.88171380369445,4.189810651063448e-08,RSF
709,7.94275815973872,4.199428448831253e-08,RSF
710,7.95313670263247,4.2162564688716645e-08,RSF
711,7.98950747911866,4.231610700462681e-08,RSF
712,8.14372784593653,4.2475008839105735e-08,RSF
713,8.20374610508679,4.2470866655997425e-08,RSF
714,8.21976480548049,4.261940316606053e-08,RSF
715,8.22200530934169,4.263681589404047e-08,RSF
716,8.27601316985856,4.2731250041185965e-08,RSF
717,8.27683533857042,4.29085561336882e-08,RSF
718,8.32475594404151,4.290593484029485e-08,RSF
719,8.37037274734592,4.2970712914101084e-08,RSF
720,8.39380779607549,4.320504729291933e-08,RSF
721,8.42040493251834,4.343775835134691e-08,RSF
722,8.48846813200406,4.35609396506221e-08,RSF
723,8.55166937615429,4.379668865377612e-08,RSF
724,8.65674143956845,4.380042850859435e-08,RSF
725,8.72170456915552,4.388348240348477e-08,RSF
726,8.72986219581443,4.3823254434204815e-08,RSF
727,8.73027008178146,4.391311905088689e-08,RSF
728,8.86964280198267,4.4031296236906355e-08,RSF
729,8.92058542174505,4.422829697961731e-08,RSF
730,8.95918185928162,4.4255823043849336e-08,RSF
731,8.98607210784178,4.450389558053201e-08,RSF
732,9.05368655691545,4.467504060621609e-08,RSF
733,9.0736466932451,4.457580632732415e-08,RSF
734,9.23168856751767,4.479249932972593e-08,RSF
735,9.25922189318882,4.500385923024536e-08,RSF
736,9.30690632898367,4.5274354225116713e-08,RSF
737,9.3983144210833,4.534150999690625e-08,RSF
738,9.45595202616041,4.548670436084361e-08,RSF
739,9.48600392513905,4.543646694894543e-08,RSF
740,9.48970714017686,4.5604852003145314e-08,RSF
741,9.5023004680687,4.561859254040063e-08,RSF
742,9.52476785415628,4.582912874895393e-08,RSF
743,9.81687567458581,4.573394499907926e-08,RSF
744,9.82471189670954,4.594895955632172e-08,RSF
745,9.95780661708254,4.600544318645052e-08,RSF
746,10.0737168239109,4.583877012093299e-08,RSF
747,10.3764874141346,4.5942286698170706e-08,RSF
748,10.5617555630239,4.6075692791511926e-08,RSF
749,10.8162586843469,4.597523636600253e-08,RSF
750,10.8425799934797,4.5918585034006254e-08,RSF
751,10.9011935704685,4.594645072496159e-08,RSF
752,11.0798756111048,4.607118484838218e-08,RSF
753,11.2584422952517,4.62486268256594e-08,RSF
754,11.4194107978418,4.635231500845513e-08,RSF
755,11.7317900144398,4.646210768509059e-08,RSF
756,12.0238768101371,4.628605262531425e-08,RSF
757,12.1850355081731,4.642559442128157e-08,RSF
758,12.6115408300214,4.667756697532041e-08,RSF
759,12.9969235817742,4.683296207459352e-08,RSF
760,13.3452660292263,4.707970137205573e-08,RSF
761,13.3506638305545,4.7332082069910694e-08,RSF
762,13.826400307535,4.7371397421116755e-08,RSF
763,14.2836984840969,4.7472909165000786e-08,RSF
764,14.8465960804495,4.774764311245328e-08,RSF
0,0.0,7.707602195091668e-10,CPH
1,0.0112239069065096,8.054982259308714e-10,CPH
2,0.0216821220539827,8.402179367099032e-10,CPH
3,0.036707304418087,8.402179367099032e-10,CPH
4,0.037458485801724,8.749641224475088e-10,CPH
5,0.0375107657164335,8.749641224475088e-10,CPH
6,0.0409510172903538,8.749641224475088e-10,CPH
7,0.0452550407499075,8.749641224475088e-10,CPH
8,0.0565790455479318,9.097566110572558e-10,CPH
9,0.0619023777544498,9.097566110572558e-10,CPH
10,0.0729762677238245,9.445633795163093e-10,CPH
11,0.0797400176525116,9.445633795163093e-10,CPH
12,0.0839640721678734,9.445633795163093e-10,CPH
13,0.0976345282389433,9.794205922812891e-10,CPH
14,0.117684161043515,1.0142707472751886e-09,CPH
15,0.121386079117656,1.0142707472751886e-09,CPH
16,0.124842185502207,1.0491384906895134e-09,CPH
17,0.149508907993504,1.0840225341634317e-09,CPH
18,0.184826634584054,1.1188831641926838e-09,CPH
19,0.188828084617853,1.1188831641926838e-09,CPH
20,0.197640030736136,1.1538089664298675e-09,CPH
21,0.205337421968579,1.1538089664298675e-09,CPH
22,0.206063205376267,1.1538089664298675e-09,CPH
23,0.208885990083218,1.1538089664298675e-09,CPH
24,0.20907942764461,1.1538089664298675e-09,CPH
25,0.214480990374441,1.1888410778489138e-09,CPH
26,0.215882364660501,1.1888410778489138e-09,CPH
27,0.248144483193755,1.1888410778489138e-09,CPH
28,0.257138304412365,1.1888410778489138e-09,CPH
29,0.259941894561052,1.1888410778489138e-09,CPH
30,0.265692367029201,1.2240146465582043e-09,CPH
31,0.275042512996518,1.2592320056074133e-09,CPH
32,0.281323464402655,1.2944308726614114e-09,CPH
33,0.282974981657602,1.3296903985185382e-09,CPH
34,0.288808935951838,1.3649220976142297e-09,CPH
35,0.295054041197579,1.4001578451741762e-09,CPH
36,0.299928199499846,1.4001578451741762e-09,CPH
37,0.303134070892613,1.4354405720580368e-09,CPH
38,0.309867823564343,1.4707079721353782e-09,CPH
39,0.312850618734956,1.4707079721353782e-09,CPH
40,0.312909420024034,1.5060482248108962e-09,CPH
41,0.317463012373286,1.5413711666484758e-09,CPH
42,0.360818694629729,1.5767022766294478e-09,CPH
43,0.379570908844471,1.5767022766294478e-09,CPH
44,0.381749287893542,1.6120582761260372e-09,CPH
45,0.38223225337667,1.6474040248556536e-09,CPH
46,0.384242311193148,1.682736112078959e-09,CPH
47,0.388561489723857,1.7180263175386218e-09,CPH
48,0.399278391650206,1.7532851232186622e-09,CPH
49,0.417084942673679,1.7885595867933495e-09,CPH
50,0.417210504412651,1.7885595867933495e-09,CPH
51,0.423987001366956,1.8238817729242224e-09,CPH
52,0.426967229694128,1.8238817729242224e-09,CPH
53,0.438858801129688,1.859190744369832e-09,CPH
54,0.440352391451597,1.859190744369832e-09,CPH
55,0.446114403226365,1.8944955463649154e-09,CPH
56,0.449527624994516,1.8944955463649154e-09,CPH
57,0.456117438152432,1.8944955463649154e-09,CPH
58,0.476379498839378,1.8944955463649154e-09,CPH
59,0.489878755062819,1.8944955463649154e-09,CPH
60,0.517518514065673,1.929901585773755e-09,CPH
61,0.530620697180482,1.9653016181349075e-09,CPH
62,0.534950840354779,2.000679888189406e-09,CPH
63,0.538063597630859,2.036038197966437e-09,CPH
64,0.542590607365182,2.071386043629002e-09,CPH
65,0.548885157331824,2.071386043629002e-09,CPH
66,0.55194397084415,2.071386043629002e-09,CPH
67,0.554638252764671,2.1067733740704955e-09,CPH
68,0.558375082663878,2.142128711397227e-09,CPH
69,0.56619959197827,2.1774628505231782e-09,CPH
70,0.578591524742841,2.2128060506490492e-09,CPH
71,0.580908125206674,2.248192860118342e-09,CPH
72,0.587327855450713,2.283603304189986e-09,CPH
73,0.604924841796667,2.3189968568187796e-09,CPH
74,0.606631263536245,2.354371000917671e-09,CPH
75,0.613550506532192,2.354371000917671e-09,CPH
76,0.61556299643478,2.3897920315816426e-09,CPH
77,0.618759596720338,2.3897920315816426e-09,CPH
78,0.625802640178002,2.4252148340735307e-09,CPH
79,0.62866816855967,2.4252148340735307e-09,CPH
80,0.631707379594445,2.4252148340735307e-09,CPH
81,0.63202182006369,2.4607385747331407e-09,CPH
82,0.659277431026207,2.496268711701234e-09,CPH
83,0.668963213572462,2.5317850684101975e-09,CPH
84,0.672863679825906,2.5672835024364466e-09,CPH
85,0.673383326140548,2.6027848227676578e-09,CPH
86,0.678994212175746,2.638342379618399e-09,CPH
87,0.682968875393271,2.638342379618399e-09,CPH
88,0.691552115276773,2.6739351161220066e-09,CPH
89,0.7046999872208,2.7095395946471066e-09,CPH
90,0.708704549397396,2.7451387459785646e-09,CPH
91,0.712611583520382,2.7807305660595436e-09,CPH
92,0.724648950621486,2.7807305660595436e-09,CPH
93,0.737696382748417,2.816468636996478e-09,CPH
94,0.74611996114254,2.816468636996478e-09,CPH
95,0.752299888179282,2.8522644224595095e-09,CPH
96,0.75963319838047,2.8522644224595095e-09,CPH
97,0.772428022945482,2.888159255087472e-09,CPH
98,0.780287825217475,2.9240465609945565e-09,CPH
99,0.797206347808242,2.9240465609945565e-09,CPH
100,0.799749240871298,2.959972627469797e-09,CPH
101,0.803260736167431,2.959972627469797e-09,CPH
102,0.807165717611667,2.9959657539878136e-09,CPH
103,0.816405845806003,2.9959657539878136e-09,CPH
104,0.817680948278785,3.0321006791656585e-09,CPH
105,0.823203384876251,3.0321006791656585e-09,CPH
106,0.832288911322068,3.0682605083520803e-09,CPH
107,0.833313066823351,3.104411859385808e-09,CPH
108,0.844382118433714,3.104411859385808e-09,CPH
109,0.845545595706258,3.14066240385154e-09,CPH
110,0.858250385150313,3.14066240385154e-09,CPH
111,0.87073972204817,3.176986045709781e-09,CPH
112,0.877380054471592,3.2133386100481053e-09,CPH
113,0.88323358028847,3.249675545721653e-09,CPH
114,0.887200958462338,3.28602469275932e-09,CPH
115,0.891678655520082,3.28602469275932e-09,CPH
116,0.89724853042324,3.3224810768495517e-09,CPH
117,0.899897684326122,3.358899086845013e-09,CPH
118,0.914716171051324,3.3952930083625043e-09,CPH
119,0.923727658731518,3.4316848492672604e-09,CPH
120,0.924347479453649,3.468071340213288e-09,CPH
121,0.928046201674527,3.50456364661632e-09,CPH
122,0.939241661709207,3.5410607762767293e-09,CPH
123,0.946946779542806,3.577569359927234e-09,CPH
124,0.951044771440347,3.6141078664373222e-09,CPH
125,0.953325830389543,3.6506682499141536e-09,CPH
126,0.957483202297623,3.6871918083297813e-09,CPH
127,0.957749029088322,3.7236888032914398e-09,CPH
128,0.964867042377591,3.7236888032914398e-09,CPH
129,0.967682672324015,3.760222857710867e-09,CPH
130,0.972097436401422,3.796751107995169e-09,CPH
131,0.976181346610624,3.833261526445591e-09,CPH
132,0.979905545711517,3.833261526445591e-09,CPH
133,0.992767240852118,3.833261526445591e-09,CPH
134,0.996524568822076,3.86985532740092e-09,CPH
135,0.997384695907716,3.90644597586208e-09,CPH
136,0.999513034350595,3.943049661328206e-09,CPH
137,1.0127435894043,3.979901060815652e-09,CPH
138,1.01763072673393,4.016752487309404e-09,CPH
139,1.02332492325305,4.05360196613312e-09,CPH
140,1.03589933975223,4.090441004569668e-09,CPH
141,1.03689597733319,4.090441004569668e-09,CPH
142,1.04322666443515,4.12727229304283e-09,CPH
143,1.04694177140358,4.164136317410079e-09,CPH
144,1.05316869809271,4.201010184540769e-09,CPH
145,1.05500054731965,4.201010184540769e-09,CPH
146,1.05923093906272,4.237956201111357e-09,CPH
147,1.06627552583814,4.237956201111357e-09,CPH
148,1.07577810175673,4.274898130852656e-09,CPH
149,1.08501944172661,4.31184551810172e-09,CPH
150,1.11831934377551,4.31184551810172e-09,CPH
151,1.11895517683901,4.348841717001235e-09,CPH
152,1.12137666497611,4.385844032349198e-09,CPH
153,1.13725689612329,4.385844032349198e-09,CPH
154,1.14097268815544,4.422915322514801e-09,CPH
155,1.14174056019793,4.459967931507519e-09,CPH
156,1.14229528605938,4.459967931507519e-09,CPH
157,1.14903726572149,4.497143795650724e-09,CPH
158,1.15258314199836,4.534310908640909e-09,CPH
159,1.15439338245241,4.571482220471289e-09,CPH
160,1.15936389751732,4.571482220471289e-09,CPH
161,1.16156681632473,4.608758536763316e-09,CPH
162,1.17469039186835,4.608758536763316e-09,CPH
163,1.18419541370868,4.646059002090153e-09,CPH
164,1.19479016852352,4.6833375100768165e-09,CPH
165,1.20207369669184,4.7205848802426006e-09,CPH
166,1.20328690297902,4.7205848802426006e-09,CPH
167,1.2161955735341,4.757963994684132e-09,CPH
168,1.22094238409333,4.795331477445545e-09,CPH
169,1.22613941133358,4.832766352165832e-09,CPH
170,1.23775780561925,4.870185827617336e-09,CPH
171,1.24432114756432,4.9076677758021605e-09,CPH
172,1.24493101342714,4.945136860029087e-09,CPH
173,1.24703865421624,4.982611012033283e-09,CPH
174,1.25916064902894,5.02007383512443e-09,CPH
175,1.26164685230589,5.057512222939476e-09,CPH
176,1.26309868879616,5.057512222939476e-09,CPH
177,1.26837151851893,5.094983107960634e-09,CPH
178,1.27869815379381,5.094983107960634e-09,CPH
179,1.28543271435453,5.13246605229753e-09,CPH
180,1.30577722750604,5.13246605229753e-09,CPH
181,1.31323319301009,5.13246605229753e-09,CPH
182,1.31680479901172,5.170028288384661e-09,CPH
183,1.32315555655747,5.207654633617847e-09,CPH
184,1.33375692338001,5.2452502065750464e-09,CPH
185,1.33818652264131,5.282837191162064e-09,CPH
186,1.3397921848281,5.3204164986879834e-09,CPH
187,1.34659218421094,5.3580005928940074e-09,CPH
188,1.34904321518884,5.3956330920023865e-09,CPH
189,1.35081187334774,5.433344662996001e-09,CPH
190,1.35228541865945,5.433344662996001e-09,CPH
191,1.36350899473584,5.471116128699371e-09,CPH
192,1.36618739797103,5.5091421578899156e-09,CPH
193,1.37438880715512,5.547140690425503e-09,CPH
194,1.37537036463618,5.547140690425503e-09,CPH
195,1.37661634313673,5.585184839522448e-09,CPH
196,1.38299594307486,5.62328808137266e-09,CPH
197,1.38548504028104,5.6614017808468654e-09,CPH
198,1.38942384906113,5.6614017808468654e-09,CPH
199,1.40038097463548,5.6614017808468654e-09,CPH
200,1.40821069478989,5.6614017808468654e-09,CPH
201,1.40888598651238,5.699629131761167e-09,CPH
202,1.41599968254969,5.737836293416746e-09,CPH
203,1.42320723713612,5.77602435791598e-09,CPH
204,1.42680183475242,5.814210921255842e-09,CPH
205,1.42917267791301,5.852372624626821e-09,CPH
206,1.43628084473312,5.852372624626821e-09,CPH
207,1.45825238474387,5.890545433705155e-09,CPH
208,1.46515171229839,5.890545433705155e-09,CPH
209,1.46939450292135,5.928906507789566e-09,CPH
210,1.47157540977967,5.967252173101583e-09,CPH
211,1.47932388750937,6.0055755524899225e-09,CPH
212,1.48803810955813,6.04388177587761e-09,CPH
213,1.49794850413879,6.082189860780051e-09,CPH
214,1.51537284627557,6.082189860780051e-09,CPH
215,1.5336482304503,6.120593231386902e-09,CPH
216,1.53956553102035,6.159049759277247e-09,CPH
217,1.54552851060822,6.1974993281377326e-09,CPH
218,1.54669934791234,6.23597253447541e-09,CPH
219,1.55185370519757,6.23597253447541e-09,CPH
220,1.56749277867264,6.274540954336254e-09,CPH
221,1.56866006302896,6.313118231736965e-09,CPH
222,1.57084924597449,6.351764523595833e-09,CPH
223,1.57438404853704,6.3904186825864336e-09,CPH
224,1.57763170229911,6.429072773696816e-09,CPH
225,1.58757505603028,6.467771837947661e-09,CPH
226,1.60151078489087,6.506449665350612e-09,CPH
227,1.60493567744717,6.545091609868811e-09,CPH
228,1.62914681062102,6.545091609868811e-09,CPH
229,1.62990972593808,6.583811289588054e-09,CPH
230,1.63292554332646,6.622537974782067e-09,CPH
231,1.64339180186608,6.6612710338580175e-09,CPH
232,1.6475019370788,6.700019823008389e-09,CPH
233,1.64991412634733,6.738784077074277e-09,CPH
234,1.65187091302962,6.777610771002832e-09,CPH
235,1.65552387200296,6.777610771002832e-09,CPH
236,1.65879556694997,6.816485040746839e-09,CPH
237,1.66515175947028,6.855404709681564e-09,CPH
238,1.67269297891409,6.89433509751969e-09,CPH
239,1.68234617763667,6.933266921858248e-09,CPH
240,1.68926182575524,6.933266921858248e-09,CPH
241,1.68929642604769,6.972246810234883e-09,CPH
242,1.69229932373401,7.011240368997548e-09,CPH
243,1.69728121720254,7.011240368997548e-09,CPH
244,1.70103096009715,7.050224749406116e-09,CPH
245,1.70263205623976,7.0891803942050045e-09,CPH
246,1.72017957083881,7.0891803942050045e-09,CPH
247,1.72935347425706,7.128240131025394e-09,CPH
248,1.73512363247573,7.128240131025394e-09,CPH
249,1.73810055539125,7.167305036980374e-09,CPH
250,1.73875895905567,7.2064093759382945e-09,CPH
251,1.73989829421043,7.2064093759382945e-09,CPH
252,1.74674243171833,7.245590116900401e-09,CPH
253,1.75534947971752,7.284862092016762e-09,CPH
254,1.75777204063558,7.324130552789721e-09,CPH
255,1.76450178399682,7.324130552789721e-09,CPH
256,1.76534176871875,7.3634373440423705e-09,CPH
257,1.7655525591328,7.402790646719664e-09,CPH
258,1.77438794637973,7.442246788996858e-09,CPH
259,1.77585778178194,7.481690731713504e-09,CPH
260,1.77794020944401,7.521120901530237e-09,CPH
261,1.78794955975335,7.560629123617353e-09,CPH
262,1.7943909219529,7.600147315268886e-09,CPH
263,1.79760399833322,7.600147315268886e-09,CPH
264,1.80281198805732,7.639716852203451e-09,CPH
265,1.8091476559639,7.639716852203451e-09,CPH
266,1.82090460509062,7.639716852203451e-09,CPH
267,1.82144334387301,7.67947345016235e-09,CPH
268,1.82152376752338,7.719269785723289e-09,CPH
269,1.82867465597946,7.759182375674983e-09,CPH
270,1.83075489236971,7.799116604361527e-09,CPH
271,1.83901720980673,7.839046446437675e-09,CPH
272,1.84488748759031,7.839046446437675e-09,CPH
273,1.84650733362809,7.879043741419299e-09,CPH
274,1.85201887325244,7.919076760831376e-09,CPH
275,1.85383728003072,7.959141227854898e-09,CPH
276,1.85445757597299,7.999262523554322e-09,CPH
277,1.85452346480784,8.039357460443912e-09,CPH
278,1.86078500747681,8.039357460443912e-09,CPH
279,1.86682605459524,8.079484868334065e-09,CPH
280,1.86756427958608,8.079484868334065e-09,CPH
281,1.87267555193695,8.119693065477922e-09,CPH
282,1.87343727872894,8.159891692607573e-09,CPH
283,1.87353066896133,8.200111349241977e-09,CPH
284,1.87494916915856,8.240361538033784e-09,CPH
285,1.88942935654622,8.280629913076203e-09,CPH
286,1.89426850144186,8.320919068056766e-09,CPH
287,1.89623540002368,8.361281339953505e-09,CPH
288,1.90165933166211,8.401633513492982e-09,CPH
289,1.90333693746092,8.441959282269591e-09,CPH
290,1.90731190207414,8.482326076097057e-09,CPH
291,1.91181389590156,8.52274659116709e-09,CPH
292,1.91201633413288,8.563180510672648e-09,CPH
293,1.9186030415962,8.603602902189322e-09,CPH
294,1.92115648383095,8.644110044250796e-09,CPH
295,1.92573153480141,8.684623603685347e-09,CPH
296,1.92810898460448,8.684623603685347e-09,CPH
297,1.9285626921254,8.725255461473485e-09,CPH
298,1.93597483076155,8.725255461473485e-09,CPH
299,1.93762107349051,8.766057553229214e-09,CPH
300,1.93773237708269,8.806916353193034e-09,CPH
301,1.94090415691329,8.847798243824266e-09,CPH
302,1.94915058533583,8.8887278674405e-09,CPH
303,1.94930721242365,8.929656979652481e-09,CPH
304,1.96447249688208,8.929656979652481e-09,CPH
305,1.97632111017357,8.970649020530759e-09,CPH
306,1.98094410759734,9.011627797689576e-09,CPH
307,2.00028831408943,9.052651133935041e-09,CPH
308,2.03006219121281,9.093668262039251e-09,CPH
309,2.04492149782816,9.134644031817376e-09,CPH
310,2.04740292951465,9.134644031817376e-09,CPH
311,2.05904210731387,9.134644031817376e-09,CPH
312,2.06339444035147,9.175735857107298e-09,CPH
313,2.07237212401839,9.216890907773255e-09,CPH
314,2.07412442564964,9.216890907773255e-09,CPH
315,2.07651651212126,9.25812299475393e-09,CPH
316,2.09024295186417,9.29937130069033e-09,CPH
317,2.09801460430026,9.29937130069033e-09,CPH
318,2.11372774507626,9.340758306039517e-09,CPH
319,2.126719866846,9.382233767209374e-09,CPH
320,2.13042443990707,9.382233767209374e-09,CPH
321,2.13595524086008,9.42383690270435e-09,CPH
322,2.13837784271578,9.465422420791203e-09,CPH
323,2.14355638436973,9.465422420791203e-09,CPH
324,2.15041129001982,9.507067113640695e-09,CPH
325,2.15157787757878,9.548714002320943e-09,CPH
326,2.15281577321263,9.590541661578341e-09,CPH
327,2.16352976021643,9.63238007640362e-09,CPH
328,2.16827454319036,9.674238998443777e-09,CPH
329,2.17247767008146,9.716098195434493e-09,CPH
330,2.18997012265027,9.716098195434493e-09,CPH
331,2.19335184618831,9.716098195434493e-09,CPH
332,2.19361552275375,9.758200395415447e-09,CPH
333,2.21413743330079,9.80033537427012e-09,CPH
334,2.2189248922715,9.842485045368562e-09,CPH
335,2.22675094802387,9.884643786201674e-09,CPH
336,2.22726173137611,9.926890905850687e-09,CPH
337,2.23908555235662,9.969166666744188e-09,CPH
338,2.24706810028177,1.0011451309975389e-08,CPH
339,2.25310485214393,1.0053777125763497e-08,CPH
340,2.25891759406075,1.0096107625304085e-08,CPH
341,2.26760690845549,1.0096107625304085e-08,CPH
342,2.26908775251859,1.0138461249661647e-08,CPH
343,2.27612219622481,1.0180820223758934e-08,CPH
344,2.27623722361916,1.0223156435252097e-08,CPH
345,2.27657804606249,1.0265520253754943e-08,CPH
346,2.27689433882092,1.0307927065338138e-08,CPH
347,2.28968130617257,1.0350350461466341e-08,CPH
348,2.29514049963904,1.0392817873878307e-08,CPH
349,2.3000707437486,1.043534776838434e-08,CPH
350,2.3045405074954,1.043534776838434e-08,CPH
351,2.31032885983586,1.043534776838434e-08,CPH
352,2.31100688630766,1.0478096686051927e-08,CPH
353,2.31356687626872,1.0520970892067071e-08,CPH
354,2.31790062094245,1.0563823531071342e-08,CPH
355,2.3322528037105,1.0606694499985068e-08,CPH
356,2.33639225929951,1.0649675659908316e-08,CPH
357,2.36939692545764,1.0692661235732546e-08,CPH
358,2.37001031684894,1.0735658519658448e-08,CPH
359,2.37731485250921,1.0778761154878992e-08,CPH
360,2.38343003701611,1.0821870800846806e-08,CPH
361,2.39740923300663,1.0865197156762234e-08,CPH
362,2.4028481952846,1.0865197156762234e-08,CPH
363,2.40305417776108,1.0865197156762234e-08,CPH
364,2.40651544287123,1.0908673058556e-08,CPH
365,2.4219494961349,1.0952131493164965e-08,CPH
366,2.43718789699199,1.0995614954066188e-08,CPH
367,2.44806119574467,1.103909859208125e-08,CPH
368,2.45033946767029,1.1082600027958634e-08,CPH
369,2.45732441358268,1.1082600027958634e-08,CPH
370,2.46057065175026,1.1126092493761764e-08,CPH
371,2.46671718290356,1.116965209915575e-08,CPH
372,2.47335679165225,1.1213213860742347e-08,CPH
373,2.47828455269337,1.1213213860742347e-08,CPH
374,2.48083036862738,1.1256818809416156e-08,CPH
375,2.49193074926734,1.1256818809416156e-08,CPH
376,2.5015018318757,1.1300563310750308e-08,CPH
377,2.50265046590601,1.1344267084916869e-08,CPH
378,2.50589241975181,1.138799310328025e-08,CPH
379,2.50744089460341,1.1431829778208995e-08,CPH
380,2.51778306516348,1.1475729385961942e-08,CPH
381,2.5283455979079,1.1475729385961942e-08,CPH
382,2.53335246312147,1.1519788945616207e-08,CPH
383,2.53426108666438,1.1563958553580345e-08,CPH
384,2.53992753485316,1.1608203178590621e-08,CPH
385,2.5517958831042,1.1608203178590621e-08,CPH
386,2.55691721737967,1.1652487533173414e-08,CPH
387,2.55750232436675,1.1696852076870359e-08,CPH
388,2.564756042475,1.1741215368103123e-08,CPH
389,2.56550257710442,1.1785587894246881e-08,CPH
390,2.58964015054787,1.1829944206768934e-08,CPH
391,2.59287058375776,1.1829944206768934e-08,CPH
392,2.59529455945133,1.1874402750416553e-08,CPH
393,2.60359208025556,1.1918903791723894e-08,CPH
394,2.60377540739934,1.1963515564318173e-08,CPH
395,2.60407090745866,1.1963515564318173e-08,CPH
396,2.6306764013774,1.2008165375735193e-08,CPH
397,2.63946509696784,1.2052783732644e-08,CPH
398,2.64112471416593,1.2052783732644e-08,CPH
399,2.65235692677644,1.2097488951119268e-08,CPH
400,2.66077593514509,1.2142256523782784e-08,CPH
401,2.67208913878262,1.2187057470507283e-08,CPH
402,2.67802939937716,1.2231852922330614e-08,CPH
403,2.67866032384336,1.2231852922330614e-08,CPH
404,2.6804754092893,1.2276901437013106e-08,CPH
405,2.68804426925457,1.2321957005148757e-08,CPH
406,2.68836697100394,1.2367016914788447e-08,CPH
407,2.69064907729626,1.2367016914788447e-08,CPH
408,2.69330165348947,1.2367016914788447e-08,CPH
409,2.69701147212322,1.2412244315875377e-08,CPH
410,2.70661386089202,1.2457459791364525e-08,CPH
411,2.72800486655707,1.2502680761139285e-08,CPH
412,2.74342799526714,1.2547925263517257e-08,CPH
413,2.74676981659423,1.2593239105272367e-08,CPH
414,2.75379360645542,1.2638710538409958e-08,CPH
415,2.7587429434061,1.2638710538409958e-08,CPH
416,2.76118036519497,1.2684284127444793e-08,CPH
417,2.76707657240331,1.2684284127444793e-08,CPH
418,2.76890431195133,1.27298681000335e-08,CPH
419,2.77193228976843,1.277544995462462e-08,CPH
420,2.77458248846233,1.277544995462462e-08,CPH
421,2.78277994048399,1.2821094204495912e-08,CPH
422,2.78901244376876,1.2866770694558531e-08,CPH
423,2.79639724967787,1.291248497656263e-08,CPH
424,2.80328439921141,1.291248497656263e-08,CPH
425,2.80656851846323,1.2958364804273911e-08,CPH
426,2.80710532329977,1.2958364804273911e-08,CPH
427,2.80850099600675,1.3004297323109516e-08,CPH
428,2.81844999962327,1.3050211470704268e-08,CPH
429,2.83857493210959,1.3096169168166852e-08,CPH
430,2.83943435354116,1.3142092514937076e-08,CPH
431,2.84453086355785,1.3188168918480826e-08,CPH
432,2.85117678247058,1.3234211105061133e-08,CPH
433,2.85137858055532,1.3234211105061133e-08,CPH
434,2.86110123703081,1.3280316063399827e-08,CPH
435,2.8751668398162,1.3326384201811686e-08,CPH
436,2.88616098372039,1.3372459474303407e-08,CPH
437,2.90296363496185,1.341856349534365e-08,CPH
438,2.90784788254877,1.346468482070827e-08,CPH
439,2.90941231884062,1.346468482070827e-08,CPH
440,2.91235943799422,1.3510857168196136e-08,CPH
441,2.92287127943715,1.3557019409768239e-08,CPH
442,2.92699960929864,1.360318086480207e-08,CPH
443,2.95554506778717,1.360318086480207e-08,CPH
444,2.96293710065747,1.364941215293859e-08,CPH
445,2.96360669816668,1.3695757715052561e-08,CPH
446,2.97158878730918,1.3742089585645541e-08,CPH
447,2.97798765436689,1.3788453348368369e-08,CPH
448,2.98738889878408,1.3834838347926541e-08,CPH
449,2.98777719059398,1.3881190014552876e-08,CPH
450,3.00192639610116,1.3927582559798293e-08,CPH
451,3.00643543354108,1.3973934766807304e-08,CPH
452,3.0082165350435,1.4020303039333942e-08,CPH
453,3.02149518239162,1.4066682423812792e-08,CPH
454,3.02404977634257,1.4113076915703112e-08,CPH
455,3.0322233904102,1.415969599864542e-08,CPH
456,3.04590552672744,1.415969599864542e-08,CPH
457,3.05402045782563,1.4206451346858852e-08,CPH
458,3.05744992218401,1.425323340345094e-08,CPH
459,3.06060513172205,1.4300043752194277e-08,CPH
460,3.06908849315764,1.4346964417178112e-08,CPH
461,3.0696346005608,1.4393935506337372e-08,CPH
462,3.07845193201463,1.4440931160484814e-08,CPH
463,3.0825277418596,1.4487969912198068e-08,CPH
464,3.09201936457735,1.453496829439499e-08,CPH
465,3.09857401996851,1.453496829439499e-08,CPH
466,3.1099898767585,1.4582173482923763e-08,CPH
467,3.11246803030372,1.4582173482923763e-08,CPH
468,3.11275216005743,1.4582173482923763e-08,CPH
469,3.12308205606574,1.4629764705435192e-08,CPH
470,3.13750295967969,1.4677353960903586e-08,CPH
471,3.16557076873517,1.47249981212591e-08,CPH
472,3.16954476770719,1.4772640886578696e-08,CPH
473,3.17420577666525,1.4820331273674813e-08,CPH
474,3.20086026191711,1.4820331273674813e-08,CPH
475,3.20572077486133,1.486817277639681e-08,CPH
476,3.20986954947334,1.4916007474245808e-08,CPH
477,3.21830248909187,1.4963848414622775e-08,CPH
478,3.21868892344065,1.5011728232204992e-08,CPH
479,3.23235344454756,1.505959982011392e-08,CPH
480,3.2362637912758,1.510748383948064e-08,CPH
481,3.24163795664287,1.5155369657159148e-08,CPH
482,3.2435986250639,1.5155369657159148e-08,CPH
483,3.24821085574347,1.520340772992425e-08,CPH
484,3.25123018280433,1.5251495146638874e-08,CPH
485,3.25230164567697,1.5299683356000592e-08,CPH
486,3.25233441777527,1.5299683356000592e-08,CPH
487,3.25375574784259,1.5347910861555867e-08,CPH
488,3.25691462264713,1.5396190852132822e-08,CPH
489,3.26557150959129,1.5444575404008455e-08,CPH
490,3.26636144517728,1.5492934957483195e-08,CPH
491,3.26831744188058,1.5541307658680668e-08,CPH
492,3.26851147130046,1.55898120079837e-08,CPH
493,3.27363025273606,1.5638312498341837e-08,CPH
494,3.27635398431406,1.568688587750156e-08,CPH
495,3.27840491407563,1.5735678444398303e-08,CPH
496,3.29017020260993,1.5784438319039782e-08,CPH
497,3.29553216198944,1.5833201288687938e-08,CPH
498,3.30111664499941,1.58820120602281e-08,CPH
499,3.30965639892477,1.593080854981348e-08,CPH
500,3.31690754514953,1.5979639551501394e-08,CPH
501,3.31698757821923,1.6028470001988592e-08,CPH
502,3.32188909045518,1.60772828689079e-08,CPH
503,3.32240844992919,1.6126093857116075e-08,CPH
504,3.32817737842495,1.617491017322392e-08,CPH
505,3.33200707968609,1.6223746011091872e-08,CPH
506,3.33868847808653,1.6272720633234158e-08,CPH
507,3.34835462830961,1.6272720633234158e-08,CPH
508,3.35045515051372,1.632174780404202e-08,CPH
509,3.37359469538692,1.6370778233598786e-08,CPH
510,3.3750624064854,1.6419865608224175e-08,CPH
511,3.39512654580223,1.6468991913812003e-08,CPH
512,3.39545369226105,1.651811968047642e-08,CPH
513,3.40679829872287,1.6567228300480414e-08,CPH
514,3.40982409933774,1.6616360314696563e-08,CPH
515,3.42603716742755,1.66657417379321e-08,CPH
516,3.42947459481779,1.671524143187406e-08,CPH
517,3.43655299237294,1.6764805643949975e-08,CPH
518,3.4411656884656,1.6814354856622374e-08,CPH
519,3.45066099856495,1.6863884137086357e-08,CPH
520,3.45536652081105,1.6913378036375048e-08,CPH
521,3.48521771281958,1.6913378036375048e-08,CPH
522,3.48674888933397,1.696300466739779e-08,CPH
523,3.50222503237141,1.7012643478865322e-08,CPH
524,3.50292431505795,1.706228467062203e-08,CPH
525,3.52396136601714,1.7111998893503167e-08,CPH
526,3.52589963913885,1.7161731298869347e-08,CPH
527,3.52761213455783,1.7211507770435428e-08,CPH
528,3.5281370038527,1.7261321782584624e-08,CPH
529,3.53620910458267,1.7261321782584624e-08,CPH
530,3.53973091385476,1.7311422747469248e-08,CPH
531,3.54277878042336,1.736162937668263e-08,CPH
532,3.55493194137106,1.7411821332539242e-08,CPH
533,3.57007383741438,1.7411821332539242e-08,CPH
534,3.57148722995993,1.7462100845384254e-08,CPH
535,3.57192978523555,1.7512390815205688e-08,CPH
536,3.58766975100078,1.756261972717077e-08,CPH
537,3.59714105700424,1.7613219312740053e-08,CPH
538,3.6075614625685,1.7663839724150827e-08,CPH
539,3.61012618542118,1.7714605341633355e-08,CPH
540,3.62008932926015,1.776551384233663e-08,CPH
541,3.622326633465,1.7816372276442614e-08,CPH
542,3.62653148174286,1.7816372276442614e-08,CPH
543,3.6297683129514,1.7867342163061486e-08,CPH
544,3.6339158424778,1.7918390328571347e-08,CPH
545,3.63983613891103,1.796941032024033e-08,CPH
546,3.6653549588322,1.8020523065320736e-08,CPH
547,3.66669137359448,1.8071676535497793e-08,CPH
548,3.66901749931276,1.8071676535497793e-08,CPH
549,3.69350600742126,1.812295479993193e-08,CPH
550,3.69702255580579,1.8174257795188916e-08,CPH
551,3.69745153403797,1.8225561436933753e-08,CPH
552,3.70224857768348,1.8276912266892906e-08,CPH
553,3.70901364907823,1.8328334319531997e-08,CPH
554,3.71071544301769,1.8379770685243483e-08,CPH
555,3.71330862188424,1.843134387590843e-08,CPH
556,3.71429354511201,1.843134387590843e-08,CPH
557,3.72551426039026,1.848302959251786e-08,CPH
558,3.72901494201162,1.8534835766528276e-08,CPH
559,3.73056331437936,1.8586761907156477e-08,CPH
560,3.73066633885427,1.8638736768483113e-08,CPH
561,3.73469349957603,1.869069501091274e-08,CPH
562,3.74525646660131,1.8742712824698378e-08,CPH
563,3.74895650265216,1.8794757178279914e-08,CPH
564,3.75073197661222,1.8846817297123482e-08,CPH
565,3.76511353604897,1.8898933248750635e-08,CPH
566,3.77116511813008,1.895100614139275e-08,CPH
567,3.77333633825979,1.9003093563088274e-08,CPH
568,3.7785194871118,1.905528612376632e-08,CPH
569,3.78895627156815,1.9107560873734788e-08,CPH
570,3.79483608117769,1.9159881180575975e-08,CPH
571,3.80581775066854,1.921240567788274e-08,CPH
572,3.82036300934851,1.921240567788274e-08,CPH
573,3.82788199769034,1.926505162124484e-08,CPH
574,3.84288405147985,1.9317757776328424e-08,CPH
575,3.85095839760359,1.9370480660810922e-08,CPH
576,3.85223834703842,1.942336914820144e-08,CPH
577,3.86161498369801,1.9476217272532025e-08,CPH
578,3.87828367301737,1.9529348502646385e-08,CPH
579,3.88096474375773,1.9582407840739036e-08,CPH
580,3.8854980246205,1.9635590263856593e-08,CPH
581,3.89134490135543,1.9688983900934464e-08,CPH
582,3.90921481768896,1.9742620373102603e-08,CPH
583,3.90968158035525,1.979621615342839e-08,CPH
584,3.91387493343565,1.984977004985162e-08,CPH
585,3.91689390739996,1.9903335982293952e-08,CPH
586,3.92001546232741,1.9956923683241617e-08,CPH
587,3.92804543604168,2.0010570310638016e-08,CPH
588,3.92857788492792,2.0064291227885662e-08,CPH
589,3.94925805759967,2.011801482606473e-08,CPH
590,3.97298938594759,2.011801482606473e-08,CPH
591,3.99638326100281,2.0171812479447022e-08,CPH
592,3.99742224253714,2.0171812479447022e-08,CPH
593,4.00387884005078,2.0225813187035067e-08,CPH
594,4.00805895030499,2.0225813187035067e-08,CPH
595,4.01107645549076,2.0279909896268598e-08,CPH
596,4.01997855999262,2.033405018158405e-08,CPH
597,4.02519737157187,2.0388155482540817e-08,CPH
598,4.05298748901278,2.044233002086708e-08,CPH
599,4.05678339391433,2.049658880484991e-08,CPH
600,4.07565869500513,2.055086234762491e-08,CPH
601,4.0869097583918,2.0605193837432114e-08,CPH
602,4.09246376826549,2.0659518579275853e-08,CPH
603,4.12925364992992,2.0714070326402203e-08,CPH
604,4.13114924063492,2.0768646899685778e-08,CPH
605,4.13629435050071,2.0823251304386727e-08,CPH
606,4.13716379638889,2.0877819508546785e-08,CPH
607,4.14282857322059,2.0932644634312268e-08,CPH
608,4.14407994788682,2.0987553021587798e-08,CPH
609,4.15115733055534,2.104258859221728e-08,CPH
610,4.15960710466297,2.1097692344720435e-08,CPH
611,4.16123431463182,2.1152823405651157e-08,CPH
612,4.16852861705873,2.1208022988217584e-08,CPH
613,4.17382838018239,2.1208022988217584e-08,CPH
614,4.17902561835945,2.1208022988217584e-08,CPH
615,4.20625233528393,2.1263399629118576e-08,CPH
616,4.21324677761304,2.1318776502890573e-08,CPH
617,4.21347926265428,2.137436654874218e-08,CPH
618,4.22194083827656,2.1430111737700495e-08,CPH
619,4.22523636929691,2.1430111737700495e-08,CPH
620,4.22564041027363,2.148594512190535e-08,CPH
621,4.23462436665152,2.1541943768670925e-08,CPH
622,4.24568914063275,2.1541943768670925e-08,CPH
623,4.27146836235065,2.159813421052794e-08,CPH
624,4.2908759628127,2.165437394883449e-08,CPH
625,4.2913876351142,2.1710743666640912e-08,CPH
626,4.30522249080241,2.1710743666640912e-08,CPH
627,4.33659723785242,2.1767537708777773e-08,CPH
628,4.33812539183375,2.1824282617571826e-08,CPH
629,4.33943628530388,2.1881094613246007e-08,CPH
630,4.35625563214807,2.1938030425778403e-08,CPH
631,4.35989199019969,2.1938030425778403e-08,CPH
632,4.35998953282157,2.199515171813036e-08,CPH
633,4.3709759053423,2.2052289553058083e-08,CPH
634,4.38720234284897,2.2109492138100623e-08,CPH
635,4.42307912372053,2.2109492138100623e-08,CPH
636,4.45924475563236,2.2166759771425763e-08,CPH
637,4.46637931629718,2.222427831904046e-08,CPH
638,4.46831515012301,2.2282122490197676e-08,CPH
639,4.47747071573892,2.2340052609510814e-08,CPH
640,4.48017974942923,2.2340052609510814e-08,CPH
641,4.48723694022497,2.239818297222515e-08,CPH
642,4.48731272108853,2.239818297222515e-08,CPH
643,4.49851417525839,2.2456637307919532e-08,CPH
644,4.52034926600754,2.2456637307919532e-08,CPH
645,4.55826609586272,2.2515235981480425e-08,CPH
646,4.55888280831277,2.2515235981480425e-08,CPH
647,4.58928468078375,2.2515235981480425e-08,CPH
648,4.58966371837193,2.257415082253693e-08,CPH
649,4.59818871176929,2.2633118477010594e-08,CPH
650,4.61497317440808,2.2633118477010594e-08,CPH
651,4.62171276672406,2.2692339318802285e-08,CPH
652,4.63584017090416,2.2751602173883443e-08,CPH
653,4.63744006637623,2.28109593078502e-08,CPH
654,4.64307490901376,2.287037079387881e-08,CPH
655,4.66647557183668,2.2930031491677573e-08,CPH
656,4.67627277333918,2.298964192578127e-08,CPH
657,4.68918936746312,2.3049361187354257e-08,CPH
658,4.695527485049,2.3109351117224593e-08,CPH
659,4.7037709216395,2.3169517091735415e-08,CPH
660,4.70508934282911,2.3229722709748528e-08,CPH
661,4.71108812444317,2.328999171723281e-08,CPH
662,4.71953248791397,2.328999171723281e-08,CPH
663,4.72507296188327,2.3350518432813673e-08,CPH
664,4.73037188928404,2.3411007979706053e-08,CPH
665,4.73268432078161,2.3471472917452077e-08,CPH
666,4.73395685758765,2.3531986669386326e-08,CPH
667,4.73438920142774,2.3592448488174516e-08,CPH
668,4.73681285329106,2.3652866887520285e-08,CPH
669,4.74766505671677,2.371333634382726e-08,CPH
670,4.76543727059794,2.377387126193388e-08,CPH
671,4.77020204290362,2.383444850603679e-08,CPH
672,4.79861317387603,2.389517129330806e-08,CPH
673,4.7997665219742,2.3955936724353154e-08,CPH
674,4.8083583198506,2.401678697199891e-08,CPH
675,4.84211212769151,2.401678697199891e-08,CPH
676,4.84705322844011,2.4077924819478196e-08,CPH
677,4.84732600226935,2.413923409480272e-08,CPH
678,4.85018008366588,2.4200517723445336e-08,CPH
679,4.85296487123185,2.4261883638367077e-08,CPH
680,4.85361681418235,2.4323423618379875e-08,CPH
681,4.86652717236273,2.438508048601916e-08,CPH
682,4.8791049920983,2.444699262858137e-08,CPH
683,4.88098310865462,2.444699262858137e-08,CPH
684,4.88238667994712,2.4509542695613488e-08,CPH
685,4.89404593243228,2.457203079025667e-08,CPH
686,4.90671302196823,2.4634611034300318e-08,CPH
687,4.91377297100107,2.4697486676184902e-08,CPH
688,4.92082589846249,2.4760451465354977e-08,CPH
689,4.92150365374982,2.4760451465354977e-08,CPH
690,4.94130988066072,2.4824157111989298e-08,CPH
691,4.95686543360353,2.4824157111989298e-08,CPH
692,4.95849447106804,2.4888545777557395e-08,CPH
693,4.97597414063501,2.495334861018491e-08,CPH
694,4.98637807888044,2.5018532289102797e-08,CPH
695,4.99620651081204,2.5018532289102797e-08,CPH
696,4.99865055210694,2.5084206610048466e-08,CPH
697,5.003684758831,2.5149932079593143e-08,CPH
698,5.00478031694697,2.521559373194235e-08,CPH
699,5.00989405110567,2.528126138874112e-08,CPH
700,5.02893478050828,2.528126138874112e-08,CPH
701,5.0353108830227,2.534734756634921e-08,CPH
702,5.0372904650867,2.534734756634921e-08,CPH
703,5.05496928468347,2.534734756634921e-08,CPH
704,5.06316793806316,2.5414103469691676e-08,CPH
705,5.0858861839538,2.548087872831235e-08,CPH
706,5.08796166814864,2.548087872831235e-08,CPH
707,5.08964684142805,2.5547884300599004e-08,CPH
708,5.09540575298813,2.5614886683848822e-08,CPH
709,5.09814012050629,2.5614886683848822e-08,CPH
710,5.12603438459337,2.5614886683848822e-08,CPH
711,5.13485665395011,2.5682453118509554e-08,CPH
712,5.1357625029997,2.5750073103757998e-08,CPH
713,5.13939847732836,2.58177756092449e-08,CPH
714,5.15048719380452,2.5885713830711786e-08,CPH
715,5.15082081787689,2.59538445980445e-08,CPH
716,5.15745987743139,2.59538445980445e-08,CPH
717,5.16004171379573,2.6022597949706547e-08,CPH
718,5.1610409721969,2.609134990467995e-08,CPH
719,5.16471202932115,2.6160680541983824e-08,CPH
720,5.19286331597463,2.6229996010979118e-08,CPH
721,5.19600239396095,2.6229996010979118e-08,CPH
722,5.20187274072012,2.6299549239600622e-08,CPH
723,5.2111550747272,2.6369148910422478e-08,CPH
724,5.22334370025356,2.643887021198343e-08,CPH
725,5.22735799274219,2.6508799741292853e-08,CPH
726,5.24592371668809,2.6578752348268286e-08,CPH
727,5.25489659441941,2.6649156768310198e-08,CPH
728,5.2628740928861,2.6719692699195812e-08,CPH
729,5.26693733477435,2.679049790666593e-08,CPH
730,5.2715078550613,2.686133501043971e-08,CPH
731,5.27637982590846,2.6932138831007005e-08,CPH
732,5.29954039880994,2.7003155090475732e-08,CPH
733,5.31338365881353,2.707422139648313e-08,CPH
734,5.31727264092667,2.7145334002999856e-08,CPH
735,5.33482144271962,2.721642896999982e-08,CPH
736,5.34964457601605,2.7287535885215958e-08,CPH
737,5.35339018511472,2.7358715309406517e-08,CPH
738,5.36007611225556,2.743005374350022e-08,CPH
739,5.36126324638005,2.7501349583278658e-08,CPH
740,5.36557426391902,2.7572707763161363e-08,CPH
741,5.36788394723392,2.7644409575151962e-08,CPH
742,5.37273529275458,2.7716011841316575e-08,CPH
743,5.37867736645421,2.7787699260018492e-08,CPH
744,5.38331521689603,2.785938964328768e-08,CPH
745,5.40597756494548,2.793150996711738e-08,CPH
746,5.4370482786405,2.8004274251573373e-08,CPH
747,5.45721471123397,2.8004274251573373e-08,CPH
748,5.46744592892066,2.8077175714699025e-08,CPH
749,5.46830875688309,2.8150050148060856e-08,CPH
750,5.46953123350761,2.822305025910884e-08,CPH
751,5.47108697891281,2.829614027665972e-08,CPH
752,5.4716527054617,2.8369107476134533e-08,CPH
753,5.47337947037642,2.8442288602218482e-08,CPH
754,5.48867716267705,2.8442288602218482e-08,CPH
755,5.51550450247146,2.8515737762695704e-08,CPH
756,5.53543150850649,2.8589272500880085e-08,CPH
757,5.55178723295856,2.866281175731104e-08,CPH
758,5.55980378728549,2.8736593164790786e-08,CPH
759,5.56075886326289,2.8810829342806725e-08,CPH
760,5.56197511594257,2.888543500390452e-08,CPH
761,5.57957509160042,2.888543500390452e-08,CPH
762,5.58395562549269,2.896046062997916e-08,CPH
763,5.5912315017914,2.9035636153026778e-08,CPH
764,5.62950690127443,2.911100065760903e-08,CPH
765,5.63128148064414,2.9186523783858486e-08,CPH
766,5.65811397749479,2.9262060138168167e-08,CPH
767,5.69984228196615,2.9337986089211783e-08,CPH
768,5.71083063063219,2.9414362531531e-08,CPH
769,5.71196939800495,2.9490699568885928e-08,CPH
770,5.71886986121535,2.9490699568885928e-08,CPH
771,5.7267855969892,2.956774162092769e-08,CPH
772,5.7346875973293,2.964500284973001e-08,CPH
773,5.7494796632698,2.9722410268908898e-08,CPH
774,5.75233172325707,2.9799831220153228e-08,CPH
775,5.75253804623488,2.98772998902155e-08,CPH
776,5.77427515266973,2.995485635057799e-08,CPH
777,5.77478690507387,3.003229528180978e-08,CPH
778,5.78117961159277,3.0109848211319144e-08,CPH
779,5.79630183103088,3.018773570653253e-08,CPH
780,5.80377625348887,3.026552941986261e-08,CPH
781,5.81489712069353,3.03435670110832e-08,CPH
782,5.81986510567367,3.03435670110832e-08,CPH
783,5.84582159123337,3.042264907998341e-08,CPH
784,5.84738511286231,3.050201943042758e-08,CPH
785,5.85527802844829,3.058167410200137e-08,CPH
786,5.87324452296736,3.066159527668601e-08,CPH
787,5.89113971338516,3.074155036028911e-08,CPH
788,5.89302214518417,3.082164860683531e-08,CPH
789,5.89442072014577,3.09017074314748e-08,CPH
790,5.89950755144332,3.098188027267938e-08,CPH
791,5.90555253598276,3.1062245746373047e-08,CPH
792,5.91602926701307,3.1062245746373047e-08,CPH
793,5.93027390558291,3.1143258944479475e-08,CPH
794,5.97333370782835,3.122466797712747e-08,CPH
795,5.98201801710554,3.1306014216691476e-08,CPH
796,5.9939760447748,3.138735618742654e-08,CPH
797,6.00771788880229,3.138735618742654e-08,CPH
798,6.01757072098553,3.138735618742654e-08,CPH
799,6.02912266260985,3.14701404387092e-08,CPH
800,6.08629401476413,3.1552998873890784e-08,CPH
801,6.09137321489296,3.163633909901492e-08,CPH
802,6.11359222217479,3.172008252393082e-08,CPH
803,6.1184488329257,3.180371143397153e-08,CPH
804,6.12416899992365,3.188774211120897e-08,CPH
805,6.13644726756378,3.197207247219802e-08,CPH
806,6.13707985188073,3.205677090452524e-08,CPH
807,6.14081538618461,3.214152933258152e-08,CPH
808,6.1490255432642,3.222710164701114e-08,CPH
809,6.15993711844086,3.231260997251532e-08,CPH
810,6.16825046872938,3.2398257538769245e-08,CPH
811,6.17832705102362,3.248386257267085e-08,CPH
812,6.18496653265547,3.2569703454980235e-08,CPH
813,6.19741313295874,3.265565748181132e-08,CPH
814,6.24029510052026,3.27419638477007e-08,CPH
815,6.28075306767832,3.2828860060453506e-08,CPH
816,6.28102850361412,3.291662783886484e-08,CPH
817,6.28761645277282,3.300434813188134e-08,CPH
818,6.29575816337615,3.309211538597545e-08,CPH
819,6.29990828795586,3.3180388098730803e-08,CPH
820,6.4031994882073,3.326886546535753e-08,CPH
821,6.40915586820647,3.3357794354698224e-08,CPH
822,6.44216877658556,3.3446687788394826e-08,CPH
823,6.47091512428786,3.353570417756156e-08,CPH
824,6.49784136480032,3.362489557444796e-08,CPH
825,6.49970849886553,3.371396780780155e-08,CPH
826,6.50140164233744,3.371396780780155e-08,CPH
827,6.5341148773956,3.3803600945124426e-08,CPH
828,6.54795023130177,3.389324583666481e-08,CPH
829,6.56136716567597,3.3983049628558923e-08,CPH
830,6.56871214557701,3.407304741586991e-08,CPH
831,6.59091419815736,3.4164231778513076e-08,CPH
832,6.60831908779913,3.425561122760339e-08,CPH
833,6.61498148544164,3.43474175831157e-08,CPH
834,6.63083987355303,3.443968953903054e-08,CPH
835,6.64879664933105,3.453205827485731e-08,CPH
836,6.73049822822213,3.453205827485731e-08,CPH
837,6.73580198147155,3.4625679653233505e-08,CPH
838,6.74185948595456,3.472013257054172e-08,CPH
839,6.74648609656928,3.4815237198791324e-08,CPH
840,6.77529188990593,3.4815237198791324e-08,CPH
841,6.7857230584156,3.4911360687503645e-08,CPH
842,6.84507265806128,3.500826247431316e-08,CPH
843,6.86643968243468,3.5105213844306984e-08,CPH
844,6.88710730251405,3.520271958827326e-08,CPH
845,6.91382804347394,3.5300930428122576e-08,CPH
846,6.9170674290508,3.5300930428122576e-08,CPH
847,6.91764966787472,3.5399746266500095e-08,CPH
848,6.93758111447096,3.5399746266500095e-08,CPH
849,6.94010026829794,3.549999424915396e-08,CPH
850,6.9598246837838,3.560066353863934e-08,CPH
851,7.01247600953461,3.570120950249522e-08,CPH
852,7.01737448463753,3.5801783899150976e-08,CPH
853,7.04397852159373,3.590304329776729e-08,CPH
854,7.04404453584456,3.600517800236214e-08,CPH
855,7.06831670673362,3.61071540530387e-08,CPH
856,7.0822949681916,3.620920420212155e-08,CPH
857,7.101277627857,3.631139937053279e-08,CPH
858,7.13652340653379,3.641449436923139e-08,CPH
859,7.14375347975558,3.651804770422802e-08,CPH
860,7.15584704082466,3.6622300751794454e-08,CPH
861,7.1756229903549,3.6622300751794454e-08,CPH
862,7.19887927928405,3.672700763937339e-08,CPH
863,7.21538791318549,3.683191111340494e-08,CPH
864,7.26355879399051,3.6937558077219515e-08,CPH
865,7.30054186354897,3.704349795696637e-08,CPH
866,7.3483718133395,3.715051565233831e-08,CPH
867,7.3954399752243,3.725745454953901e-08,CPH
868,7.40893983015315,3.7364474595783283e-08,CPH
869,7.4460950572643,3.7472246857093236e-08,CPH
870,7.46057993628063,3.7580256971470715e-08,CPH
871,7.51031693701272,3.7688673028704894e-08,CPH
872,7.52752828248914,3.779698210230757e-08,CPH
873,7.535576367939,3.790620729602369e-08,CPH
874,7.55623599798092,3.801560071207131e-08,CPH
875,7.58106368669594,3.8124747932487574e-08,CPH
876,7.61291845701635,3.8124747932487574e-08,CPH
877,7.63022524799366,3.823503822504518e-08,CPH
878,7.65515305603891,3.834641877082313e-08,CPH
879,7.67291584991982,3.845830110573796e-08,CPH
880,7.68873320706189,3.845830110573796e-08,CPH
881,7.73329020506209,3.857158472685571e-08,CPH
882,7.75854758505805,3.868560365131684e-08,CPH
883,7.75876567727879,3.879964520693849e-08,CPH
884,7.78720896318555,3.879964520693849e-08,CPH
885,7.84620078205422,3.891581738527298e-08,CPH
886,7.85078164784625,3.903460996049086e-08,CPH
887,7.86288488812606,3.915363736406776e-08,CPH
888,7.88171380369445,3.927328272735481e-08,CPH
889,7.88600254431367,3.927328272735481e-08,CPH
890,7.94275815973872,3.9394450675766386e-08,CPH
891,7.95313670263247,3.9515735621650754e-08,CPH
892,7.98950747911866,3.9638459741237346e-08,CPH
893,8.04780533351004,3.9638459741237346e-08,CPH
894,8.14372784593653,3.976380371479408e-08,CPH
895,8.20374610508679,3.988980966512382e-08,CPH
896,8.21546328440309,3.988980966512382e-08,CPH
897,8.21976480548049,4.0018350521656934e-08,CPH
898,8.22200530934169,4.0148089186989076e-08,CPH
899,8.27601316985856,4.0278455984508275e-08,CPH
900,8.27683533857042,4.040981523809335e-08,CPH
901,8.32475594404151,4.054326115589121e-08,CPH
902,8.37037274734592,4.067693636356483e-08,CPH
903,8.39380779607549,4.081136474648589e-08,CPH
904,8.42040493251834,4.094812706132143e-08,CPH
905,8.43540724553168,4.094812706132143e-08,CPH
906,8.48846813200406,4.108857201479978e-08,CPH
907,8.55166937615429,4.122978993201775e-08,CPH
908,8.65674143956845,4.1371669264359266e-08,CPH
909,8.72170456915552,4.151434039042941e-08,CPH
910,8.72986219581443,4.165807062776783e-08,CPH
911,8.73027008178146,4.180186621792721e-08,CPH
912,8.86964280198267,4.19468815743569e-08,CPH
913,8.92058542174505,4.209266015819518e-08,CPH
914,8.95918185928162,4.223886841643243e-08,CPH
915,8.98607210784178,4.2386091137053014e-08,CPH
916,9.05368655691545,4.2535161856275405e-08,CPH
917,9.0736466932451,4.2685959081842606e-08,CPH
918,9.10997360385954,4.2685959081842606e-08,CPH
919,9.183375030756,4.2685959081842606e-08,CPH
920,9.20420520566404,4.2685959081842606e-08,CPH
921,9.23168856751767,4.284436031441119e-08,CPH
922,9.25922189318882,4.300525470163164e-08,CPH
923,9.30690632898367,4.3166849912662695e-08,CPH
924,9.3983144210833,4.333215861884861e-08,CPH
925,9.45595202616041,4.349704929438735e-08,CPH
926,9.48600392513905,4.366411305035266e-08,CPH
927,9.48970714017686,4.383067129357305e-08,CPH
928,9.5023004680687,4.39982487883034e-08,CPH
929,9.52476785415628,4.416573420941143e-08,CPH
930,9.67435323446989,4.416573420941143e-08,CPH
931,9.81687567458581,4.434181539908325e-08,CPH
932,9.82471189670954,4.4516664210274724e-08,CPH
933,9.95780661708254,4.4696833797279115e-08,CPH
934,9.98540883511305,4.4696833797279115e-08,CPH
935,10.0737168239109,4.4883826268463107e-08,CPH
936,10.3129795342684,4.4883826268463107e-08,CPH
937,10.3519129827619,4.4883826268463107e-08,CPH
938,10.3764874141346,4.5078242299073714e-08,CPH
939,10.5617555630239,4.527499860119617e-08,CPH
940,10.8162586843469,4.54743563925856e-08,CPH
941,10.8425799934797,4.5673175673383994e-08,CPH
942,10.865115204826,4.5673175673383994e-08,CPH
943,10.9011935704685,4.5878239843862684e-08,CPH
944,11.0798756111048,4.608437226314174e-08,CPH
945,11.2584422952517,4.6291420968750783e-08,CPH
946,11.3649638872594,4.6291420968750783e-08,CPH
947,11.4194107978418,4.6509546526615e-08,CPH
948,11.4575676366221,4.6509546526615e-08,CPH
949,11.4892254725564,4.6509546526615e-08,CPH
950,11.5250643985346,4.6509546526615e-08,CPH
951,11.5615043186117,4.6509546526615e-08,CPH
952,11.7281148538459,4.6509546526615e-08,CPH
953,11.7317900144398,4.6781792760751546e-08,CPH
954,11.9182470734231,4.6781792760751546e-08,CPH
955,12.010796307819,4.6781792760751546e-08,CPH
956,12.0238768101371,4.7075602989357805e-08,CPH
957,12.1850355081731,4.736831384066314e-08,CPH
958,12.4512372517493,4.736831384066314e-08,CPH
959,12.6115408300214,4.7673086439109226e-08,CPH
960,12.6345738666132,4.7673086439109226e-08,CPH
961,12.8686739599798,4.7673086439109226e-08,CPH
962,12.9969235817742,4.8025380345576396e-08,CPH
963,13.3125942740589,4.8025380345576396e-08,CPH
964,13.3452660292263,4.8398767819048644e-08,CPH
965,13.3506638305545,4.8779495799743454e-08,CPH
966,13.4321202293504,4.8779495799743454e-08,CPH
967,13.5346113648266,4.8779495799743454e-08,CPH
968,13.826400307535,4.9268536566778915e-08,CPH
969,13.9078525106888,4.9268536566778915e-08,CPH
970,14.1115794950165,4.9268536566778915e-08,CPH
971,14.2836984840969,4.98717786341928e-08,CPH
972,14.7670324917417,4.98717786341928e-08,CPH
973,14.8086378073785,4.98717786341928e-08,CPH
974,14.8465960804495,5.064225929192039e-08,CPH
975,15.2008859605994,5.064225929192039e-08,CPH
976,15.2896594561171,5.064225929192039e-08,CPH
977,15.5071244973224,5.064225929192039e-08,CPH
978,15.8893409362063,5.064225929192039e-08,CPH
