,time,correlation,label
0,0.180074567003756,0.9978727480728375,RSF
1,0.283422913535228,0.9987159579704218,RSF
2,0.324556741623051,0.9992545271929801,RSF
3,0.336398752474155,0.9988656605453251,RSF
4,0.352174695541912,0.9986639949621616,RSF
5,0.405693442812799,0.9982384083590182,RSF
6,0.411972233447546,0.998197745477148,RSF
7,0.433445033800847,0.997065686335024,RSF
8,0.493042347146959,0.9973725785546252,RSF
9,0.50057985579867,0.9977287726808074,RSF
10,0.51175669692764,0.9975337833124966,RSF
11,0.513758398945257,0.9979296791139485,RSF
12,0.524648558856018,0.997932160030716,RSF
13,0.527740934054233,0.9980059805473578,RSF
14,0.52826306260318,0.9977592826818589,RSF
15,0.531326812736871,0.9981608786175911,RSF
16,0.559662049705611,0.9977926449324124,RSF
17,0.564427278479615,0.9981559552597215,RSF
18,0.565401553289127,0.9982298855165367,RSF
19,0.593554021122667,0.9985549238956516,RSF
20,0.622227013340826,0.9987632233518242,RSF
21,0.628150924535649,0.9987561676236518,RSF
22,0.629388545509857,0.9987628400246105,RSF
23,0.645145921545308,0.9985380664278836,RSF
24,0.660448914842066,0.9986736107361023,RSF
25,0.666314918952493,0.9986918347872488,RSF
26,0.669807551108214,0.9987140583548271,RSF
27,0.673077158342133,0.9987345637720844,RSF
28,0.675581145206025,0.998756735707714,RSF
29,0.681114471102408,0.9987221126736785,RSF
30,0.690431304907423,0.9987053943187455,RSF
31,0.691579928371475,0.998774335230968,RSF
32,0.693993212449704,0.9984802525379466,RSF
33,0.701681808364982,0.9985082666277775,RSF
34,0.707218485688535,0.9981487131324792,RSF
35,0.709029748069422,0.998155440124613,RSF
36,0.729751629294401,0.9979616476364739,RSF
37,0.753207775131579,0.9979680127046066,RSF
38,0.757188846378376,0.9979442731017856,RSF
39,0.769120963213188,0.9981287708307109,RSF
40,0.772912469869041,0.9980373228524899,RSF
41,0.779224790086187,0.9981847872667045,RSF
42,0.805360880691973,0.9982791515826629,RSF
43,0.807391038412197,0.9983657940440265,RSF
44,0.808926810575296,0.9982329284262736,RSF
45,0.838033489526914,0.9982309930922536,RSF
46,0.838352221657351,0.9981005990684341,RSF
47,0.840841609820294,0.9981668125472882,RSF
48,0.843774462311598,0.9979904299814258,RSF
49,0.850713612356601,0.9981840860481407,RSF
50,0.860916753184958,0.9981626166059457,RSF
51,0.865582797128678,0.9981627136856209,RSF
52,0.872932813581013,0.9982375399025718,RSF
53,0.883421029331643,0.9981897243463617,RSF
54,0.88494696541528,0.998314868950548,RSF
55,0.885600835782082,0.9980712270725739,RSF
56,0.89008843738443,0.9982428155110229,RSF
57,0.899638558506461,0.9982984086605309,RSF
58,0.912329618436639,0.9983423225802622,RSF
59,0.917938281018223,0.9983059821655119,RSF
60,0.918401178547878,0.9981275472368486,RSF
61,0.919862211014396,0.9979676434811697,RSF
62,0.92472604940339,0.9980674079802089,RSF
63,0.956083888789124,0.998175487957279,RSF
64,0.958053628033889,0.9981584305711185,RSF
65,0.968010214735821,0.9981904142794437,RSF
66,0.970687201974573,0.9981825574718772,RSF
67,0.972664850528062,0.9983781753896147,RSF
68,0.974971918566113,0.9983172346882745,RSF
69,0.987280147556766,0.9981441411786484,RSF
70,0.987585925889139,0.9981794140627253,RSF
71,0.992340990150594,0.9982259411982739,RSF
72,0.995477923592262,0.9982862004398538,RSF
73,0.997804011870985,0.9983748024132142,RSF
74,1.00206833128152,0.9984380390523692,RSF
75,1.00217173707292,0.998476829479634,RSF
76,1.00765139078232,0.9985318154833687,RSF
77,1.03324234171615,0.9985716898996128,RSF
78,1.04068952325379,0.9985787899374402,RSF
79,1.04284855507898,0.998503489165139,RSF
80,1.05339388312384,0.9983579582113989,RSF
81,1.05566055175661,0.9982569524064551,RSF
82,1.05625372530215,0.9979656854297023,RSF
83,1.05697716141991,0.9978280953111169,RSF
84,1.06620989929132,0.9977185905925328,RSF
85,1.06778695686967,0.9977543481194074,RSF
86,1.0754346736579,0.9976483177386914,RSF
87,1.07883284388065,0.9971561001572025,RSF
88,1.08599389725859,0.9975770898004351,RSF
89,1.09519588662008,0.997660777131324,RSF
90,1.10849035722399,0.9977440311889106,RSF
91,1.1118616940762,0.9977983195515016,RSF
92,1.11268509507359,0.9975918438486383,RSF
93,1.11386741915419,0.9975270546971557,RSF
94,1.13302332259732,0.9974146380574336,RSF
95,1.14447309957941,0.9972507286622305,RSF
96,1.14487965098728,0.9971263136950781,RSF
97,1.153935859045,0.9946435985859831,RSF
98,1.17069179000821,0.9954624128534253,RSF
99,1.17458157907532,0.9946867152256313,RSF
100,1.17643685372244,0.994164989267612,RSF
101,1.17856180877454,0.9943268942952467,RSF
102,1.17956904313096,0.994233590819836,RSF
103,1.18138265512286,0.9955676383764176,RSF
104,1.19448400643987,0.9922632083305426,RSF
105,1.20952715446988,0.994687413517317,RSF
106,1.2096335492604,0.9953370586661855,RSF
107,1.21069468561911,0.9962204379951527,RSF
108,1.22135232606218,0.9969901659864481,RSF
109,1.22801729222841,0.9965938083011652,RSF
110,1.22853780024416,0.9970723214657169,RSF
111,1.22873839182513,0.9971449536097794,RSF
112,1.22957065112776,0.9970064063286378,RSF
113,1.23995319864241,0.9970742226322489,RSF
114,1.24479405675509,0.9968849955882149,RSF
115,1.24943812842896,0.9964913465879355,RSF
116,1.254250308147,0.9967286046428809,RSF
117,1.25444982779633,0.9969923808761281,RSF
118,1.27695368303776,0.9972699504957006,RSF
119,1.28531428518031,0.9972668661692639,RSF
120,1.28966363960842,0.997766067129126,RSF
121,1.29013844049741,0.9978222220513465,RSF
122,1.29019953282559,0.9978075726613537,RSF
123,1.2974875749724,0.9977878854786016,RSF
124,1.30111498048947,0.9977398504016745,RSF
125,1.30447371191119,0.997936218647552,RSF
126,1.31531594624066,0.998073268167711,RSF
127,1.33213840544272,0.9981209674213861,RSF
128,1.34259922334381,0.9981786949862138,RSF
129,1.34597955569664,0.9981512949949003,RSF
130,1.34713175770701,0.9982971398752087,RSF
131,1.34724892919921,0.9982743995146413,RSF
132,1.35360157819189,0.9982254869861381,RSF
133,1.35597652698993,0.9982207908475704,RSF
134,1.36468007661876,0.9982465472668137,RSF
135,1.36788631505313,0.9982467796033828,RSF
136,1.36821316354455,0.9982866288793698,RSF
137,1.37011244233315,0.9982930576629339,RSF
138,1.38816200945553,0.9982423611462923,RSF
139,1.392515392263,0.9984930151308347,RSF
140,1.41042183517332,0.998528884675317,RSF
141,1.41119677613214,0.9985222078455541,RSF
142,1.41514237222544,0.9985685476451271,RSF
143,1.42164194986141,0.9985098604554453,RSF
144,1.42844883027701,0.9984317357488605,RSF
145,1.43793442783383,0.9985644325215219,RSF
146,1.47534159897559,0.9985641998569882,RSF
147,1.47834396811336,0.9985617646979974,RSF
148,1.4807869119727,0.998527203480646,RSF
149,1.49776082994757,0.9985085032386622,RSF
150,1.505447685052,0.9984567593474349,RSF
151,1.51254068616101,0.9984459393910176,RSF
152,1.51885552832702,0.9984424084612564,RSF
153,1.53350394127829,0.9984542925307178,RSF
154,1.53660713664907,0.9984657886361713,RSF
155,1.54516002014115,0.9982282426162055,RSF
156,1.56233883133828,0.9983321495181464,RSF
157,1.57126075243249,0.9983431669395114,RSF
158,1.57790426692075,0.9982326274949825,RSF
159,1.58168454436807,0.9982024268539259,RSF
160,1.58358223138937,0.9981559919627708,RSF
161,1.59163512144441,0.9981139274447222,RSF
162,1.61133199013851,0.9972593058260074,RSF
163,1.6179212422239,0.9979159354532278,RSF
164,1.63136338849993,0.9978962462421203,RSF
165,1.63579151158706,0.9980743098225096,RSF
166,1.63700285076977,0.9979066191489635,RSF
167,1.63824001750645,0.998247780775916,RSF
168,1.6439636679517,0.998304646336493,RSF
169,1.67379889056326,0.9984172182523927,RSF
170,1.68622841705614,0.9984250701875094,RSF
171,1.69438318368488,0.9984065689735032,RSF
172,1.69583087350244,0.9984398666420847,RSF
173,1.71600410604849,0.9985181515938495,RSF
174,1.71836231987224,0.9984727663115227,RSF
175,1.7249601670727,0.9984782539833557,RSF
176,1.72667401853485,0.9984281578934577,RSF
177,1.73330333414404,0.9984353819425847,RSF
178,1.73620003401099,0.9985136377141832,RSF
179,1.74912460596536,0.9985034864833621,RSF
180,1.75028628104459,0.9986171904652316,RSF
181,1.76153587854102,0.9986009839774256,RSF
182,1.76289348502758,0.998597207034942,RSF
183,1.76709757655966,0.9985986202142217,RSF
184,1.78168904173019,0.9986041597531743,RSF
185,1.78857908360397,0.9986351208901141,RSF
186,1.79267790470917,0.9986558209327844,RSF
187,1.80330427076389,0.9986577823092885,RSF
188,1.81039617852772,0.9986735900453411,RSF
189,1.81733168480121,0.9987223881430537,RSF
190,1.82376702764973,0.9987234813239207,RSF
191,1.83549470603828,0.9987184379860914,RSF
192,1.86689015833401,0.9986764703047275,RSF
193,1.86783152733285,0.9987645246747567,RSF
194,1.88949771399778,0.9987858802919962,RSF
195,1.88978655750616,0.9987984262179227,RSF
196,1.89909373287509,0.998729976915366,RSF
197,1.90086821368076,0.9987334941076845,RSF
198,1.92519906906572,0.9987355117632996,RSF
199,1.92945486889296,0.9987247693760896,RSF
200,1.93282745025454,0.9987184908731985,RSF
201,1.93900302466067,0.9987067641391077,RSF
202,1.96330073521519,0.9987470410314376,RSF
203,1.96355423210312,0.9987601898266065,RSF
204,1.97553621466005,0.9987648677657428,RSF
205,1.98001653612513,0.9988310568689887,RSF
206,1.98546856144668,0.9988165560476192,RSF
207,1.99002952476797,0.9989022527147999,RSF
208,2.01088874297261,0.998899699988105,RSF
209,2.01576475063996,0.9988835624566507,RSF
210,2.01744751313666,0.9989172734232742,RSF
211,2.05112899962559,0.9989138040119162,RSF
212,2.0591609662725,0.9988884027829852,RSF
213,2.06743648413177,0.9989067581513539,RSF
214,2.08210969947763,0.998919251321927,RSF
215,2.09597117735657,0.9989093169334593,RSF
216,2.1134259072419,0.9988515401776215,RSF
217,2.12788864782015,0.9988334411102074,RSF
218,2.13351857428298,0.9988206551189494,RSF
219,2.13628124755162,0.9988112204106114,RSF
220,2.13879167293132,0.9987447259676715,RSF
221,2.1454688650393,0.9986973490779274,RSF
222,2.1571901671905,0.9987162901934769,RSF
223,2.15821795238545,0.9986948028612386,RSF
224,2.19629417285889,0.9986901971193046,RSF
225,2.20006711942385,0.998679738895042,RSF
226,2.20815972903703,0.9986529499518007,RSF
227,2.21762216571424,0.9986966344364229,RSF
228,2.21822404722538,0.9986762912545937,RSF
229,2.21992290632638,0.9986678496872387,RSF
230,2.22098728228592,0.9987101180838929,RSF
231,2.22890444893712,0.998723755833463,RSF
232,2.23252794016953,0.9987386354967834,RSF
233,2.25538965521948,0.9987466830723704,RSF
234,2.25679393169048,0.9986944026983597,RSF
235,2.26022710979037,0.9987282128947376,RSF
236,2.26247286744367,0.9987015823457014,RSF
237,2.27569894025347,0.9987404852900669,RSF
238,2.28278909329405,0.9987805454807831,RSF
239,2.28913074471116,0.9987944684687359,RSF
240,2.30850227239537,0.9987953756761918,RSF
241,2.31219341139589,0.9987902561134678,RSF
242,2.31585207090051,0.9987172886098427,RSF
243,2.31588517133601,0.9986610600569261,RSF
244,2.3309788044225,0.9986437267959719,RSF
245,2.33100962298358,0.9986532393719295,RSF
246,2.34513833489286,0.9986438100435057,RSF
247,2.34516521747958,0.9986477449336834,RSF
248,2.35168156007739,0.9986884020696724,RSF
249,2.36091075000791,0.9987118755937014,RSF
250,2.3629344173228,0.998767390878354,RSF
251,2.36943625364472,0.9987591927390991,RSF
252,2.38129584863679,0.9987799755240145,RSF
253,2.39843486530141,0.9987900896556349,RSF
254,2.40747397976053,0.998839329329358,RSF
255,2.4179976393035,0.9988964085748355,RSF
256,2.43600985457432,0.9989089436990624,RSF
257,2.43814686337532,0.9988868613289785,RSF
258,2.45239993043105,0.9988888077958668,RSF
259,2.45241920083396,0.9988916144318248,RSF
260,2.46411539545472,0.9988947814059872,RSF
261,2.47028046474483,0.9989015204860918,RSF
262,2.47068216232899,0.9989121816579364,RSF
263,2.47772870257585,0.9988964405406188,RSF
264,2.48982678557016,0.9989009175937078,RSF
265,2.49307019663128,0.9988832106550123,RSF
266,2.50352502393838,0.9989157233111617,RSF
267,2.50433540617363,0.9989220289522246,RSF
268,2.51763406204027,0.9989315589780668,RSF
269,2.52246988220815,0.9989233393045809,RSF
270,2.52269549656043,0.998923267667159,RSF
271,2.54202343123464,0.9989072930358065,RSF
272,2.54912868952214,0.9988985240469592,RSF
273,2.55466800311128,0.998897315539694,RSF
274,2.55975858826335,0.9988828922580701,RSF
275,2.56090565750884,0.9989001983629097,RSF
276,2.57213241266141,0.9989008728587331,RSF
277,2.57340113259951,0.9989095174095223,RSF
278,2.60911611699788,0.9989216638948751,RSF
279,2.63244743674428,0.9989113414155381,RSF
280,2.64316113974911,0.9988777169325859,RSF
281,2.65202560859731,0.9988584760230663,RSF
282,2.65420620141068,0.9988687275221625,RSF
283,2.65549156306725,0.9988486958963122,RSF
284,2.66021914934439,0.9989003491916294,RSF
285,2.67585558411574,0.9989144270767003,RSF
286,2.68156112603213,0.9989059520329826,RSF
287,2.68939923321824,0.9989255719873981,RSF
288,2.71362455895227,0.9990143358403835,RSF
289,2.7223741519699,0.999032483153059,RSF
290,2.72723446548715,0.9990209131848854,RSF
291,2.7305995254077,0.999021535979054,RSF
292,2.74143750652968,0.9990252669507924,RSF
293,2.79772472863633,0.9990291580180913,RSF
294,2.79821203537894,0.9990199489417924,RSF
295,2.80035758065838,0.9990152232596763,RSF
296,2.80628013168249,0.999060425961085,RSF
297,2.80855758220427,0.9990558106920494,RSF
298,2.81984583081458,0.9990952508922782,RSF
299,2.8240456735911,0.999093791032414,RSF
300,2.86900271411017,0.9991161012117411,RSF
301,2.87017539862657,0.9991250877822666,RSF
302,2.88343159251009,0.9991424968923238,RSF
303,2.88797888862968,0.9991113751553429,RSF
304,2.89731772924245,0.999103224880836,RSF
305,2.91308603168991,0.9990934388572531,RSF
306,2.91842796866613,0.9990920814468078,RSF
307,2.93708812355421,0.9991023622644128,RSF
308,2.94225725367379,0.999083404079987,RSF
309,2.95451746778876,0.999091781467001,RSF
310,2.95747848019512,0.9990898387618691,RSF
311,3.0035035223328,0.9991008341633802,RSF
312,3.02467412559339,0.9991097503372464,RSF
313,3.03528221264322,0.999102765813601,RSF
314,3.04023457150785,0.9990934481137047,RSF
315,3.05903674382813,0.9990920293898761,RSF
316,3.07122054930734,0.9991329910490604,RSF
317,3.10983084257036,0.9991014643706452,RSF
318,3.11301663070947,0.9990687312860851,RSF
319,3.11536351589148,0.999059344266115,RSF
320,3.11570257490683,0.999070174531624,RSF
321,3.12137657802402,0.9990452446025124,RSF
322,3.12303822055714,0.9990433573803561,RSF
323,3.14254286866335,0.9990220768600897,RSF
324,3.14768787801438,0.998999227627229,RSF
325,3.18815551549547,0.9989713462236339,RSF
326,3.19279656076061,0.9989790285680638,RSF
327,3.20268798145648,0.9989481015508953,RSF
328,3.20371487618008,0.9990216761771538,RSF
329,3.20501145420656,0.9989997326882906,RSF
330,3.21809091449516,0.9989704874789805,RSF
331,3.23558110534838,0.998976252981102,RSF
332,3.24998765809231,0.9989635065264773,RSF
333,3.25051553743341,0.9989625836977859,RSF
334,3.28895228684725,0.998969053437144,RSF
335,3.30030961389388,0.998974271854765,RSF
336,3.30667813434505,0.998966097197087,RSF
337,3.30943876586285,0.9990048750961412,RSF
338,3.30955069827662,0.998994613446291,RSF
339,3.31314848291397,0.9989747435552488,RSF
340,3.31647466321142,0.9989708044909504,RSF
341,3.31756145853011,0.998959399774932,RSF
342,3.31883288256494,0.9989746298963162,RSF
343,3.33915190120527,0.9989431359046756,RSF
344,3.36833410816549,0.9989453000580557,RSF
345,3.40363143226541,0.9989210468328223,RSF
346,3.43145297542368,0.9991496150484052,RSF
347,3.49005576980941,0.9991789481514921,RSF
348,3.49389596752382,0.9991598380186595,RSF
349,3.5247951420974,0.9991970080021899,RSF
350,3.5282811926172,0.9992332695586549,RSF
351,3.56261972873379,0.999282060690784,RSF
352,3.57933037787845,0.9993130654760982,RSF
353,3.61483873869205,0.9993267803795018,RSF
354,3.65199190450593,0.9993177208017734,RSF
355,3.66324268090375,0.9993213174926444,RSF
356,3.73376669398795,0.9993414424029564,RSF
357,3.74421124144603,0.9993564427344,RSF
358,3.78646871079619,0.9993614697015129,RSF
359,3.79386125923626,0.9993724474750894,RSF
360,3.80080338604856,0.9993658687963358,RSF
361,3.84217701086551,0.9993577034745942,RSF
362,3.84294887705585,0.9993919232382834,RSF
363,3.8619304244037,0.9993974943714741,RSF
364,3.8684710592223,0.999403439530371,RSF
365,3.92890682661935,0.9994248671938174,RSF
366,3.93573125930163,0.9994452696039262,RSF
367,3.95404557167284,0.9994635582299882,RSF
368,3.98326020414499,0.9994624403605105,RSF
369,4.02506346795078,0.9994774265976214,RSF
370,4.03177669832862,0.9994821793019174,RSF
371,4.09339010474016,0.99947073322606,RSF
372,4.10124495918681,0.9994851011940546,RSF
373,4.10187017445223,0.9994964391898294,RSF
374,4.12314450955506,0.9994986666901796,RSF
375,4.17977732922704,0.9995031410189643,RSF
376,4.1878153306651,0.9994990225863553,RSF
377,4.23252250344848,0.9994856243965294,RSF
378,4.31993818458402,0.9994878402412682,RSF
379,4.32462033229165,0.9994841242804964,RSF
380,4.3325241111516,0.9994726636169977,RSF
381,4.33530527687776,0.9994837840412378,RSF
382,4.36984889639535,0.9994919605092144,RSF
383,4.38740355470666,0.9994661888089128,RSF
384,4.43080788797387,0.9994705493476365,RSF
385,4.52641691348595,0.999470868161021,RSF
386,4.55336130403806,0.9994794888382704,RSF
387,4.58118488037918,0.999479885042263,RSF
388,4.61219513570268,0.9994893171724837,RSF
389,4.6304888946693,0.9994927407562916,RSF
390,4.63812468248489,0.9994995630699547,RSF
391,4.66265330677945,0.9995159323733078,RSF
392,4.70898282431049,0.9995213984634775,RSF
393,4.71668604760158,0.9995266328857784,RSF
394,4.72055502268672,0.9995267154185272,RSF
395,4.77245253859512,0.9995466443899604,RSF
396,4.79189802787738,0.999545730481569,RSF
397,4.79218008657726,0.9995476896812819,RSF
398,4.83520774280612,0.9995515126836536,RSF
399,4.84772482637972,0.9995555533821595,RSF
400,4.86141495484381,0.99955882800452,RSF
401,4.90885782832543,0.9995622325804674,RSF
402,4.97322538030651,0.9995682773716437,RSF
403,4.99744755519994,0.9995662648668718,RSF
404,5.09829715546664,0.9995629189781733,RSF
405,5.14276132439162,0.9995706291583167,RSF
406,5.15371015169905,0.9995738868168778,RSF
407,5.2081953827099,0.9995879515580463,RSF
408,5.23432185836309,0.9995939252663258,RSF
409,5.2403945535979,0.9995955301477999,RSF
410,5.28807734563827,0.9996112771985212,RSF
411,5.28888531739385,0.9996285631637444,RSF
412,5.39927510859421,0.9996297841401793,RSF
413,5.45080443275688,0.9996314639985606,RSF
414,5.47402322874149,0.9996352504676979,RSF
415,5.542301060457,0.9996375538506378,RSF
416,5.5856508876228,0.999637451966854,RSF
417,5.68053740319081,0.9996485266965248,RSF
418,5.73063180548415,0.9996493117475779,RSF
419,5.74307512695091,0.9996360443747165,RSF
420,5.76741590462637,0.9996399433414759,RSF
421,5.88638462947726,0.9996408580725241,RSF
422,5.9173164096699,0.9996443990999805,RSF
423,5.92994161126074,0.9996587639487028,RSF
424,6.01145718521299,0.9996605931259243,RSF
425,6.13014242064321,0.9996620253014287,RSF
426,6.15874924673859,0.9996527377640538,RSF
427,6.16901499615756,0.9996608337311684,RSF
428,6.18382378291935,0.9996647660948267,RSF
429,6.21421178738222,0.9996632889631581,RSF
430,6.25365222431234,0.9996639099759319,RSF
431,6.29371740288087,0.9996724437735528,RSF
432,6.32720442539455,0.9996616377273969,RSF
433,6.36189977000445,0.9996600748021753,RSF
434,6.3811008915104,0.9996522059888738,RSF
435,6.44493427319141,0.9996537269473615,RSF
436,6.45266043730723,0.9996535308352844,RSF
437,6.4613349911468,0.9996231777035945,RSF
438,6.55382128424379,0.9996166035857884,RSF
439,6.55954157479182,0.9996248323915033,RSF
440,6.63330544245352,0.9996181495927292,RSF
441,6.64237684049677,0.9996076544701537,RSF
442,6.66025567107227,0.9996074054817295,RSF
443,6.66444997122899,0.9996087947394954,RSF
444,6.69585425164125,0.9996184470177555,RSF
445,6.70144261120466,0.9996301993218536,RSF
446,6.70747258908924,0.9996291712252326,RSF
447,6.72755969224049,0.9996285745218744,RSF
448,6.8052486360523,0.9996125578948039,RSF
449,6.82563063550216,0.9996080766074092,RSF
450,6.8450604381329,0.9996081669342464,RSF
451,6.89935292275906,0.9996212264559587,RSF
452,6.92963885534659,0.9996178620051259,RSF
453,6.93746725405087,0.9996125799754093,RSF
454,7.13439612548715,0.9996078559443506,RSF
455,7.27218860322881,0.9996053795124548,RSF
456,7.30352079386187,0.999612553442619,RSF
457,7.30553737441759,0.9996211877360023,RSF
458,7.41951221455121,0.9996214296165552,RSF
459,7.42081408657901,0.9996274933833511,RSF
460,7.42629014868398,0.9996147346655057,RSF
461,7.46827034546779,0.9996108199336539,RSF
462,7.47604261225996,0.9996055857317909,RSF
463,7.48455854771762,0.9996048171959081,RSF
464,7.50912138826649,0.9995945489633948,RSF
465,7.6793349224677,0.9996325770886015,RSF
466,7.77869541839035,0.9996379798905273,RSF
467,7.78215337933144,0.9996351662866257,RSF
468,7.80237437525708,0.9996305733007679,RSF
469,7.81047772188348,0.9996255668990855,RSF
470,7.82744151878985,0.9996310388403179,RSF
471,7.83763671579887,0.9996286763181422,RSF
472,7.84191009925344,0.9996152556540262,RSF
473,7.85702766993656,0.9996157298645432,RSF
474,7.89612665362889,0.9996085548780552,RSF
475,7.92377480011454,0.9995937554850958,RSF
476,7.95950019954888,0.9995934808745724,RSF
477,7.97349874516938,0.9995988257661752,RSF
478,7.9883546753549,0.9996010878553783,RSF
479,8.01892510329548,0.9996069308047364,RSF
480,8.08589109646847,0.9996109673705942,RSF
481,8.13714305162737,0.9996146441419458,RSF
482,8.1653998431518,0.9996190610162125,RSF
483,8.23937271242978,0.9996242901788387,RSF
484,8.24813835375492,0.9996288515734711,RSF
485,8.267738361392,0.9996384096254864,RSF
486,8.29071329467003,0.9996411043031771,RSF
487,8.2935116982311,0.9996326100917576,RSF
488,8.29465153990426,0.9996321374498208,RSF
489,8.39196502336411,0.9996341779812942,RSF
490,8.53117337838479,0.9996315000702422,RSF
491,8.53287909361477,0.9996275115791691,RSF
492,8.62102027393871,0.9996009475741017,RSF
493,8.67094126470759,0.9995851489233231,RSF
494,8.70572509326973,0.9995898667276465,RSF
495,8.71740705126651,0.9995801823794908,RSF
496,8.7214986326905,0.9995681754527628,RSF
497,8.73078322632313,0.9995669080173977,RSF
498,8.77041880979812,0.9995625956459019,RSF
499,8.84533216432497,0.9995493280155774,RSF
500,8.85123496654746,0.9995455705448054,RSF
501,8.88701309684638,0.9995422086328513,RSF
502,8.91487736431698,0.9995584142163185,RSF
503,8.91733854771141,0.9995663490998125,RSF
504,8.98924565401157,0.9995672777487773,RSF
505,9.01555404027638,0.9995634062329279,RSF
506,9.02001551644344,0.9995562314300226,RSF
507,9.03491844730042,0.9995664638611347,RSF
508,9.05195135336825,0.9995599053801875,RSF
509,9.05798607614938,0.9995699410669951,RSF
510,9.15273061324759,0.9995390972983782,RSF
511,9.28145372255986,0.9995344917317643,RSF
512,9.29019926961127,0.9995191286463877,RSF
513,9.30543264828522,0.9995148445950014,RSF
514,9.30579032948231,0.999503850429475,RSF
515,9.40546428677005,0.9994884572341229,RSF
516,9.43702335056451,0.9994862486868592,RSF
517,9.4947319053059,0.9994682864013876,RSF
518,9.50497507304775,0.9994734374192781,RSF
519,9.51892294719181,0.9994545666265465,RSF
520,9.5263704318752,0.9994465233770445,RSF
521,9.52964993916975,0.9994226284619665,RSF
522,9.54801642434232,0.9994400645213932,RSF
523,9.56086998123377,0.9994468683573476,RSF
524,9.56524181891759,0.9994551943892801,RSF
525,9.58196647642011,0.9994662548539879,RSF
526,9.60241975873438,0.9994696049794703,RSF
527,9.69639779815059,0.9994733298212063,RSF
528,9.70355646093377,0.9994847297314621,RSF
529,9.71127904441542,0.9994881227100855,RSF
530,9.7975367391654,0.9995037918168763,RSF
531,9.79998191807156,0.9995018308832121,RSF
532,9.86688482030416,0.999509109576983,RSF
533,9.90560659876487,0.9995049900952333,RSF
534,9.9217966834431,0.9994845703233897,RSF
535,9.9671665548739,0.9994760284721882,RSF
536,9.97278592146113,0.999469950337057,RSF
537,9.97536135971858,0.9994739158651775,RSF
538,9.98815749128877,0.999444328316644,RSF
539,9.98819535709449,0.999426906414312,RSF
540,10.0323865084061,0.9994300647643081,RSF
541,10.0514677440991,0.9994216283335587,RSF
542,10.0554678931845,0.9994330149007987,RSF
543,10.0827471575851,0.9994345890627051,RSF
544,10.1601115691629,0.9994241488291354,RSF
545,10.1614294045594,0.9994442401923586,RSF
546,10.2078571481183,0.9994390124246554,RSF
547,10.2537715300569,0.9994428264592775,RSF
548,10.2799864398459,0.9994560366753938,RSF
549,10.3225366382868,0.9994631114957824,RSF
550,10.3651693482826,0.9994774806240931,RSF
551,10.3932545332379,0.9994717776330059,RSF
552,10.395498900839,0.9994723016335549,RSF
553,10.3991593603803,0.9994685698869561,RSF
554,10.4314353497523,0.999467399411154,RSF
555,10.4432351535592,0.9994539080286164,RSF
556,10.4551566609414,0.9994579048195504,RSF
557,10.4552120227391,0.9994674296566954,RSF
558,10.4764497285019,0.999457388655221,RSF
559,10.5042019928051,0.999479041041349,RSF
560,10.507258203383,0.999492847046121,RSF
561,10.5238907625745,0.9994815537845664,RSF
562,10.5390538034378,0.9994696150350275,RSF
563,10.5600451217764,0.9994722413548256,RSF
564,10.5791576320829,0.9994711048357615,RSF
565,10.5879080492215,0.9994700291119568,RSF
566,10.6064583688005,0.9994485028053719,RSF
567,10.6349900933973,0.9994567943623434,RSF
568,10.6419001080178,0.9994619811702535,RSF
569,10.6669153083543,0.9994556689362968,RSF
570,10.6678053830871,0.9994644221232565,RSF
571,10.7065551401902,0.9994792541602101,RSF
572,10.7367579625264,0.9994735932525146,RSF
573,10.7413337793034,0.9994789753908395,RSF
574,10.7904983291449,0.9994663666527995,RSF
575,10.8085421410831,0.9994493009036248,RSF
576,10.8194194589837,0.999444805933134,RSF
577,10.823736747437,0.9994439607622149,RSF
578,10.8239802117552,0.999452769284088,RSF
579,10.8759457111005,0.9994583263100083,RSF
580,10.8831323736425,0.9994656398166771,RSF
581,10.9180135318668,0.9994626100148126,RSF
582,10.9503324234596,0.9994555870610498,RSF
583,10.9523948556196,0.9994613744123747,RSF
584,10.9780905210371,0.9994530597727261,RSF
585,10.9949284569954,0.999459178985823,RSF
586,11.0142233624229,0.999460138045126,RSF
587,11.0285704195585,0.9994543351811062,RSF
588,11.0534369198946,0.9994499028577234,RSF
589,11.0572373168903,0.9994624872028096,RSF
590,11.0701281193777,0.9994778265543867,RSF
591,11.0990777806894,0.9994986257132433,RSF
592,11.1273780234617,0.9995151113193665,RSF
593,11.149158397588,0.9995085483926732,RSF
594,11.2228110731741,0.9995130264676945,RSF
595,11.2352786375311,0.999516184001855,RSF
596,11.25488724403,0.999510250722035,RSF
597,11.2572357374304,0.9995214325409871,RSF
598,11.2697113013964,0.9995269512175271,RSF
599,11.3236702237047,0.999517094615617,RSF
600,11.3267757178776,0.9995238035222143,RSF
601,11.3446850217183,0.9995377571634091,RSF
602,11.3457751169591,0.9995439151756008,RSF
603,11.3510507291216,0.9995547018786718,RSF
604,11.3531935809697,0.9995675946178609,RSF
605,11.3777236874323,0.9995655600263016,RSF
606,11.4193997242034,0.9995723035016035,RSF
607,11.4412680689439,0.9995699513400794,RSF
608,11.5273945822585,0.999565967932136,RSF
609,11.5293993054501,0.9995733239903991,RSF
610,11.5453757478168,0.9995717897455022,RSF
611,11.5585369084497,0.9995970477361138,RSF
612,11.6808389288138,0.9995887502203675,RSF
613,11.711905392629,0.9995907585473649,RSF
614,11.7766444242046,0.9995999926996668,RSF
615,11.8001381107909,0.9995997714953262,RSF
616,11.8033762108344,0.9995958904399912,RSF
617,11.8064184555153,0.999616309191972,RSF
618,11.8237178804266,0.9996123031507795,RSF
619,11.8702326546053,0.9996099969294531,RSF
620,11.9051670118728,0.9996183114707746,RSF
621,11.9061905954827,0.9996042876075398,RSF
622,11.9284750366808,0.9996378200410457,RSF
623,11.946830126047,0.9996316858062916,RSF
624,11.9702638458128,0.9996439180761427,RSF
625,12.0584308018898,0.9996732168116234,RSF
626,12.1068432699994,0.9996732857102217,RSF
627,12.1108458990201,0.9996963770214732,RSF
628,12.1143606819379,0.9996926760222176,RSF
629,12.1309210886401,0.9996924106686189,RSF
630,12.2061585309288,0.9996856395341251,RSF
631,12.3102402784405,0.9996845116628865,RSF
632,12.3529096245225,0.9996986899745102,RSF
633,12.3606594559657,0.9997058112372075,RSF
634,12.3845084228221,0.9997125274046853,RSF
635,12.3998587393633,0.9997186262620119,RSF
636,12.567819905563,0.9997136890001154,RSF
637,12.5981012710722,0.9997138942896079,RSF
638,12.6522917882916,0.9997390630303401,RSF
639,12.7240422291623,0.9997359949885893,RSF
640,12.8012605584334,0.99972757887389,RSF
641,12.8099927807304,0.9997187959164177,RSF
642,12.8606869667054,0.9997133501366976,RSF
643,12.8812215526326,0.999713881468276,RSF
644,12.9172311700461,0.9997516451293865,RSF
645,12.9336530668863,0.9997510518464584,RSF
646,13.0168752230878,0.9997350237092366,RSF
647,13.0462418283547,0.9997300168748295,RSF
648,13.0911590085345,0.999725850693111,RSF
649,13.1248032585224,0.9997418796289266,RSF
650,13.1288195463208,0.9997356637754201,RSF
651,13.1870539181766,0.9997333527339805,RSF
652,13.1898989864069,0.9997446568367628,RSF
653,13.2061579545189,0.9997484092754299,RSF
654,13.2147331168057,0.99973204707474,RSF
655,13.340801621107,0.9997308643312661,RSF
656,13.4227265772837,0.999718582273381,RSF
657,13.4586660980357,0.9997192628117066,RSF
658,13.4907975240567,0.9997126299043759,RSF
659,13.6435509979716,0.9997192606856541,RSF
660,13.7164268037475,0.9997065100337994,RSF
661,13.8004232436025,0.999705369240691,RSF
662,14.1792131745727,0.9997103772596636,RSF
663,14.3135921326248,0.9997069950520189,RSF
664,14.3198919688395,0.9997104860374602,RSF
665,14.4144931307126,0.9996843821763582,RSF
666,14.4255141941086,0.9996430313430664,RSF
667,14.4911599102967,0.9996141296470926,RSF
668,14.6774132658964,0.9996331864509918,RSF
0,0.0126006938517094,,CPH
1,0.0257642492651939,,CPH
2,0.0580036528408527,,CPH
3,0.0690385289490223,,CPH
4,0.0892093386501074,,CPH
5,0.132403302937746,,CPH
6,0.163132963702083,,CPH
7,0.17827938683331,,CPH
8,0.180074567003756,0.9994822468147421,CPH
9,0.192983698099852,0.9994822468147421,CPH
10,0.223250236362219,0.9994822468147421,CPH
11,0.246389228850603,0.9994822468147421,CPH
12,0.259241838008165,0.9994822468147421,CPH
13,0.260139562189579,0.9994822468147421,CPH
14,0.262126537039876,0.9994822468147421,CPH
15,0.269051073119044,0.9994822468147421,CPH
16,0.283422913535228,0.9994821223846205,CPH
17,0.299757370725274,0.9994821223846205,CPH
18,0.324556741623051,0.9994819985359076,CPH
19,0.336398752474155,0.9994818753600435,CPH
20,0.352174695541912,0.9994817529168362,CPH
21,0.390979858115315,0.9994817529168362,CPH
22,0.405693442812799,0.9994816311457129,CPH
23,0.405915873125196,0.9994816311457129,CPH
24,0.411972233447546,0.999481509749897,CPH
25,0.430300170555711,0.999481509749897,CPH
26,0.433445033800847,0.9994813889266985,CPH
27,0.493042347146959,0.9994812688223172,CPH
28,0.497846614569426,0.9994812688223172,CPH
29,0.50057985579867,0.9994811493790168,CPH
30,0.51175669692764,0.9994810305892314,CPH
31,0.512811055406928,0.9994810305892314,CPH
32,0.513758398945257,0.9994809124249864,CPH
33,0.524648558856018,0.9994807949984904,CPH
34,0.527740934054233,0.99948067830141,CPH
35,0.52826306260318,0.999480562327918,CPH
36,0.529193624854088,0.999480562327918,CPH
37,0.531326812736871,0.9994804470656611,CPH
38,0.537047188729048,0.9994804470656611,CPH
39,0.559662049705611,0.9994803325548824,CPH
40,0.564427278479615,0.9994802187120027,CPH
41,0.565401553289127,0.9994801055562242,CPH
42,0.572416735813022,0.9994801055562242,CPH
43,0.593554021122667,0.9994799929341773,CPH
44,0.622227013340826,0.9994798810369636,CPH
45,0.625095522031188,0.9994798810369636,CPH
46,0.628150924535649,0.9994797697701605,CPH
47,0.629388545509857,0.9994796591812929,CPH
48,0.645145921545308,0.9994795493445241,CPH
49,0.660448914842066,0.9994794401455531,CPH
50,0.666314918952493,0.9994793316816069,CPH
51,0.669807551108214,0.9994792234938756,CPH
52,0.673077158342133,0.9994791160571427,CPH
53,0.675581145206025,0.9994790093354459,CPH
54,0.681114471102408,0.9994789032856533,CPH
55,0.687183849513531,0.9994789032856533,CPH
56,0.690431304907423,0.999478797879875,CPH
57,0.691579928371475,0.9994786931590743,CPH
58,0.693993212449704,0.9994785891937494,CPH
59,0.701681808364982,0.9994784859351746,CPH
60,0.707218485688535,0.9994783833095291,CPH
61,0.709029748069422,0.9994782812885907,CPH
62,0.720977252349257,0.9994782812885907,CPH
63,0.728093985468149,0.9994782812885907,CPH
64,0.729751629294401,0.9994781796628188,CPH
65,0.738217435777187,0.9994781796628188,CPH
66,0.753207775131579,0.9994780785968987,CPH
67,0.757188846378376,0.9994779781804801,CPH
68,0.769120963213188,0.9994778783982218,CPH
69,0.772912469869041,0.999477779342484,CPH
70,0.779224790086187,0.9994776808933572,CPH
71,0.781818447634578,0.9994776808933572,CPH
72,0.805360880691973,0.9994775831777322,CPH
73,0.807391038412197,0.9994774861622091,CPH
74,0.808926810575296,0.999477389850716,CPH
75,0.814005330204964,0.999477389850716,CPH
76,0.817884525284171,0.999477389850716,CPH
77,0.81829496473074,0.999477389850716,CPH
78,0.838033489526914,0.9994772938756489,CPH
79,0.838352221657351,0.9994771985471876,CPH
80,0.840841609820294,0.999477103840738,CPH
81,0.843774462311598,0.9994770098460554,CPH
82,0.850713612356601,0.9994769164458962,CPH
83,0.854611661285162,0.9994769164458962,CPH
84,0.860916753184958,0.999476823647629,CPH
85,0.865582797128678,0.9994767315300417,CPH
86,0.872932813581013,0.9994766401290311,CPH
87,0.883421029331643,0.9994765494857275,CPH
88,0.88494696541528,0.9994764595439327,CPH
89,0.885600835782082,0.9994763703392058,CPH
90,0.89008843738443,0.9994762818137997,CPH
91,0.897324230521917,0.9994762818137997,CPH
92,0.899638558506461,0.9994761939346335,CPH
93,0.912329618436639,0.9994761067887382,CPH
94,0.917938281018223,0.9994760203224724,CPH
95,0.918401178547878,0.9994759345860691,CPH
96,0.919862211014396,0.9994758494083096,CPH
97,0.92472604940339,0.999475764855737,CPH
98,0.956083888789124,0.999475681016672,CPH
99,0.958053628033889,0.9994755979158116,CPH
100,0.968010214735821,0.9994755155308854,CPH
101,0.970687201974573,0.9994754338348771,CPH
102,0.972664850528062,0.9994753527938683,CPH
103,0.974971918566113,0.9994752724344391,CPH
104,0.987280147556766,0.9994751927751718,CPH
105,0.987585925889139,0.9994751137797026,CPH
106,0.992340990150594,0.999475035528777,CPH
107,0.995477923592262,0.9994749580116634,CPH
108,0.997804011870985,0.999474881168403,CPH
109,1.00206833128152,0.999474805034928,CPH
110,1.00217173707292,0.999474729576714,CPH
111,1.00765139078232,0.9994746547772327,CPH
112,1.01092747226357,0.9994746547772327,CPH
113,1.02230441942811,0.9994746547772327,CPH
114,1.03176018409431,0.9994746547772327,CPH
115,1.03324234171615,0.9994745803058589,CPH
116,1.04068952325379,0.9994745065666932,CPH
117,1.04284855507898,0.99947443356012,CPH
118,1.05339388312384,0.9994743612036762,CPH
119,1.05566055175661,0.9994742894601667,CPH
120,1.05625372530215,0.9994742182729061,CPH
121,1.05697716141991,0.9994741477858068,CPH
122,1.06620989929132,0.9994740779604393,CPH
123,1.06778695686967,0.9994740087392698,CPH
124,1.07053207978606,0.9994740087392698,CPH
125,1.0754346736579,0.9994739402005665,CPH
126,1.07604582421482,0.9994739402005665,CPH
127,1.07883284388065,0.9994738722054921,CPH
128,1.08170971646905,0.9994738722054921,CPH
129,1.08599389725859,0.9994738048338752,CPH
130,1.08724009618163,0.9994738048338752,CPH
131,1.09519588662008,0.9994737380694789,CPH
132,1.09779958985746,0.9994737380694789,CPH
133,1.10097368806601,0.9994737380694789,CPH
134,1.10849035722399,0.9994736717267432,CPH
135,1.1118616940762,0.9994736061051125,CPH
136,1.11268509507359,0.9994735411868236,CPH
137,1.11386741915419,0.9994734769372249,CPH
138,1.11509974859655,0.9994734769372249,CPH
139,1.12449183873832,0.9994734769372249,CPH
140,1.13302332259732,0.9994734131800518,CPH
141,1.14172046631575,0.9994734131800518,CPH
142,1.14275952614844,0.9994734131800518,CPH
143,1.14447309957941,0.9994733500063006,CPH
144,1.14487965098728,0.9994732875359391,CPH
145,1.153935859045,0.9994732256806368,CPH
146,1.17014751769602,0.9994732256806368,CPH
147,1.17069179000821,0.9994731644181765,CPH
148,1.17458157907532,0.9994731038094137,CPH
149,1.17643685372244,0.9994730438265583,CPH
150,1.17856180877454,0.999472984550742,CPH
151,1.17956904313096,0.9994729259566464,CPH
152,1.18138265512286,0.9994728680531428,CPH
153,1.19355021044612,0.9994728680531428,CPH
154,1.19448400643987,0.9994728107855008,CPH
155,1.19533814303577,0.9994728107855008,CPH
156,1.20952715446988,0.9994727541119767,CPH
157,1.2096335492604,0.9994726980386608,CPH
158,1.21069468561911,0.9994726426644979,CPH
159,1.22135232606218,0.9994725879636289,CPH
160,1.22801729222841,0.9994725339264571,CPH
161,1.22853780024416,0.9994724805839458,CPH
162,1.22873839182513,0.999472427939744,CPH
163,1.22957065112776,0.9994723759116357,CPH
164,1.23995319864241,0.9994723244992979,CPH
165,1.24479405675509,0.9994722736834906,CPH
166,1.24943812842896,0.9994722233271509,CPH
167,1.254250308147,0.9994721736707685,CPH
168,1.25444982779633,0.9994721246840447,CPH
169,1.2618283610791,0.9994721246840447,CPH
170,1.27695368303776,0.9994720762631436,CPH
171,1.28155193477869,0.9994720762631436,CPH
172,1.28531428518031,0.9994720283956607,CPH
173,1.28791323490441,0.9994720283956607,CPH
174,1.28966363960842,0.9994719811817868,CPH
175,1.29013844049741,0.999471934597157,CPH
176,1.29019953282559,0.9994718887193512,CPH
177,1.2974875749724,0.9994718435365467,CPH
178,1.30111498048947,0.9994717989090138,CPH
179,1.30447371191119,0.9994717548858969,CPH
180,1.31512455828488,0.9994717548858969,CPH
181,1.31531594624066,0.9994717114306381,CPH
182,1.31927339360118,0.9994717114306381,CPH
183,1.33213840544272,0.999471668640136,CPH
184,1.34259922334381,0.9994716265513938,CPH
185,1.34597955569664,0.9994715850902945,CPH
186,1.34713175770701,0.9994715442494586,CPH
187,1.34724892919921,0.9994715041007817,CPH
188,1.35360157819189,0.9994714646109404,CPH
189,1.35597652698993,0.9994714257973124,CPH
190,1.36468007661876,0.9994713876813834,CPH
191,1.36788631505313,0.999471350262335,CPH
192,1.36821316354455,0.9994713135535856,CPH
193,1.37011244233315,0.999471277528629,CPH
194,1.3715234901756,0.999471277528629,CPH
195,1.37422986142337,0.999471277528629,CPH
196,1.38816200945553,0.9994712421300975,CPH
197,1.392515392263,0.9994712074363842,CPH
198,1.41042183517332,0.9994711734355985,CPH
199,1.41119677613214,0.9994711400904599,CPH
200,1.41514237222544,0.999471107337257,CPH
201,1.42164194986141,0.9994710752640094,CPH
202,1.42844883027701,0.999471043873219,CPH
203,1.43793442783383,0.9994710131735495,CPH
204,1.43847296386957,0.9994710131735495,CPH
205,1.45076017454267,0.9994710131735495,CPH
206,1.47534159897559,0.9994709830721704,CPH
207,1.47834396811336,0.9994709536423159,CPH
208,1.48014645650983,0.9994709536423159,CPH
209,1.48040245659649,0.9994709536423159,CPH
210,1.4807869119727,0.999470924819367,CPH
211,1.48666237480938,0.999470924819367,CPH
212,1.49776082994757,0.9994708966338626,CPH
213,1.505447685052,0.9994708691252003,CPH
214,1.51254068616101,0.9994708423279596,CPH
215,1.51885552832702,0.9994708162234471,CPH
216,1.53350394127829,0.9994707908145622,CPH
217,1.53660713664907,0.9994707660844695,CPH
218,1.54516002014115,0.999470742024607,CPH
219,1.56233883133828,0.999470718646307,CPH
220,1.57126075243249,0.9994706959599853,CPH
221,1.57790426692075,0.9994706739411772,CPH
222,1.58168454436807,0.9994706526154985,CPH
223,1.58358223138937,0.9994706318878177,CPH
224,1.59163512144441,0.9994706118447165,CPH
225,1.600073447451,0.9994706118447165,CPH
226,1.61133199013851,0.9994705924390668,CPH
227,1.6179212422239,0.9994705737070015,CPH
228,1.6254247315228,0.9994705737070015,CPH
229,1.63136338849993,0.9994705556436138,CPH
230,1.63579151158706,0.9994705382481692,CPH
231,1.63700285076977,0.9994705215269435,CPH
232,1.63824001750645,0.9994705054601917,CPH
233,1.6439636679517,0.9994704900784972,CPH
234,1.67379889056326,0.999470475373637,CPH
235,1.68622841705614,0.9994704613470494,CPH
236,1.69438318368488,0.9994704479937012,CPH
237,1.69583087350244,0.9994704352855485,CPH
238,1.6987403165549,0.9994704352855485,CPH
239,1.71600410604849,0.9994704232305567,CPH
240,1.71836231987224,0.9994704118526736,CPH
241,1.72103693895042,0.9994704118526736,CPH
242,1.7249601670727,0.9994704011484855,CPH
243,1.72667401853485,0.9994703911178471,CPH
244,1.73330333414404,0.9994703817404121,CPH
245,1.73363897949457,0.9994703817404121,CPH
246,1.73620003401099,0.9994703730162711,CPH
247,1.74912460596536,0.999470364964194,CPH
248,1.75028628104459,0.9994703575968579,CPH
249,1.76153587854102,0.9994703509078953,CPH
250,1.76289348502758,0.9994703448927947,CPH
251,1.76709757655966,0.9994703395632599,CPH
252,1.78168904173019,0.9994703349203035,CPH
253,1.78857908360397,0.9994703309520382,CPH
254,1.79267790470917,0.9994703276654481,CPH
255,1.80215254984796,0.9994703276654481,CPH
256,1.80330427076389,0.9994703250557716,CPH
257,1.80977344885468,0.9994703250557716,CPH
258,1.81039617852772,0.9994703231253315,CPH
259,1.81733168480121,0.9994703218762119,CPH
260,1.82376702764973,0.9994703213069678,CPH
261,1.83549470603828,0.9994703214215719,CPH
262,1.86689015833401,0.999470322220756,CPH
263,1.86783152733285,0.9994703237021975,CPH
264,1.88949771399778,0.9994703258639845,CPH
265,1.88978655750616,0.9994703287057282,CPH
266,1.89600086957216,0.9994703287057282,CPH
267,1.89909373287509,0.999470332229213,CPH
268,1.90086821368076,0.999470336428735,CPH
269,1.90371529385448,0.999470336428735,CPH
270,1.91092535667121,0.999470336428735,CPH
271,1.92519906906572,0.9994703413206015,CPH
272,1.92530387453735,0.9994703413206015,CPH
273,1.92945486889296,0.9994703469171767,CPH
274,1.93247740902007,0.9994703469171767,CPH
275,1.93282745025454,0.9994703532016894,CPH
276,1.93900302466067,0.9994703601669356,CPH
277,1.96330073521519,0.9994703678183107,CPH
278,1.96355423210312,0.9994703761507876,CPH
279,1.97553621466005,0.9994703851942062,CPH
280,1.98001653612513,0.9994703949173888,CPH
281,1.98546856144668,0.9994704053360532,CPH
282,1.99002952476797,0.9994704164375086,CPH
283,2.01088874297261,0.9994704282262835,CPH
284,2.01576475063996,0.9994704407065479,CPH
285,2.01744751313666,0.999470453865439,CPH
286,2.03071245923638,0.999470453865439,CPH
287,2.05112899962559,0.9994704677544044,CPH
288,2.0591609662725,0.9994704823318812,CPH
289,2.06743648413177,0.9994704976213604,CPH
290,2.06946144998074,0.9994704976213604,CPH
291,2.07419571653008,0.9994704976213604,CPH
292,2.08210969947763,0.9994705136451321,CPH
293,2.09597117735657,0.9994705303600064,CPH
294,2.10373040288687,0.9994705303600064,CPH
295,2.11219349317253,0.9994705303600064,CPH
296,2.1134259072419,0.9994705478194099,CPH
297,2.12788864782015,0.9994705659598874,CPH
298,2.13351857428298,0.9994705847884199,CPH
299,2.13628124755162,0.9994706043372422,CPH
300,2.13879167293132,0.9994706245800384,CPH
301,2.1454688650393,0.9994706454979615,CPH
302,2.15715523995459,0.9994706454979615,CPH
303,2.1571901671905,0.9994706671125935,CPH
304,2.15821795238545,0.9994706894140938,CPH
305,2.19629417285889,0.999470712402783,CPH
306,2.20006711942385,0.9994707360695412,CPH
307,2.20262790285051,0.9994707360695412,CPH
308,2.20815972903703,0.9994707604416049,CPH
309,2.21762216571424,0.9994707855161383,CPH
310,2.21822404722538,0.9994708113181162,CPH
311,2.21992290632638,0.9994708377802767,CPH
312,2.22098728228592,0.9994708649666845,CPH
313,2.22536612860858,0.9994708649666845,CPH
314,2.22890444893712,0.999470892899244,CPH
315,2.23252794016953,0.9994709215056597,CPH
316,2.23561697825789,0.9994709215056597,CPH
317,2.25538965521948,0.9994709508130788,CPH
318,2.25679393169048,0.9994709808146829,CPH
319,2.26022710979037,0.999471011536674,CPH
320,2.26247286744367,0.9994710429890092,CPH
321,2.27569894025347,0.9994710751228251,CPH
322,2.28278909329405,0.9994711079542778,CPH
323,2.28913074471116,0.9994711414872585,CPH
324,2.30850227239537,0.9994711757128046,CPH
325,2.31219341139589,0.9994712105899907,CPH
326,2.31563349813223,0.9994712105899907,CPH
327,2.31585207090051,0.9994712461772612,CPH
328,2.31588517133601,0.9994712824324236,CPH
329,2.32614138163626,0.9994712824324236,CPH
330,2.33001123927534,0.9994712824324236,CPH
331,2.3309788044225,0.9994713194339183,CPH
332,2.33100962298358,0.999471357089507,CPH
333,2.34513833489286,0.9994713954348057,CPH
334,2.34516521747958,0.9994714344287403,CPH
335,2.35168156007739,0.9994714741957713,CPH
336,2.36091075000791,0.9994715146293787,CPH
337,2.3629344173228,0.9994715557389194,CPH
338,2.36938437446952,0.9994715557389194,CPH
339,2.36943625364472,0.9994715976423982,CPH
340,2.37293715029955,0.9994715976423982,CPH
341,2.38129584863679,0.9994716402414863,CPH
342,2.38762617856264,0.9994716402414863,CPH
343,2.39843486530141,0.999471683719126,CPH
344,2.40747397976053,0.9994717279500442,CPH
345,2.41533403471112,0.9994717279500442,CPH
346,2.4179976393035,0.9994717730256968,CPH
347,2.43600985457432,0.9994718188470709,CPH
348,2.43814686337532,0.9994718653741211,CPH
349,2.44504509307444,0.9994718653741211,CPH
350,2.45239993043105,0.9994719126331407,CPH
351,2.45241920083396,0.9994719605478872,CPH
352,2.46411539545472,0.9994720091424599,CPH
353,2.47028046474483,0.999472058414293,CPH
354,2.47068216232899,0.9994721083668947,CPH
355,2.47772870257585,0.9994721590506818,CPH
356,2.47920926101506,0.9994721590506818,CPH
357,2.4800796546042,0.9994721590506818,CPH
358,2.48982678557016,0.9994722105348807,CPH
359,2.49307019663128,0.9994722628769311,CPH
360,2.50352502393838,0.999472315935695,CPH
361,2.50433540617363,0.9994723696897253,CPH
362,2.50735837966204,0.9994723696897253,CPH
363,2.51763406204027,0.9994724242271031,CPH
364,2.52165452577174,0.9994724242271031,CPH
365,2.52246988220815,0.9994724796305806,CPH
366,2.52269549656043,0.9994725356693335,CPH
367,2.54202343123464,0.9994725924824505,CPH
368,2.54912868952214,0.9994726499885261,CPH
369,2.55466800311128,0.9994727081996204,CPH
370,2.55975858826335,0.9994727671431961,CPH
371,2.56090565750884,0.9994728267886963,CPH
372,2.57213241266141,0.9994728872193009,CPH
373,2.57340113259951,0.9994729483882544,CPH
374,2.60911611699788,0.9994730104206248,CPH
375,2.63244743674428,0.9994730731413564,CPH
376,2.64316113974911,0.9994731366815462,CPH
377,2.64693792723119,0.9994731366815462,CPH
378,2.65202560859731,0.9994732008785807,CPH
379,2.65420620141068,0.9994732657212015,CPH
380,2.65549156306725,0.9994733312595047,CPH
381,2.66021914934439,0.9994733977932709,CPH
382,2.67585558411574,0.9994734650611673,CPH
383,2.68156112603213,0.9994735330044564,CPH
384,2.68939923321824,0.999473601931082,CPH
385,2.70847489871085,0.999473601931082,CPH
386,2.71362455895227,0.9994736719195043,CPH
387,2.7223741519699,0.9994737426828912,CPH
388,2.72362221591175,0.9994737426828912,CPH
389,2.72723446548715,0.9994738142539596,CPH
390,2.7305995254077,0.9994738866386143,CPH
391,2.73536328412592,0.9994738866386143,CPH
392,2.74143750652968,0.9994739597582956,CPH
393,2.74377014301717,0.9994739597582956,CPH
394,2.76709436438978,0.9994739597582956,CPH
395,2.79307222925127,0.9994739597582956,CPH
396,2.79772472863633,0.9994740343312616,CPH
397,2.79821203537894,0.99947410963144,CPH
398,2.80035758065838,0.999474185879639,CPH
399,2.80628013168249,0.9994742631941826,CPH
400,2.80855758220427,0.9994743413002418,CPH
401,2.81984583081458,0.9994744201887578,CPH
402,2.8240456735911,0.999474499876257,CPH
403,2.84345844760537,0.999474499876257,CPH
404,2.86900271411017,0.9994745805334119,CPH
405,2.87017539862657,0.9994746621336402,CPH
406,2.88343159251009,0.9994747444966875,CPH
407,2.88365812785923,0.9994747444966875,CPH
408,2.88797888862968,0.9994748277414095,CPH
409,2.89731772924245,0.9994749116781032,CPH
410,2.89922112599015,0.9994749116781032,CPH
411,2.91308603168991,0.9994749965056327,CPH
412,2.91842796866613,0.999475082115299,CPH
413,2.93708812355421,0.9994751686828287,CPH
414,2.94120026193559,0.9994751686828287,CPH
415,2.94225725367379,0.9994752562588769,CPH
416,2.94544790871441,0.9994752562588769,CPH
417,2.95451746778876,0.9994753448674379,CPH
418,2.95747848019512,0.9994754343528599,CPH
419,2.95956360921264,0.9994754343528599,CPH
420,3.00099271349609,0.9994754343528599,CPH
421,3.0035035223328,0.9994755248427533,CPH
422,3.01075525581837,0.9994755248427533,CPH
423,3.02467412559339,0.99947561629317,CPH
424,3.03528221264322,0.9994757084125434,CPH
425,3.03699224442244,0.9994757084125434,CPH
426,3.04023457150785,0.9994758016237666,CPH
427,3.0448003616184,0.9994758016237666,CPH
428,3.04823948442936,0.9994758016237666,CPH
429,3.05903674382813,0.9994758959393645,CPH
430,3.07122054930734,0.9994759913227113,CPH
431,3.10983084257036,0.9994760876085419,CPH
432,3.11301663070947,0.9994761846337977,CPH
433,3.11536351589148,0.9994762824246359,CPH
434,3.11570257490683,0.9994763810492382,CPH
435,3.12137657802402,0.9994764806033927,CPH
436,3.12303822055714,0.9994765811300091,CPH
437,3.14254286866335,0.9994766825693318,CPH
438,3.14768787801438,0.999476784766239,CPH
439,3.18815551549547,0.9994768876843547,CPH
440,3.19279656076061,0.9994769913090484,CPH
441,3.20230775512755,0.9994769913090484,CPH
442,3.20268798145648,0.9994770958246803,CPH
443,3.20371487618008,0.9994772016788923,CPH
444,3.20501145420656,0.9994773083381185,CPH
445,3.21809091449516,0.9994774160284102,CPH
446,3.23558110534838,0.9994775244267115,CPH
447,3.24998765809231,0.9994776336626906,CPH
448,3.25051553743341,0.9994777438011156,CPH
449,3.27987031079829,0.9994777438011156,CPH
450,3.28895228684725,0.9994778548665889,CPH
451,3.30030961389388,0.9994779668597038,CPH
452,3.306631045416,0.9994779668597038,CPH
453,3.30667813434505,0.9994780800040124,CPH
454,3.30943876586285,0.9994781939204819,CPH
455,3.30955069827662,0.9994783085612006,CPH
456,3.31314848291397,0.9994784239744454,CPH
457,3.31647466321142,0.9994785400561916,CPH
458,3.31756145853011,0.9994786571028782,CPH
459,3.31883288256494,0.9994787755491125,CPH
460,3.33915190120527,0.999478894800079,CPH
461,3.36833410816549,0.9994790150260658,CPH
462,3.40363143226541,0.9994791360682955,CPH
463,3.4181717634201,0.9994791360682955,CPH
464,3.43145297542368,0.9994792583307605,CPH
465,3.4664264023304,0.9994792583307605,CPH
466,3.49005576980941,0.9994793816735417,CPH
467,3.49389596752382,0.9994795058524893,CPH
468,3.50549932569265,0.9994795058524893,CPH
469,3.5247951420974,0.9994796313478459,CPH
470,3.5282811926172,0.9994797576815522,CPH
471,3.54120351746678,0.9994797576815522,CPH
472,3.56261972873379,0.9994798850477554,CPH
473,3.57240279391408,0.9994798850477554,CPH
474,3.57933037787845,0.9994800136219121,CPH
475,3.60495324991643,0.9994800136219121,CPH
476,3.61483873869205,0.9994801434496942,CPH
477,3.62252302095294,0.9994801434496942,CPH
478,3.65199190450593,0.9994802744273737,CPH
479,3.66324268090375,0.9994804063961317,CPH
480,3.72035793028772,0.9994804063961317,CPH
481,3.73376669398795,0.9994805396013369,CPH
482,3.74421124144603,0.9994806735757735,CPH
483,3.78646871079619,0.9994808085201589,CPH
484,3.79386125923626,0.9994809445341578,CPH
485,3.80080338604856,0.9994810813839493,CPH
486,3.84217701086551,0.9994812189338872,CPH
487,3.84294887705585,0.9994813573004304,CPH
488,3.84688510559499,0.9994813573004304,CPH
489,3.8619304244037,0.9994814969347825,CPH
490,3.8684710592223,0.9994816376541578,CPH
491,3.9218483325094,0.9994816376541578,CPH
492,3.92890682661935,0.9994817796156398,CPH
493,3.93573125930163,0.9994819223809461,CPH
494,3.95404557167284,0.9994820659405946,CPH
495,3.95627032220364,0.9994820659405946,CPH
496,3.98326020414499,0.9994822109180004,CPH
497,3.98401604779065,0.9994822109180004,CPH
498,4.02506346795078,0.9994823568169884,CPH
499,4.03177669832862,0.9994825037307234,CPH
500,4.04213878512383,0.9994825037307234,CPH
501,4.07612614519894,0.9994825037307234,CPH
502,4.09339010474016,0.9994826521479006,CPH
503,4.09854264557362,0.9994826521479006,CPH
504,4.10124495918681,0.9994828016649016,CPH
505,4.10187017445223,0.9994829522797742,CPH
506,4.11842176504433,0.9994829522797742,CPH
507,4.12314450955506,0.9994831038548633,CPH
508,4.13258294016123,0.9994831038548633,CPH
509,4.14802205376327,0.9994831038548633,CPH
510,4.1558345798403,0.9994831038548633,CPH
511,4.17977732922704,0.999483257391446,CPH
512,4.18247686140239,0.999483257391446,CPH
513,4.1878153306651,0.9994834121104842,CPH
514,4.22801484726369,0.9994834121104842,CPH
515,4.23252250344848,0.999483568013902,CPH
516,4.24072774685919,0.999483568013902,CPH
517,4.27803563699126,0.999483568013902,CPH
518,4.28078092820942,0.999483568013902,CPH
519,4.29872904717922,0.999483568013902,CPH
520,4.31993818458402,0.9994837265892519,CPH
521,4.32462033229165,0.9994838860248183,CPH
522,4.3325241111516,0.999484046620656,CPH
523,4.33530527687776,0.9994842079408861,CPH
524,4.36984889639535,0.9994843703508971,CPH
525,4.38740355470666,0.9994845339270441,CPH
526,4.43080788797387,0.999484698334569,CPH
527,4.52641691348595,0.9994848640114894,CPH
528,4.55336130403806,0.9994850306591431,CPH
529,4.58118488037918,0.999485198155554,CPH
530,4.61219513570268,0.9994853667140258,CPH
531,4.6202148925513,0.9994853667140258,CPH
532,4.6304888946693,0.9994855369198437,CPH
533,4.63812468248489,0.999485708838575,CPH
534,4.66265330677945,0.9994858820164115,CPH
535,4.70898282431049,0.9994860567064682,CPH
536,4.71668604760158,0.9994862328410913,CPH
537,4.72055502268672,0.9994864103782818,CPH
538,4.7373681049794,0.9994864103782818,CPH
539,4.75450825318694,0.9994864103782818,CPH
540,4.75696050189435,0.9994864103782818,CPH
541,4.77245253859512,0.9994865904567787,CPH
542,4.77944328635931,0.9994865904567787,CPH
543,4.79189802787738,0.9994867720637481,CPH
544,4.79218008657726,0.9994869552142718,CPH
545,4.83520774280612,0.9994871395297312,CPH
546,4.84114215709269,0.9994871395297312,CPH
547,4.84772482637972,0.9994873250496294,CPH
548,4.86141495484381,0.9994875116095675,CPH
549,4.86735565960407,0.9994875116095675,CPH
550,4.90257915481925,0.9994875116095675,CPH
551,4.90885782832543,0.9994877007841508,CPH
552,4.93751647509634,0.9994877007841508,CPH
553,4.97322538030651,0.999487891774334,CPH
554,4.99730307608843,0.999487891774334,CPH
555,4.99744755519994,0.9994880843475114,CPH
556,5.0656663030386,0.9994880843475114,CPH
557,5.08359676413238,0.9994880843475114,CPH
558,5.09742654114962,0.9994880843475114,CPH
559,5.09829715546664,0.9994882804595273,CPH
560,5.14276132439162,0.9994884775914754,CPH
561,5.15371015169905,0.9994886764005346,CPH
562,5.2081953827099,0.999488876828633,CPH
563,5.21743027120829,0.999488876828633,CPH
564,5.23432185836309,0.9994890784390239,CPH
565,5.2403945535979,0.9994892813444077,CPH
566,5.26057441905141,0.9994892813444077,CPH
567,5.28807734563827,0.9994894872448695,CPH
568,5.28888531739385,0.9994896944206062,CPH
569,5.36450756527483,0.9994896944206062,CPH
570,5.37825085781515,0.9994896944206062,CPH
571,5.39927510859421,0.9994899044316288,CPH
572,5.44043482840061,0.9994899044316288,CPH
573,5.44845134206116,0.9994899044316288,CPH
574,5.45080443275688,0.9994901162121353,CPH
575,5.47402322874149,0.9994903294473242,CPH
576,5.51768458262086,0.9994903294473242,CPH
577,5.542301060457,0.999490545343448,CPH
578,5.55578566901386,0.999490545343448,CPH
579,5.5856508876228,0.9994907629178307,CPH
580,5.59678056277335,0.9994907629178307,CPH
581,5.62686895765364,0.9994907629178307,CPH
582,5.6708599794656,0.9994907629178307,CPH
583,5.68053740319081,0.999490983484157,CPH
584,5.71309381909668,0.999490983484157,CPH
585,5.7181921005249,0.999490983484157,CPH
586,5.73063180548415,0.9994912069240713,CPH
587,5.74307512695091,0.9994914320012501,CPH
588,5.76741590462637,0.9994916580708539,CPH
589,5.81860780343413,0.9994916580708539,CPH
590,5.81922638230026,0.9994916580708539,CPH
591,5.88638462947726,0.9994918871137664,CPH
592,5.8917317725718,0.9994918871137664,CPH
593,5.90530665032566,0.9994918871137664,CPH
594,5.9173164096699,0.9994921190508729,CPH
595,5.92994161126074,0.999492352953537,CPH
596,5.96483294852078,0.999492352953537,CPH
597,6.01145718521299,0.9994925884721403,CPH
598,6.06715809367597,0.9994925884721403,CPH
599,6.07711411826313,0.9994925884721403,CPH
600,6.12298824638128,0.9994925884721403,CPH
601,6.13014242064321,0.9994928275638058,CPH
602,6.15874924673859,0.999493068485434,CPH
603,6.16901499615756,0.9994933106938267,CPH
604,6.18382378291935,0.9994935546352739,CPH
605,6.20851555466652,0.9994935546352739,CPH
606,6.21260210685432,0.9994935546352739,CPH
607,6.21421178738222,0.9994938009342645,CPH
608,6.23201537691057,0.9994938009342645,CPH
609,6.25277120992541,0.9994938009342645,CPH
610,6.25365222431234,0.9994940491683358,CPH
611,6.27030705101788,0.9994940491683358,CPH
612,6.28774878568947,0.9994940491683358,CPH
613,6.29371740288087,0.9994943011053726,CPH
614,6.32720442539455,0.9994945558926874,CPH
615,6.36189977000445,0.9994948116039534,CPH
616,6.37093892879784,0.9994948116039534,CPH
617,6.3811008915104,0.999495069650007,CPH
618,6.44493427319141,0.9994953288938287,CPH
619,6.45266043730723,0.9994955893361988,CPH
620,6.4613349911468,0.9994958516461754,CPH
621,6.49634022451937,0.9994958516461754,CPH
622,6.5287902597338,0.9994958516461754,CPH
623,6.55382128424379,0.9994961161074941,CPH
624,6.55954157479182,0.9994963823861578,CPH
625,6.59263186343014,0.9994963823861578,CPH
626,6.61806455254555,0.9994963823861578,CPH
627,6.63330544245352,0.9994966516918039,CPH
628,6.64237684049677,0.9994969220790987,CPH
629,6.64623810723424,0.9994969220790987,CPH
630,6.64856139756739,0.9994969220790987,CPH
631,6.66025567107227,0.9994971947803949,CPH
632,6.66444997122899,0.9994974692802906,CPH
633,6.69585425164125,0.9994977449337281,CPH
634,6.70118811540306,0.9994977449337281,CPH
635,6.70144261120466,0.9994980224920658,CPH
636,6.70747258908924,0.9994983013993644,CPH
637,6.72755969224049,0.9994985819440413,CPH
638,6.8052486360523,0.9994988645058718,CPH
639,6.81489299051464,0.9994988645058718,CPH
640,6.82563063550216,0.9994991494028123,CPH
641,6.8450604381329,0.9994994360203334,CPH
642,6.84936769679189,0.9994994360203334,CPH
643,6.85653711855412,0.9994994360203334,CPH
644,6.85953314602375,0.9994994360203334,CPH
645,6.89262006059289,0.9994994360203334,CPH
646,6.89935292275906,0.9994997295394024,CPH
647,6.90025026351213,0.9994997295394024,CPH
648,6.90289995074272,0.9994997295394024,CPH
649,6.92963885534659,0.9995000268418597,CPH
650,6.93746725405087,0.999500326898246,CPH
651,6.94143149256706,0.999500326898246,CPH
652,6.97373008355498,0.999500326898246,CPH
653,7.07240759767592,0.999500326898246,CPH
654,7.13439612548715,0.9995006316267381,CPH
655,7.19509588368237,0.9995006316267381,CPH
656,7.24346854537725,0.9995006316267381,CPH
657,7.25979847088456,0.9995006316267381,CPH
658,7.27218860322881,0.9995009402925353,CPH
659,7.28041449375451,0.9995009402925353,CPH
660,7.30099846422672,0.9995009402925353,CPH
661,7.30352079386187,0.9995012522932968,CPH
662,7.30553737441759,0.9995015675083445,CPH
663,7.31162384524941,0.9995015675083445,CPH
664,7.33850481547415,0.9995015675083445,CPH
665,7.35070418380201,0.9995015675083445,CPH
666,7.3717582449317,0.9995015675083445,CPH
667,7.39774047397077,0.9995015675083445,CPH
668,7.41951221455121,0.9995018871610603,CPH
669,7.42081408657901,0.9995022086376424,CPH
670,7.42629014868398,0.9995025334090883,CPH
671,7.46827034546779,0.9995028613103115,CPH
672,7.47604261225996,0.9995031918952144,CPH
673,7.48455854771762,0.9995035254001969,CPH
674,7.50912138826649,0.9995038616791282,CPH
675,7.57792754285038,0.9995038616791282,CPH
676,7.59316555224359,0.9995038616791282,CPH
677,7.63127893209457,0.9995038616791282,CPH
678,7.6793349224677,0.9995042034154717,CPH
679,7.68799741566181,0.9995042034154717,CPH
680,7.75752595625818,0.9995042034154717,CPH
681,7.76265995576978,0.9995042034154717,CPH
682,7.77869541839035,0.9995045500614986,CPH
683,7.78215337933144,0.9995048999461331,CPH
684,7.80237437525708,0.9995052531886349,CPH
685,7.81047772188348,0.999505608077179,CPH
686,7.82744151878985,0.9995059657968612,CPH
687,7.83763671579887,0.9995063270408691,CPH
688,7.84140684641898,0.9995063270408691,CPH
689,7.84191009925344,0.9995066924114734,CPH
690,7.85702766993656,0.9995070590372621,CPH
691,7.86577022261918,0.9995070590372621,CPH
692,7.8797208275646,0.9995070590372621,CPH
693,7.89612665362889,0.9995074289007898,CPH
694,7.92377480011454,0.9995078008357747,CPH
695,7.93578586913645,0.9995078008357747,CPH
696,7.94008655659854,0.9995078008357747,CPH
697,7.95950019954888,0.9995081767999269,CPH
698,7.97349874516938,0.9995085543060247,CPH
699,7.9883546753549,0.9995089356495355,CPH
700,8.01892510329548,0.999509320185258,CPH
701,8.05634901858866,0.999509320185258,CPH
702,8.08589109646847,0.9995097082643702,CPH
703,8.13714305162737,0.9995101000285063,CPH
704,8.1653998431518,0.9995104947451465,CPH
705,8.21048018708825,0.9995104947451465,CPH
706,8.21211295947433,0.9995104947451465,CPH
707,8.23937271242978,0.9995108940080153,CPH
708,8.24813835375492,0.9995112955549744,CPH
709,8.267738361392,0.999511698989385,CPH
710,8.29071329467003,0.999512104395906,CPH
711,8.2935116982311,0.9995125130358722,CPH
712,8.29465153990426,0.9995129255970319,CPH
713,8.30239101871848,0.9995129255970319,CPH
714,8.30687463283539,0.9995129255970319,CPH
715,8.31118312105536,0.9995129255970319,CPH
716,8.32889627851546,0.9995129255970319,CPH
717,8.33230978064239,0.9995129255970319,CPH
718,8.39196502336411,0.9995133499205081,CPH
719,8.45305258221924,0.9995133499205081,CPH
720,8.46115413866937,0.9995133499205081,CPH
721,8.46243946999311,0.9995133499205081,CPH
722,8.53117337838479,0.9995137819495808,CPH
723,8.53287909361477,0.9995142181541367,CPH
724,8.57059197686613,0.9995142181541367,CPH
725,8.62102027393871,0.9995146593545295,CPH
726,8.67094126470759,0.999515103646119,CPH
727,8.67989665456116,0.999515103646119,CPH
728,8.69309270381927,0.999515103646119,CPH
729,8.70572509326973,0.9995155553013275,CPH
730,8.71740705126651,0.9995160103326785,CPH
731,8.7214986326905,0.9995164693467575,CPH
732,8.73078322632313,0.9995169325623202,CPH
733,8.77041880979812,0.9995173992593644,CPH
734,8.84533216432497,0.9995178697407857,CPH
735,8.85123496654746,0.9995183428377326,CPH
736,8.85437881015241,0.9995183428377326,CPH
737,8.88701309684638,0.9995188213994404,CPH
738,8.91487736431698,0.9995193015690511,CPH
739,8.91733854771141,0.9995197840383229,CPH
740,8.98924565401157,0.9995202697487986,CPH
741,9.00081648677588,0.9995202697487986,CPH
742,9.01555404027638,0.9995207608382054,CPH
743,9.02001551644344,0.9995212543769744,CPH
744,9.03491844730042,0.9995217498867338,CPH
745,9.05195135336825,0.999522247479346,CPH
746,9.05798607614938,0.9995227476973869,CPH
747,9.10834638029337,0.9995227476973869,CPH
748,9.11863722279668,0.9995227476973869,CPH
749,9.15273061324759,0.9995232566727115,CPH
750,9.2308444250375,0.9995232566727115,CPH
751,9.28145372255986,0.9995237712933078,CPH
752,9.29019926961127,0.9995242887256542,CPH
753,9.30543264828522,0.9995248090829753,CPH
754,9.30579032948231,0.9995253342296326,CPH
755,9.35091423802078,0.9995253342296326,CPH
756,9.40546428677005,0.9995258641618578,CPH
757,9.41498247161508,0.9995258641618578,CPH
758,9.43702335056451,0.999526400730764,CPH
759,9.46242688782513,0.999526400730764,CPH
760,9.4947319053059,0.9995269431769531,CPH
761,9.50497507304775,0.9995274897283752,CPH
762,9.51892294719181,0.9995280386773386,CPH
763,9.5263704318752,0.9995285915214525,CPH
764,9.52964993916975,0.9995291463789711,CPH
765,9.54801642434232,0.9995297047242812,CPH
766,9.56086998123377,0.9995302664735812,CPH
767,9.56524181891759,0.9995308321032861,CPH
768,9.5679084956646,0.9995308321032861,CPH
769,9.58196647642011,0.9995314043637594,CPH
770,9.60241975873438,0.9995319841003824,CPH
771,9.66731224581599,0.9995319841003824,CPH
772,9.69639779815059,0.9995325698010579,CPH
773,9.70110165327787,0.9995325698010579,CPH
774,9.70355646093377,0.999533163044572,CPH
775,9.71127904441542,0.9995337633526855,CPH
776,9.715546566993,0.9995337633526855,CPH
777,9.7545283343643,0.9995337633526855,CPH
778,9.7975367391654,0.9995343734581271,CPH
779,9.79998191807156,0.9995349883489184,CPH
780,9.86688482030416,0.9995356137942758,CPH
781,9.89092912897468,0.9995356137942758,CPH
782,9.89686467312276,0.9995356137942758,CPH
783,9.90560659876487,0.999536253081096,CPH
784,9.9217966834431,0.9995368952825022,CPH
785,9.9671665548739,0.9995375413122899,CPH
786,9.97278592146113,0.999538189835917,CPH
787,9.97536135971858,0.9995388448645638,CPH
788,9.98815749128877,0.9995395023697455,CPH
789,9.98819535709449,0.9995401643860635,CPH
790,10.0308587830514,0.9995401643860635,CPH
791,10.0323865084061,0.9995408314482588,CPH
792,10.0514677440991,0.9995415029468238,CPH
793,10.0554678931845,0.999542179655104,CPH
794,10.0827471575851,0.9995428607418683,CPH
795,10.1601115691629,0.9995435500132341,CPH
796,10.1614294045594,0.9995442464264622,CPH
797,10.2078571481183,0.9995449461018432,CPH
798,10.2537715300569,0.9995456491577965,CPH
799,10.2799864398459,0.9995463582711114,CPH
800,10.3003027103841,0.9995463582711114,CPH
801,10.3225366382868,0.9995470773966217,CPH
802,10.3651693482826,0.9995478043031533,CPH
803,10.3932545332379,0.9995485367586129,CPH
804,10.395498900839,0.999549271092186,CPH
805,10.3991593603803,0.9995500079387427,CPH
806,10.4057003594935,0.9995500079387427,CPH
807,10.4314353497523,0.9995507548239199,CPH
808,10.4432351535592,0.9995515064531094,CPH
809,10.4551566609414,0.9995522628626039,CPH
810,10.4552120227391,0.9995530247483355,CPH
811,10.4554601702839,0.9995530247483355,CPH
812,10.457938933745,0.9995530247483355,CPH
813,10.4764497285019,0.9995538037104649,CPH
814,10.4926380570978,0.9995538037104649,CPH
815,10.5042019928051,0.999554594461266,CPH
816,10.507258203383,0.9995553908380083,CPH
817,10.5238907625745,0.9995561935426814,CPH
818,10.5249976795167,0.9995561935426814,CPH
819,10.5390538034378,0.9995570118221593,CPH
820,10.5600451217764,0.9995578448462438,CPH
821,10.5791576320829,0.9995586823807934,CPH
822,10.5879080492215,0.9995595281305621,CPH
823,10.6064583688005,0.9995603764307245,CPH
824,10.6349900933973,0.999561231596971,CPH
825,10.6419001080178,0.9995620943797423,CPH
826,10.6669153083543,0.9995629613013226,CPH
827,10.6678053830871,0.9995638327729865,CPH
828,10.6930587887764,0.9995638327729865,CPH
829,10.7065551401902,0.9995647134557495,CPH
830,10.73197006993,0.9995647134557495,CPH
831,10.7367579625264,0.9995656066678861,CPH
832,10.7413337793034,0.999566504877956,CPH
833,10.7453385517001,0.999566504877956,CPH
834,10.7904983291449,0.9995674078245972,CPH
835,10.8085421410831,0.9995683164367529,CPH
836,10.8194194589837,0.9995692309869771,CPH
837,10.823736747437,0.9995701516736722,CPH
838,10.8239802117552,0.9995710750873011,CPH
839,10.8759457111005,0.9995720064497017,CPH
840,10.8831323736425,0.9995729489945611,CPH
841,10.9180135318668,0.9995738979210363,CPH
842,10.9503324234596,0.9995748521511764,CPH
843,10.9523948556196,0.9995758148489404,CPH
844,10.9780905210371,0.9995767818387817,CPH
845,10.9949284569954,0.999577761959398,CPH
846,11.0058232131414,0.999577761959398,CPH
847,11.0142233624229,0.9995787575308364,CPH
848,11.0285704195585,0.9995797584884841,CPH
849,11.0405227974989,0.9995797584884841,CPH
850,11.0452617614064,0.9995797584884841,CPH
851,11.0522500963416,0.9995797584884841,CPH
852,11.0534369198946,0.9995807858306585,CPH
853,11.0572373168903,0.9995818209503079,CPH
854,11.0701281193777,0.9995828606370754,CPH
855,11.0737414397299,0.9995828606370754,CPH
856,11.0819203350693,0.9995828606370754,CPH
857,11.0944851047825,0.9995828606370754,CPH
858,11.09594781138,0.9995828606370754,CPH
859,11.0990777806894,0.9995839361630535,CPH
860,11.1039095618762,0.9995839361630535,CPH
861,11.1228403835557,0.9995839361630535,CPH
862,11.1254462264478,0.9995839361630535,CPH
863,11.1273780234617,0.9995850454908186,CPH
864,11.1385574005544,0.9995850454908186,CPH
865,11.149158397588,0.9995861723047195,CPH
866,11.1695535220206,0.9995861723047195,CPH
867,11.200651416555,0.9995861723047195,CPH
868,11.2228110731741,0.9995873154728759,CPH
869,11.2352786375311,0.9995884641549713,CPH
870,11.25488724403,0.9995896206609769,CPH
871,11.2572357374304,0.9995907838467173,CPH
872,11.2608472609427,0.9995907838467173,CPH
873,11.2697113013964,0.9995919581985834,CPH
874,11.2731699440628,0.9995919581985834,CPH
875,11.2781451342162,0.9995919581985834,CPH
876,11.3236702237047,0.99959315052366,CPH
877,11.3267757178776,0.9995943500159824,CPH
878,11.3362278384157,0.9995943500159824,CPH
879,11.3446850217183,0.99959556520483,CPH
880,11.3457751169591,0.9995967804310198,CPH
881,11.3510507291216,0.9995979986878032,CPH
882,11.3531935809697,0.9995992248374972,CPH
883,11.3777236874323,0.9996004631138022,CPH
884,11.4193997242034,0.9996017148459666,CPH
885,11.4225975293666,0.9996017148459666,CPH
886,11.4412680689439,0.9996029831644985,CPH
887,11.4441183211748,0.9996029831644985,CPH
888,11.4677148070186,0.9996029831644985,CPH
889,11.472834717948,0.9996029831644985,CPH
890,11.4923788513988,0.9996029831644985,CPH
891,11.5091781483497,0.9996029831644985,CPH
892,11.5273945822585,0.9996043053969568,CPH
893,11.5275253241416,0.9996043053969568,CPH
894,11.5293993054501,0.9996056490178237,CPH
895,11.5453757478168,0.9996069960013348,CPH
896,11.5585369084497,0.9996083437113289,CPH
897,11.624804305844,0.9996083437113289,CPH
898,11.6377070322633,0.9996083437113289,CPH
899,11.6404981277883,0.9996083437113289,CPH
900,11.6551336850971,0.9996083437113289,CPH
901,11.6710417801514,0.9996083437113289,CPH
902,11.6808389288138,0.9996097560758227,CPH
903,11.7077658560593,0.9996097560758227,CPH
904,11.711905392629,0.9996111836288131,CPH
905,11.7309949980117,0.9996111836288131,CPH
906,11.73639581725,0.9996111836288131,CPH
907,11.7766444242046,0.9996126549229303,CPH
908,11.7829456664622,0.9996126549229303,CPH
909,11.8001381107909,0.9996141587500352,CPH
910,11.8033762108344,0.9996156723852895,CPH
911,11.8064184555153,0.999617195306967,CPH
912,11.8237178804266,0.9996187276963637,CPH
913,11.8430176263209,0.9996187276963637,CPH
914,11.8696113573387,0.9996187276963637,CPH
915,11.8702326546053,0.9996203369893168,CPH
916,11.9004479125142,0.9996203369893168,CPH
917,11.9051670118728,0.9996219889672833,CPH
918,11.9061905954827,0.999623670419617,CPH
919,11.9284750366808,0.9996253620473122,CPH
920,11.946830126047,0.9996270547381981,CPH
921,11.9702638458128,0.9996287513643298,CPH
922,12.0584308018898,0.9996304881034196,CPH
923,12.1033948580734,0.9996304881034196,CPH
924,12.1068432699994,0.9996322372688922,CPH
925,12.1108458990201,0.9996339964677774,CPH
926,12.1143606819379,0.9996357556654257,CPH
927,12.1309210886401,0.9996375182059574,CPH
928,12.2061585309288,0.9996392893236086,CPH
929,12.3102402784405,0.9996410779693904,CPH
930,12.3352896808647,0.9996410779693904,CPH
931,12.3365845684893,0.9996410779693904,CPH
932,12.3529096245225,0.9996429701609897,CPH
933,12.3606594559657,0.9996448648359378,CPH
934,12.3845084228221,0.9996467684474345,CPH
935,12.3998587393633,0.9996486683645542,CPH
936,12.4008111227304,0.9996486683645542,CPH
937,12.4306606706232,0.9996486683645542,CPH
938,12.435783598572,0.9996486683645542,CPH
939,12.4866411243565,0.9996486683645542,CPH
940,12.4921027235687,0.9996486683645542,CPH
941,12.4953174032271,0.9996486683645542,CPH
942,12.5502794715576,0.9996486683645542,CPH
943,12.567819905563,0.9996507666312024,CPH
944,12.5703232493252,0.9996507666312024,CPH
945,12.5964569349308,0.9996507666312024,CPH
946,12.5981012710722,0.9996529457904507,CPH
947,12.6522917882916,0.9996551397896828,CPH
948,12.6793508047704,0.9996551397896828,CPH
949,12.7240422291623,0.9996573534611263,CPH
950,12.731296654325,0.9996573534611263,CPH
951,12.7874445498455,0.9996573534611263,CPH
952,12.8012605584334,0.9996596166894547,CPH
953,12.8099927807304,0.9996618742228671,CPH
954,12.8524453602731,0.9996618742228671,CPH
955,12.8606869667054,0.9996641303304095,CPH
956,12.8770905281417,0.9996641303304095,CPH
957,12.8812215526326,0.9996663842125948,CPH
958,12.9066489499528,0.9996663842125948,CPH
959,12.9172311700461,0.9996686677635993,CPH
960,12.9336530668863,0.9996709254973637,CPH
961,12.9404929911252,0.9996709254973637,CPH
962,12.9434536725748,0.9996709254973637,CPH
963,12.9503185234498,0.9996709254973637,CPH
964,12.9576107952744,0.9996709254973637,CPH
965,12.9864191068336,0.9996709254973637,CPH
966,13.0168752230878,0.9996733725753788,CPH
967,13.0462418283547,0.999675799722253,CPH
968,13.0911590085345,0.9996781919172897,CPH
969,13.1162069414277,0.9996781919172897,CPH
970,13.1248032585224,0.9996807024409697,CPH
971,13.1288195463208,0.9996831771308808,CPH
972,13.1460929769091,0.9996831771308808,CPH
973,13.1491809491999,0.9996831771308808,CPH
974,13.1870539181766,0.999685682588463,CPH
975,13.1898989864069,0.9996881125652701,CPH
976,13.2061579545189,0.9996903907570007,CPH
977,13.2147331168057,0.9996926267764504,CPH
978,13.3383138037752,0.9996926267764504,CPH
979,13.340801621107,0.9996948606240196,CPH
980,13.3841472098138,0.9996948606240196,CPH
981,13.387439328013,0.9996948606240196,CPH
982,13.4227265772837,0.9996973241815524,CPH
983,13.425643382594,0.9996973241815524,CPH
984,13.4586660980357,0.9996995504314157,CPH
985,13.4907975240567,0.9997014203453554,CPH
986,13.6435509979716,0.9997027615150849,CPH
987,13.7164268037475,0.999703507166474,CPH
988,13.8004232436025,0.9997035193919674,CPH
989,13.828071534168,0.9997035193919674,CPH
990,14.1792131745727,0.999702620693922,CPH
991,14.211249706801,0.999702620693922,CPH
992,14.3135921326248,0.9997003142652261,CPH
993,14.3198919688395,0.9996962206970098,CPH
994,14.4144931307126,0.9996895838130039,CPH
995,14.4255141941086,0.9996783490050299,CPH
996,14.4626026975457,0.9996783490050299,CPH
997,14.4719435926527,0.9996783490050299,CPH
998,14.4911599102967,0.9996393948897235,CPH
999,14.6774132658964,0.9995103908164902,CPH
