,time,sigma,method,cluster,model
0,5.7276740009599,1.8241358509488228e-10,shap,1,cph
1,8.09374857395186,1.8241358509488228e-10,shap,1,cph
2,9.8260812409196,3.652289141654683e-10,shap,1,cph
3,13.3762370520276,5.484326308788956e-10,shap,1,cph
4,16.3526286943034,7.317123149223284e-10,shap,1,cph
5,16.5324716997911,9.150452491771286e-10,shap,1,cph
6,18.3696086314022,1.0985335594643529e-09,shap,1,cph
7,18.4058542755547,1.2820812913886569e-09,shap,1,cph
8,18.6262876004158,1.465977987357304e-09,shap,1,cph
9,19.5408314772914,1.6499581231227026e-09,shap,1,cph
10,19.7069152961622,1.8340435468362359e-09,shap,1,cph
11,20.0799076752599,2.01845224576936e-09,shap,1,cph
12,20.6656184787953,2.202790275864628e-09,shap,1,cph
13,22.1846062056455,2.387139765406063e-09,shap,1,cph
14,22.187595602074,2.5715549330563386e-09,shap,1,cph
15,22.2867582614098,2.7561622256932977e-09,shap,1,cph
16,22.5988458321695,2.9407221051291116e-09,shap,1,cph
17,23.1033246879691,2.9407221051291116e-09,shap,1,cph
18,24.0466904880672,2.9407221051291116e-09,shap,1,cph
19,25.1093634885783,2.9407221051291116e-09,shap,1,cph
20,25.1639437418928,3.1264066930916273e-09,shap,1,cph
21,26.2108145867548,3.3121252083195518e-09,shap,1,cph
22,26.3843332929163,3.497927649479971e-09,shap,1,cph
23,26.6649702788906,3.6837473508861576e-09,shap,1,cph
24,27.6129410978016,3.869610668310925e-09,shap,1,cph
25,29.4865466115167,4.055671848984918e-09,shap,1,cph
26,29.5108417596276,4.055671848984918e-09,shap,1,cph
27,30.5483139108515,4.242110932824451e-09,shap,1,cph
28,33.3430340567446,4.428675835870109e-09,shap,1,cph
29,33.4548478680592,4.615327446423929e-09,shap,1,cph
30,33.469916956898,4.615327446423929e-09,shap,1,cph
31,33.8930388592888,4.802239807718322e-09,shap,1,cph
32,34.7727355371029,4.989335738344386e-09,shap,1,cph
33,35.2844925649236,5.1765819829664815e-09,shap,1,cph
34,35.7073814823948,5.363931378633256e-09,shap,1,cph
35,36.2203630985143,5.551337108733555e-09,shap,1,cph
36,36.639450323588,5.738665512320285e-09,shap,1,cph
37,36.7108887751388,5.926110699096206e-09,shap,1,cph
38,37.0481852099071,6.113659363704387e-09,shap,1,cph
39,37.1657490480909,6.301761501645771e-09,shap,1,cph
40,37.2550472882151,6.4898250314317195e-09,shap,1,cph
41,37.3685490703465,6.6780701100065125e-09,shap,1,cph
42,37.4228891972398,6.866346337208187e-09,shap,1,cph
43,37.7199178463048,6.866346337208187e-09,shap,1,cph
44,38.1937080244626,7.054711696637086e-09,shap,1,cph
45,39.6298544347067,7.243043818502222e-09,shap,1,cph
46,39.7939078692797,7.43133423256482e-09,shap,1,cph
47,39.9197998744604,7.61959150128262e-09,shap,1,cph
48,41.9913318012214,7.807830205170795e-09,shap,1,cph
49,42.0147112240308,7.996295494451948e-09,shap,1,cph
50,42.3955009437433,8.184784632116483e-09,shap,1,cph
51,43.2339180208654,8.37337784671521e-09,shap,1,cph
52,43.6458675687477,8.562127175940208e-09,shap,1,cph
53,43.6661322854132,8.750876739308922e-09,shap,1,cph
54,44.3564192680243,8.750876739308922e-09,shap,1,cph
55,44.7282320203048,8.940205976345858e-09,shap,1,cph
56,44.8191211866179,9.129685916047778e-09,shap,1,cph
57,45.0219391333436,9.129685916047778e-09,shap,1,cph
58,46.0511726396585,9.319695552865865e-09,shap,1,cph
59,46.3082892789738,9.509725906585244e-09,shap,1,cph
60,46.6996337992101,9.699796178945982e-09,shap,1,cph
61,47.4705969004833,9.890113351675172e-09,shap,1,cph
62,47.9099165359395,1.0080398758960592e-08,shap,1,cph
63,48.816722006202,1.0270657390102527e-08,shap,1,cph
64,49.9480884102635,1.0461062433267381e-08,shap,1,cph
65,50.387916235596,1.065178985580563e-08,shap,1,cph
66,50.4525749130593,1.0842644934946923e-08,shap,1,cph
67,50.4674845058532,1.1033470448378007e-08,shap,1,cph
68,50.6130527703763,1.1224279547887782e-08,shap,1,cph
69,50.7277011053767,1.1415071222975115e-08,shap,1,cph
70,51.2149088629604,1.1605973307114549e-08,shap,1,cph
71,51.4750074183884,1.1797025653497009e-08,shap,1,cph
72,52.1137764677418,1.1988251547286025e-08,shap,1,cph
73,52.7986597344129,1.2179640638197939e-08,shap,1,cph
74,52.9780113671687,1.2179640638197939e-08,shap,1,cph
75,53.2185510629582,1.2371368428488963e-08,shap,1,cph
76,53.5016999509569,1.2563353453406165e-08,shap,1,cph
77,54.7807179167552,1.2755393416839796e-08,shap,1,cph
78,55.0997748985582,1.2947575211957408e-08,shap,1,cph
79,55.7678203653712,1.3139788298444438e-08,shap,1,cph
80,55.8801022322739,1.3331960684114429e-08,shap,1,cph
81,55.9462086242552,1.3524527599003215e-08,shap,1,cph
82,57.0226236043113,1.3717244001033736e-08,shap,1,cph
83,57.1934959623247,1.390998355250512e-08,shap,1,cph
84,57.8671160048525,1.4102863294432036e-08,shap,1,cph
85,58.5260431224639,1.429564903964233e-08,shap,1,cph
86,58.8988090809779,1.4488516251012468e-08,shap,1,cph
87,59.3122833999827,1.468152820588706e-08,shap,1,cph
88,59.4607147276812,1.487497000487847e-08,shap,1,cph
89,60.5499402414557,1.506865829583252e-08,shap,1,cph
90,60.5911907737527,1.526260457522726e-08,shap,1,cph
91,60.9850739088222,1.545666448267039e-08,shap,1,cph
92,61.0995794135042,1.5650764819703413e-08,shap,1,cph
93,61.5602598275207,1.5844875497287614e-08,shap,1,cph
94,61.6073120529229,1.603926814866989e-08,shap,1,cph
95,61.6914890472756,1.6233669178853722e-08,shap,1,cph
96,61.8441287717167,1.642805155816629e-08,shap,1,cph
97,62.0390701384722,1.6622408939328783e-08,shap,1,cph
98,62.039299666202,1.681674283015021e-08,shap,1,cph
99,62.3364056353158,1.7011001492746885e-08,shap,1,cph
100,63.3319255974616,1.720525162265394e-08,shap,1,cph
101,63.3967251083319,1.7399390148635033e-08,shap,1,cph
102,63.6040374382257,1.7399390148635033e-08,shap,1,cph
103,63.6228888630133,1.7593715724679985e-08,shap,1,cph
104,64.2583596199678,1.7788094495844836e-08,shap,1,cph
105,64.8787054632602,1.7982528549863982e-08,shap,1,cph
106,65.3277575005134,1.8177266406560667e-08,shap,1,cph
107,65.4313244071148,1.837206824179939e-08,shap,1,cph
108,65.9357148983267,1.856727598430203e-08,shap,1,cph
109,66.0726448588306,1.8762466781663195e-08,shap,1,cph
110,66.0774026537222,1.8957725355503555e-08,shap,1,cph
111,66.1108935810034,1.9152975372285563e-08,shap,1,cph
112,66.4752423944368,1.9348170519465835e-08,shap,1,cph
113,66.6779640508845,1.9543284701112983e-08,shap,1,cph
114,66.8876175790487,1.973827946558842e-08,shap,1,cph
115,66.8943963068677,1.9933258531519544e-08,shap,1,cph
116,67.3239606921629,2.012834162597993e-08,shap,1,cph
117,67.9076722620203,2.0323375511634985e-08,shap,1,cph
118,68.0355287579835,2.0518430289421553e-08,shap,1,cph
119,68.6862956689451,2.0518430289421553e-08,shap,1,cph
120,68.7714824860528,2.0518430289421553e-08,shap,1,cph
121,69.0457904799936,2.071435578436883e-08,shap,1,cph
122,69.57876342164,2.0910401533982688e-08,shap,1,cph
123,69.8656588625857,2.1106681182086467e-08,shap,1,cph
124,70.124020728895,2.13033969519361e-08,shap,1,cph
125,70.2688991178392,2.1500335821065145e-08,shap,1,cph
126,70.3152540615195,2.1697218666167245e-08,shap,1,cph
127,70.4963890559108,2.1894291668045887e-08,shap,1,cph
128,70.7717357997882,2.2091560618049616e-08,shap,1,cph
129,71.1621847832659,2.2289126077970858e-08,shap,1,cph
130,71.1960062574924,2.248664628851489e-08,shap,1,cph
131,71.4329875352147,2.268412488407947e-08,shap,1,cph
132,71.7590763967491,2.2881939364681277e-08,shap,1,cph
133,71.8527279869573,2.3079897644917902e-08,shap,1,cph
134,72.6386387201208,2.3278001248854857e-08,shap,1,cph
135,72.7034228115443,2.3476140988128618e-08,shap,1,cph
136,73.1011761579715,2.3674694241817676e-08,shap,1,cph
137,73.361828397156,2.387337056275173e-08,shap,1,cph
138,73.6534884579961,2.4072557701363087e-08,shap,1,cph
139,73.6999957087725,2.4272182723605036e-08,shap,1,cph
140,73.900868083148,2.4472162652382977e-08,shap,1,cph
141,74.0192927988343,2.4672161302395764e-08,shap,1,cph
142,74.3128159458771,2.4872181672724847e-08,shap,1,cph
143,74.3936924514593,2.507222808461177e-08,shap,1,cph
144,74.5283603453583,2.527275600255376e-08,shap,1,cph
145,74.5908913956862,2.547352417920263e-08,shap,1,cph
146,74.775987153997,2.5674303286523717e-08,shap,1,cph
147,74.9353675221163,2.587513531340917e-08,shap,1,cph
148,75.0832031296154,2.60761962750607e-08,shap,1,cph
149,75.2081941834832,2.6277283439013466e-08,shap,1,cph
150,75.3659260297518,2.6478655949378705e-08,shap,1,cph
151,76.153402130577,2.6680109079210273e-08,shap,1,cph
152,76.6190359112656,2.6881547711380677e-08,shap,1,cph
153,76.7868444803368,2.7083119545886837e-08,shap,1,cph
154,76.8711847477194,2.7284842256391128e-08,shap,1,cph
155,77.212262604897,2.748666055804362e-08,shap,1,cph
156,77.2230306162331,2.7688494181177014e-08,shap,1,cph
157,77.7788666776843,2.7890342991842775e-08,shap,1,cph
158,77.9138354855515,2.809236061080565e-08,shap,1,cph
159,77.9619297798254,2.8294316331372865e-08,shap,1,cph
160,78.0247060791338,2.8294316331372865e-08,shap,1,cph
161,78.6934466402973,2.8496751256523508e-08,shap,1,cph
162,78.895065846448,2.8699131176736644e-08,shap,1,cph
163,79.0408890268584,2.890163483071083e-08,shap,1,cph
164,79.496164369872,2.9104287998970117e-08,shap,1,cph
165,79.6754126603074,2.9306921925273394e-08,shap,1,cph
166,80.5763782616856,2.950960965619017e-08,shap,1,cph
167,81.5956767051204,2.971227322120513e-08,shap,1,cph
168,81.8797828837486,2.991502200283594e-08,shap,1,cph
169,83.1221326253997,3.011798322633388e-08,shap,1,cph
170,83.5668605623725,3.0320990524072044e-08,shap,1,cph
171,83.7835354640054,3.0320990524072044e-08,shap,1,cph
172,84.2603241031778,3.052442207202345e-08,shap,1,cph
173,84.893346429699,3.0728053254142114e-08,shap,1,cph
174,85.0294507595396,3.093171758101201e-08,shap,1,cph
175,85.0728273017397,3.11357785354237e-08,shap,1,cph
176,85.3277932602149,3.134011434792458e-08,shap,1,cph
177,86.2809362403088,3.154440381492874e-08,shap,1,cph
178,86.3463928751794,3.1748770095589165e-08,shap,1,cph
179,86.7376629864842,3.1953100979469964e-08,shap,1,cph
180,87.3329336433959,3.2157787036531556e-08,shap,1,cph
181,87.5419544517796,3.23629444341362e-08,shap,1,cph
182,87.6987853478687,3.2568382869310655e-08,shap,1,cph
183,89.0353757535229,3.277394421371641e-08,shap,1,cph
184,89.0912941669003,3.2979419376226404e-08,shap,1,cph
185,89.2594789782061,3.2979419376226404e-08,shap,1,cph
186,89.5329102018555,3.31853797886079e-08,shap,1,cph
187,89.741670071848,3.3391317188192115e-08,shap,1,cph
188,89.8176391067358,3.359747701303637e-08,shap,1,cph
189,89.839397060129,3.380376095153381e-08,shap,1,cph
190,89.9108827393268,3.401049631840751e-08,shap,1,cph
191,90.4442998144771,3.421766784549115e-08,shap,1,cph
192,91.4882817914957,3.442475402387273e-08,shap,1,cph
193,91.5277622190697,3.463195563758391e-08,shap,1,cph
194,91.5398585798176,3.483922984343861e-08,shap,1,cph
195,91.8947817118717,3.5046603119206644e-08,shap,1,cph
196,91.9246622049845,3.525391203402646e-08,shap,1,cph
197,92.5511199439162,3.546151707889636e-08,shap,1,cph
198,92.7256641737893,3.5669253652254007e-08,shap,1,cph
199,92.9267065881184,3.5877093046396545e-08,shap,1,cph
200,93.3529984647829,3.608541171006323e-08,shap,1,cph
201,93.3624994781386,3.6293799228696665e-08,shap,1,cph
202,93.5022447816811,3.6502366110035584e-08,shap,1,cph
203,93.8294512347781,3.671136701953185e-08,shap,1,cph
204,93.9291474844327,3.692044719078655e-08,shap,1,cph
205,94.2757301786967,3.713004033721023e-08,shap,1,cph
206,94.4492839739141,3.733991160594847e-08,shap,1,cph
207,94.6449968243634,3.754982668229035e-08,shap,1,cph
208,94.647774896753,3.754982668229035e-08,shap,1,cph
209,94.7606296422781,3.776022180761647e-08,shap,1,cph
210,95.4870195355126,3.797082709456635e-08,shap,1,cph
211,96.2371129571612,3.81814846317059e-08,shap,1,cph
212,96.302562118101,3.8392122891689235e-08,shap,1,cph
213,96.3088445985255,3.860311274762982e-08,shap,1,cph
214,96.3496919624143,3.8814157766559146e-08,shap,1,cph
215,97.4274380657264,3.902532798668108e-08,shap,1,cph
216,97.5231589017018,3.923664438519753e-08,shap,1,cph
217,97.7683795318995,3.944786126493846e-08,shap,1,cph
218,97.8404080592116,3.965972806868041e-08,shap,1,cph
219,97.8511488485416,3.9871528764551304e-08,shap,1,cph
220,97.8891431708597,4.008370761863052e-08,shap,1,cph
221,98.150170904053,4.029627643443335e-08,shap,1,cph
222,98.3862529298763,4.0508718501663077e-08,shap,1,cph
223,98.96075951193,4.0721186535685153e-08,shap,1,cph
224,99.184859305585,4.093365336075773e-08,shap,1,cph
225,99.256918794034,4.11460416018349e-08,shap,1,cph
226,99.3985752644125,4.13584652140076e-08,shap,1,cph
227,100.340448246074,4.157120582705213e-08,shap,1,cph
228,100.543790614168,4.157120582705213e-08,shap,1,cph
229,100.706745198834,4.178502593291168e-08,shap,1,cph
230,101.438539780336,4.199877211286219e-08,shap,1,cph
231,101.630119691933,4.2212509067686986e-08,shap,1,cph
232,101.998453401079,4.242663926265452e-08,shap,1,cph
233,102.332648637604,4.264092108009654e-08,shap,1,cph
234,102.354573675495,4.264092108009654e-08,shap,1,cph
235,102.518196438661,4.285560758667629e-08,shap,1,cph
236,102.529275063325,4.30703630615246e-08,shap,1,cph
237,102.577678902845,4.328539357956444e-08,shap,1,cph
238,102.74236051535,4.350053493660695e-08,shap,1,cph
239,102.790689131512,4.350053493660695e-08,shap,1,cph
240,103.158222178562,4.3716221756025954e-08,shap,1,cph
241,103.362281530125,4.39317768195751e-08,shap,1,cph
242,103.385715920318,4.39317768195751e-08,shap,1,cph
243,103.514429790312,4.414793399389332e-08,shap,1,cph
244,103.603162984104,4.436393005037038e-08,shap,1,cph
245,103.731014640015,4.458007386658963e-08,shap,1,cph
246,103.84227065228,4.479648608624272e-08,shap,1,cph
247,103.867988004032,4.501299855927166e-08,shap,1,cph
248,104.351880606132,4.52294799839068e-08,shap,1,cph
249,104.461555253281,4.5445975181412544e-08,shap,1,cph
250,104.961214454545,4.566252907351638e-08,shap,1,cph
251,104.963835169828,4.587902352359453e-08,shap,1,cph
252,105.036373069391,4.609540204911872e-08,shap,1,cph
253,105.280491837206,4.631185150304016e-08,shap,1,cph
254,105.426641838281,4.652828602862519e-08,shap,1,cph
255,105.506587742593,4.674468522679484e-08,shap,1,cph
256,105.98278092436,4.696109941819894e-08,shap,1,cph
257,106.609948425712,4.7177937388348344e-08,shap,1,cph
258,106.613523361908,4.739475898368942e-08,shap,1,cph
259,107.012707689663,4.761154947614906e-08,shap,1,cph
260,107.114628953067,4.7828265675853655e-08,shap,1,cph
261,107.633276164499,4.804524680727408e-08,shap,1,cph
262,107.722200533326,4.8262287384292325e-08,shap,1,cph
263,107.806241341694,4.847999297153982e-08,shap,1,cph
264,107.872646262623,4.8698046989009564e-08,shap,1,cph
265,108.199316980549,4.891612434885733e-08,shap,1,cph
266,108.460751282372,4.913410392540588e-08,shap,1,cph
267,108.792361849014,4.935213039778525e-08,shap,1,cph
268,108.817216955172,4.9570105083958286e-08,shap,1,cph
269,108.895129786359,4.9788236926797495e-08,shap,1,cph
270,108.986513217502,4.9788236926797495e-08,shap,1,cph
271,109.275059488856,5.000664997192943e-08,shap,1,cph
272,109.276250204745,5.0225901057932693e-08,shap,1,cph
273,109.38259753031,5.0445240565087506e-08,shap,1,cph
274,109.438184379564,5.0665061385315096e-08,shap,1,cph
275,109.819117116392,5.088474252321853e-08,shap,1,cph
276,109.884116047291,5.1104303755489e-08,shap,1,cph
277,111.274061298875,5.132393360853538e-08,shap,1,cph
278,111.441345671868,5.1543801952166995e-08,shap,1,cph
279,111.817496459726,5.1764078165589466e-08,shap,1,cph
280,112.481968705663,5.1984502451220505e-08,shap,1,cph
281,112.664956621128,5.2205286562835224e-08,shap,1,cph
282,113.697416562123,5.242644609653633e-08,shap,1,cph
283,114.072207267588,5.264755135174001e-08,shap,1,cph
284,114.195629950136,5.2868991047496746e-08,shap,1,cph
285,114.231914981036,5.309037399802786e-08,shap,1,cph
286,114.257274598881,5.331174628538838e-08,shap,1,cph
287,115.202916208458,5.353304987684318e-08,shap,1,cph
288,115.332252687598,5.375429743054066e-08,shap,1,cph
289,115.418358192165,5.397573136720427e-08,shap,1,cph
290,115.455737489792,5.41977134755645e-08,shap,1,cph
291,115.502886984621,5.441985936111428e-08,shap,1,cph
292,115.518116278234,5.464211534880746e-08,shap,1,cph
293,115.652946995877,5.486479015430962e-08,shap,1,cph
294,115.68723097323,5.508782307767981e-08,shap,1,cph
295,115.734935039279,5.5310888490158725e-08,shap,1,cph
296,115.737097452124,5.5534040316180166e-08,shap,1,cph
297,117.397485422577,5.575710520600782e-08,shap,1,cph
298,117.428335829222,5.5980404563487535e-08,shap,1,cph
299,117.644317093251,5.620364816653029e-08,shap,1,cph
300,117.823235548636,5.642699798046132e-08,shap,1,cph
301,118.009037876814,5.665087003135466e-08,shap,1,cph
302,118.021980979713,5.687518010327265e-08,shap,1,cph
303,118.307281376194,5.709972955502259e-08,shap,1,cph
304,118.465330021822,5.732461590575932e-08,shap,1,cph
305,118.652148793437,5.7549588675631195e-08,shap,1,cph
306,118.696132714475,5.7774987318567674e-08,shap,1,cph
307,118.742096644913,5.8000339237390746e-08,shap,1,cph
308,118.794400626481,5.8226008782503745e-08,shap,1,cph
309,118.961459981576,5.845172692821455e-08,shap,1,cph
310,119.13768557996,5.8677445466731006e-08,shap,1,cph
311,119.295710447501,5.890307967963912e-08,shap,1,cph
312,119.299593633887,5.912861767713595e-08,shap,1,cph
313,119.405740380124,5.935416395350991e-08,shap,1,cph
314,119.635955853174,5.9579790423701955e-08,shap,1,cph
315,120.251896442308,5.980540907602851e-08,shap,1,cph
316,120.291133716645,5.980540907602851e-08,shap,1,cph
317,120.605015309511,6.0032174499133e-08,shap,1,cph
318,120.617070209885,6.025907685711643e-08,shap,1,cph
319,120.955598201109,6.048625595854813e-08,shap,1,cph
320,121.035375853148,6.071358091536317e-08,shap,1,cph
321,121.100190613366,6.094108284674993e-08,shap,1,cph
322,122.310916989285,6.116847648373959e-08,shap,1,cph
323,122.503092181449,6.139585424565844e-08,shap,1,cph
324,122.753657235528,6.162388260606163e-08,shap,1,cph
325,123.431332803373,6.18527375347166e-08,shap,1,cph
326,123.906083114207,6.208154941266364e-08,shap,1,cph
327,124.645446117141,6.231030815784268e-08,shap,1,cph
328,125.222648958588,6.231030815784268e-08,shap,1,cph
329,125.348380169384,6.253955029611313e-08,shap,1,cph
330,125.663250961743,6.276881690265598e-08,shap,1,cph
331,125.794556899806,6.299829085039726e-08,shap,1,cph
332,126.167838526937,6.322791334387316e-08,shap,1,cph
333,126.35897229477,6.345767699290785e-08,shap,1,cph
334,126.609836648144,6.368741648476313e-08,shap,1,cph
335,126.925940472648,6.391732045668904e-08,shap,1,cph
336,127.139675519825,6.414718040403721e-08,shap,1,cph
337,127.30046651013,6.437723395382086e-08,shap,1,cph
338,127.572942219052,6.46072299023671e-08,shap,1,cph
339,127.794495457043,6.483775956644296e-08,shap,1,cph
340,128.043554943563,6.506848306687893e-08,shap,1,cph
341,128.106599066869,6.529971527958122e-08,shap,1,cph
342,128.165975193608,6.553121140934134e-08,shap,1,cph
343,128.405209813532,6.57631402688013e-08,shap,1,cph
344,128.95553062631,6.599559079512075e-08,shap,1,cph
345,130.034746113779,6.599559079512075e-08,shap,1,cph
346,130.312820970094,6.62287683687879e-08,shap,1,cph
347,131.244513595208,6.646233895552962e-08,shap,1,cph
348,131.261137718325,6.669584004022448e-08,shap,1,cph
349,131.407175210303,6.693008070340127e-08,shap,1,cph
350,131.736234874938,6.693008070340127e-08,shap,1,cph
351,131.870658706744,6.716529854665554e-08,shap,1,cph
352,131.995504695445,6.740118441743748e-08,shap,1,cph
353,132.06242946784,6.76370879359424e-08,shap,1,cph
354,132.066775245984,6.787288964400628e-08,shap,1,cph
355,132.191769499815,6.810877154595144e-08,shap,1,cph
356,132.215627195751,6.834455457584245e-08,shap,1,cph
357,132.250934711781,6.858127226139648e-08,shap,1,cph
358,132.682491990911,6.858127226139648e-08,shap,1,cph
359,133.096312905975,6.881841714496321e-08,shap,1,cph
360,133.7479803959,6.905564199222967e-08,shap,1,cph
361,133.78558153373,6.929283314413447e-08,shap,1,cph
362,134.083389318164,6.953081227782421e-08,shap,1,cph
363,134.260328357112,6.976905570582395e-08,shap,1,cph
364,134.479128907719,7.000716442652325e-08,shap,1,cph
365,134.68039723503,7.024634682021352e-08,shap,1,cph
366,134.985186287299,7.048559330761465e-08,shap,1,cph
367,135.024318931394,7.072486265830765e-08,shap,1,cph
368,135.066063973691,7.096404481174833e-08,shap,1,cph
369,135.172928885212,7.120418971078398e-08,shap,1,cph
370,135.336978552045,7.144459064763827e-08,shap,1,cph
371,135.489509056981,7.168484152889309e-08,shap,1,cph
372,135.658867792345,7.192542970228548e-08,shap,1,cph
373,136.110583161746,7.216645867627978e-08,shap,1,cph
374,136.122169743504,7.240785308408074e-08,shap,1,cph
375,137.174928963393,7.264934696502827e-08,shap,1,cph
376,137.229031469963,7.289157316211226e-08,shap,1,cph
377,138.011195059351,7.313369934868738e-08,shap,1,cph
378,138.037696342162,7.337575749421563e-08,shap,1,cph
379,138.119877879324,7.361766566409803e-08,shap,1,cph
380,138.130102493287,7.386005355976537e-08,shap,1,cph
381,138.151132820237,7.386005355976537e-08,shap,1,cph
382,138.169358023565,7.410328704334593e-08,shap,1,cph
383,138.358073713224,7.4346623724512e-08,shap,1,cph
384,138.457692541206,7.4346623724512e-08,shap,1,cph
385,138.80184894136,7.459069171410517e-08,shap,1,cph
386,139.182629056236,7.483515382934458e-08,shap,1,cph
387,139.287329483318,7.50798760791588e-08,shap,1,cph
388,139.488893475395,7.532491671829726e-08,shap,1,cph
389,139.597911364195,7.557041172311391e-08,shap,1,cph
390,139.746718114905,7.557041172311391e-08,shap,1,cph
391,139.859450246311,7.581720275213357e-08,shap,1,cph
392,140.84716664592,7.60638692246074e-08,shap,1,cph
393,141.009417180749,7.631069021651224e-08,shap,1,cph
394,141.574938651238,7.655793471783885e-08,shap,1,cph
395,141.835709612269,7.68055080559217e-08,shap,1,cph
396,142.275534110336,7.705350049885466e-08,shap,1,cph
397,142.286680432703,7.730193431070183e-08,shap,1,cph
398,142.458087253793,7.755072323282022e-08,shap,1,cph
399,142.947647033354,7.779929029419846e-08,shap,1,cph
400,142.977548051003,7.804763816999092e-08,shap,1,cph
401,143.153084031703,7.829595922903014e-08,shap,1,cph
402,143.539600174436,7.854446988523104e-08,shap,1,cph
403,143.579826155243,7.854446988523104e-08,shap,1,cph
404,143.93903132894,7.87939556666981e-08,shap,1,cph
405,143.972986970041,7.87939556666981e-08,shap,1,cph
406,144.040598060388,7.904463770426579e-08,shap,1,cph
407,144.254817863163,7.929595776076802e-08,shap,1,cph
408,144.473740661629,7.954710782732607e-08,shap,1,cph
409,144.535033732714,7.979865859117987e-08,shap,1,cph
410,144.742825931664,8.005042809505209e-08,shap,1,cph
411,145.178645008633,8.030196736733427e-08,shap,1,cph
412,145.238542731687,8.055370991855447e-08,shap,1,cph
413,145.249258937126,8.080557125120172e-08,shap,1,cph
414,145.292393538389,8.105813966885967e-08,shap,1,cph
415,145.954663858613,8.131047565644521e-08,shap,1,cph
416,145.985241315167,8.156328157291392e-08,shap,1,cph
417,146.193942487578,8.181594417865649e-08,shap,1,cph
418,147.259342273353,8.206923833759767e-08,shap,1,cph
419,147.926587754909,8.23231545429036e-08,shap,1,cph
420,148.164289943448,8.257758197122332e-08,shap,1,cph
421,148.691389141341,8.283210369591564e-08,shap,1,cph
422,148.691686421037,8.308711272750906e-08,shap,1,cph
423,148.743922901434,8.334223092273892e-08,shap,1,cph
424,149.618673634072,8.334223092273892e-08,shap,1,cph
425,149.727263680366,8.359825933408565e-08,shap,1,cph
426,149.747493814455,8.385463170686201e-08,shap,1,cph
427,149.934284735286,8.411132763959863e-08,shap,1,cph
428,149.98155417552,8.436844608533573e-08,shap,1,cph
429,150.246504232208,8.462620567151848e-08,shap,1,cph
430,150.460590548321,8.462620567151848e-08,shap,1,cph
431,150.692219524442,8.488517940632615e-08,shap,1,cph
432,150.993569537895,8.514410373303466e-08,shap,1,cph
433,151.082449564987,8.54032342688011e-08,shap,1,cph
434,151.489427025528,8.56622730087619e-08,shap,1,cph
435,151.495206733128,8.592117987475524e-08,shap,1,cph
436,151.867401694828,8.618004232045741e-08,shap,1,cph
437,151.999026530691,8.643913324351607e-08,shap,1,cph
438,152.141361866628,8.669875816633302e-08,shap,1,cph
439,152.354320988674,8.669875816633302e-08,shap,1,cph
440,152.677505734211,8.69594104541173e-08,shap,1,cph
441,152.772749406231,8.722041444196771e-08,shap,1,cph
442,152.975366475602,8.748176563823984e-08,shap,1,cph
443,153.465037453238,8.774415632221887e-08,shap,1,cph
444,154.062051109427,8.800775023958718e-08,shap,1,cph
445,154.205421639093,8.827161443669877e-08,shap,1,cph
446,154.884702400928,8.853644333260447e-08,shap,1,cph
447,155.007361845716,8.880129653852564e-08,shap,1,cph
448,155.109031748326,8.906717978743554e-08,shap,1,cph
449,155.421101490995,8.933287818746932e-08,shap,1,cph
450,155.537377127152,8.959843144718289e-08,shap,1,cph
451,155.857724758708,8.986458500964475e-08,shap,1,cph
452,156.227223671413,9.013075629639613e-08,shap,1,cph
453,156.245264862552,9.039686726827145e-08,shap,1,cph
454,156.541943986721,9.066354275020557e-08,shap,1,cph
455,156.867492628999,9.093047259654924e-08,shap,1,cph
456,157.061849286816,9.119751116527898e-08,shap,1,cph
457,157.925559092811,9.146510414070218e-08,shap,1,cph
458,158.027477374291,9.173369215895205e-08,shap,1,cph
459,158.215004358952,9.200308389564674e-08,shap,1,cph
460,158.484105338459,9.227228509320181e-08,shap,1,cph
461,158.756366050004,9.254142864525464e-08,shap,1,cph
462,158.984801353374,9.28109382566807e-08,shap,1,cph
463,159.116946644237,9.30804727123288e-08,shap,1,cph
464,159.263201044013,9.335001113410342e-08,shap,1,cph
465,159.277132885154,9.362031710737728e-08,shap,1,cph
466,159.279537641376,9.389049681253687e-08,shap,1,cph
467,159.323149772315,9.416108778251502e-08,shap,1,cph
468,159.83331517886,9.443206964766682e-08,shap,1,cph
469,160.027812435515,9.470308241933607e-08,shap,1,cph
470,160.705871364243,9.497392589323299e-08,shap,1,cph
471,160.706945450415,9.524508967142336e-08,shap,1,cph
472,161.054036390003,9.551603572471975e-08,shap,1,cph
473,161.105955657393,9.578736192513458e-08,shap,1,cph
474,161.243398920031,9.605892816818954e-08,shap,1,cph
475,161.812875463568,9.633060464723242e-08,shap,1,cph
476,161.835888439695,9.660223516578587e-08,shap,1,cph
477,161.919500752531,9.687386134122169e-08,shap,1,cph
478,161.94596487798,9.714697167901098e-08,shap,1,cph
479,162.048357143637,9.74203636832605e-08,shap,1,cph
480,162.054508828074,9.74203636832605e-08,shap,1,cph
481,162.067186540367,9.769387170663252e-08,shap,1,cph
482,162.561156716433,9.796720586658541e-08,shap,1,cph
483,162.987458150414,9.824047564471169e-08,shap,1,cph
484,163.159010469247,9.851361074029817e-08,shap,1,cph
485,163.590914944352,9.878742806318458e-08,shap,1,cph
486,163.619962326713,9.906142082466334e-08,shap,1,cph
487,163.72834682409,9.933553378949146e-08,shap,1,cph
488,163.828813345734,9.960955582320032e-08,shap,1,cph
489,164.190978432157,9.988431154842593e-08,shap,1,cph
490,164.664818228608,1.0015988091584203e-07,shap,1,cph
491,165.049492198604,1.0015988091584203e-07,shap,1,cph
492,165.617725809449,1.0043732829863641e-07,shap,1,cph
493,165.636129413313,1.0071444044279381e-07,shap,1,cph
494,165.786099049003,1.0099216503399127e-07,shap,1,cph
495,165.883391992583,1.0127002852494711e-07,shap,1,cph
496,166.045897671041,1.0154855634967148e-07,shap,1,cph
497,166.355812977541,1.0182711571501775e-07,shap,1,cph
498,167.356835171275,1.0210693844893844e-07,shap,1,cph
499,169.120422786325,1.0210693844893844e-07,shap,1,cph
500,169.395152594567,1.0238837687733724e-07,shap,1,cph
501,169.883235150439,1.0266998010760681e-07,shap,1,cph
502,170.386327373777,1.0295312986668594e-07,shap,1,cph
503,171.006607107814,1.0323613312397532e-07,shap,1,cph
504,171.049433451737,1.035191360673476e-07,shap,1,cph
505,171.140360980725,1.038020143847999e-07,shap,1,cph
506,171.203755726195,1.0408524151869648e-07,shap,1,cph
507,171.243167835364,1.0436821823166196e-07,shap,1,cph
508,171.387543952735,1.046523502139046e-07,shap,1,cph
509,171.591137875424,1.0493693241738389e-07,shap,1,cph
510,172.488740318653,1.0493693241738389e-07,shap,1,cph
511,173.424832166486,1.0522392608610546e-07,shap,1,cph
512,173.878943351609,1.0551081014629842e-07,shap,1,cph
513,174.06200274721,1.0579827253878097e-07,shap,1,cph
514,174.153853371571,1.0608633209940109e-07,shap,1,cph
515,174.500488248714,1.0608633209940109e-07,shap,1,cph
516,175.022761250707,1.063757958760472e-07,shap,1,cph
517,175.057284964697,1.0666600477703381e-07,shap,1,cph
518,175.090001525778,1.0695654056726924e-07,shap,1,cph
519,175.095468518309,1.0724853070683371e-07,shap,1,cph
520,175.897102142743,1.0754213343384119e-07,shap,1,cph
521,176.058396308855,1.0783577414405929e-07,shap,1,cph
522,176.610155905212,1.0812950048926867e-07,shap,1,cph
523,176.662257240042,1.0842349990548267e-07,shap,1,cph
524,177.180434428344,1.0871765219841644e-07,shap,1,cph
525,177.644422061304,1.0901178846342976e-07,shap,1,cph
526,177.712555628373,1.0930616295109303e-07,shap,1,cph
527,178.657053667966,1.096002770622689e-07,shap,1,cph
528,178.818177787805,1.0989549669576421e-07,shap,1,cph
529,179.035460076994,1.101911389811771e-07,shap,1,cph
530,179.590147900218,1.104866393871485e-07,shap,1,cph
531,179.927473526436,1.1078203522685876e-07,shap,1,cph
532,180.104457210761,1.1107810127732143e-07,shap,1,cph
533,180.121959666879,1.1137472080277286e-07,shap,1,cph
534,180.290575722653,1.1167162424768504e-07,shap,1,cph
535,180.953704393765,1.1196826845903465e-07,shap,1,cph
536,181.212953597252,1.1226516021285394e-07,shap,1,cph
537,182.536957968413,1.1256173422939496e-07,shap,1,cph
538,182.694742911397,1.1285826117879947e-07,shap,1,cph
539,182.86423786433,1.131556209104555e-07,shap,1,cph
540,182.992714083721,1.1345299076344826e-07,shap,1,cph
541,183.063689432597,1.137502759617061e-07,shap,1,cph
542,183.089143199958,1.1404783614909891e-07,shap,1,cph
543,183.698497470182,1.1434636312895697e-07,shap,1,cph
544,183.882245368072,1.1464484875740485e-07,shap,1,cph
545,183.952344559593,1.1494313400046152e-07,shap,1,cph
546,185.096238755258,1.1524199412194802e-07,shap,1,cph
547,185.684377552622,1.1554173416116806e-07,shap,1,cph
548,185.835306366437,1.1554173416116806e-07,shap,1,cph
549,186.25090487696,1.1584243601233793e-07,shap,1,cph
550,186.318848738724,1.1614325821495615e-07,shap,1,cph
551,186.343288944351,1.1644371619404418e-07,shap,1,cph
552,186.344627403691,1.167437323048128e-07,shap,1,cph
553,186.560010667965,1.1704384564889516e-07,shap,1,cph
554,187.394010992,1.1734489471616058e-07,shap,1,cph
555,187.455922869812,1.1764610201473371e-07,shap,1,cph
556,188.052882471456,1.1794771182611349e-07,shap,1,cph
557,189.120535495681,1.1824924956203947e-07,shap,1,cph
558,189.155510794514,1.1855112506522255e-07,shap,1,cph
559,189.93174938264,1.1885273375449612e-07,shap,1,cph
560,190.71729076726,1.1915451084812932e-07,shap,1,cph
561,190.979866143528,1.1945674901632637e-07,shap,1,cph
562,191.138828533845,1.1975873904935427e-07,shap,1,cph
563,191.272044196464,1.200618251208466e-07,shap,1,cph
564,191.350548339833,1.2036467623343298e-07,shap,1,cph
565,191.372235720918,1.2066754539201463e-07,shap,1,cph
566,191.673592394528,1.2097153125782238e-07,shap,1,cph
567,191.99764303165,1.2127616787835935e-07,shap,1,cph
568,192.015340688594,1.21581422059355e-07,shap,1,cph
569,192.319481049374,1.218872088736133e-07,shap,1,cph
570,192.36722640162,1.2219274028985528e-07,shap,1,cph
571,192.486672942661,1.2219274028985528e-07,shap,1,cph
572,192.731244795257,1.2249933724347827e-07,shap,1,cph
573,192.933308226646,1.228060635299887e-07,shap,1,cph
574,193.486753414928,1.2311379263630832e-07,shap,1,cph
575,193.541647057062,1.2342226917671336e-07,shap,1,cph
576,194.261780936422,1.2373044038433947e-07,shap,1,cph
577,194.66833169401,1.2403855629278943e-07,shap,1,cph
578,194.815273171976,1.2434673377636812e-07,shap,1,cph
579,195.166458598731,1.2465489930118642e-07,shap,1,cph
580,195.308355877118,1.2496268585817027e-07,shap,1,cph
581,195.969538665512,1.252718396282835e-07,shap,1,cph
582,196.382533383713,1.255820216773577e-07,shap,1,cph
583,196.652930261465,1.2589248462217027e-07,shap,1,cph
584,196.864058247623,1.2620323080151982e-07,shap,1,cph
585,197.167644129344,1.2651419452486935e-07,shap,1,cph
586,198.786480200652,1.268256835610207e-07,shap,1,cph
587,199.019141906299,1.2713769213139954e-07,shap,1,cph
588,199.196301571779,1.2745025939104547e-07,shap,1,cph
589,199.87021092816,1.2776285202111131e-07,shap,1,cph
590,199.921769892076,1.2807614826018477e-07,shap,1,cph
591,200.713986566789,1.2838916469563736e-07,shap,1,cph
592,201.699474090653,1.2870191164878058e-07,shap,1,cph
593,202.510479719348,1.2901544401373773e-07,shap,1,cph
594,202.581566098315,1.293293897247595e-07,shap,1,cph
595,203.423114805678,1.2964335531176957e-07,shap,1,cph
596,204.137881310417,1.2964335531176957e-07,shap,1,cph
597,204.317571985768,1.2995785603683755e-07,shap,1,cph
598,205.167001590999,1.302724086963266e-07,shap,1,cph
599,205.810053059823,1.3058842508919515e-07,shap,1,cph
600,205.843192683076,1.3090438804786612e-07,shap,1,cph
601,206.354211948907,1.3122059598720848e-07,shap,1,cph
602,206.918392276183,1.3153895156078907e-07,shap,1,cph
603,207.099918490963,1.3185724085489774e-07,shap,1,cph
604,207.366987030375,1.3217570355233146e-07,shap,1,cph
605,207.381921466182,1.3249361340236468e-07,shap,1,cph
606,207.716002285402,1.3281224786943698e-07,shap,1,cph
607,207.862968138653,1.3313128597843135e-07,shap,1,cph
608,207.940772380915,1.3345123301272605e-07,shap,1,cph
609,207.963829184856,1.3377140050496212e-07,shap,1,cph
610,208.081951961195,1.3409158339867697e-07,shap,1,cph
611,208.59015368309,1.3441265347795506e-07,shap,1,cph
612,209.443560529539,1.3473523871137822e-07,shap,1,cph
613,209.720302700653,1.3505751751308344e-07,shap,1,cph
614,210.005373727318,1.3537978361750903e-07,shap,1,cph
615,210.252350278442,1.3570234429597442e-07,shap,1,cph
616,210.321797171422,1.3602614490767608e-07,shap,1,cph
617,210.507580425983,1.3635076729062468e-07,shap,1,cph
618,210.61734440698,1.3667551618940405e-07,shap,1,cph
619,211.020864154293,1.3699983152249465e-07,shap,1,cph
620,211.901127281384,1.373237217900471e-07,shap,1,cph
621,212.02808143821,1.373237217900471e-07,shap,1,cph
622,212.227876542525,1.3764881265480395e-07,shap,1,cph
623,212.254572812025,1.3797453035125237e-07,shap,1,cph
624,212.592297282805,1.3830038265859165e-07,shap,1,cph
625,213.666304521329,1.3862634027675637e-07,shap,1,cph
626,213.71913551372,1.389519665897159e-07,shap,1,cph
627,214.119402946492,1.3927780819261027e-07,shap,1,cph
628,215.13169154887,1.3960417655350598e-07,shap,1,cph
629,215.172517503631,1.399305344206541e-07,shap,1,cph
630,215.306426934652,1.4025700724897846e-07,shap,1,cph
631,215.319664084282,1.4058415320828057e-07,shap,1,cph
632,216.116565729985,1.4058415320828057e-07,shap,1,cph
633,216.60706076482,1.4091237748809657e-07,shap,1,cph
634,216.652298682338,1.4124083575589066e-07,shap,1,cph
635,216.668236577797,1.415701389314804e-07,shap,1,cph
636,216.796556714165,1.4189915985552635e-07,shap,1,cph
637,216.818083276104,1.4222778767666698e-07,shap,1,cph
638,216.920636119402,1.4255863605765166e-07,shap,1,cph
639,217.098691116623,1.428900899247485e-07,shap,1,cph
640,217.283485151168,1.4322125528116158e-07,shap,1,cph
641,218.52528853672,1.4355322077286335e-07,shap,1,cph
642,218.918961277428,1.438847372776505e-07,shap,1,cph
643,218.950316314816,1.442182872628653e-07,shap,1,cph
644,219.320976625209,1.4455196116555614e-07,shap,1,cph
645,219.359989024604,1.448852200723951e-07,shap,1,cph
646,220.068917548667,1.4521919881791995e-07,shap,1,cph
647,220.670410807657,1.4555276681165858e-07,shap,1,cph
648,220.847486934008,1.4588785853720137e-07,shap,1,cph
649,221.315938960266,1.4622406183275878e-07,shap,1,cph
650,221.478070828927,1.465607750880755e-07,shap,1,cph
651,221.670303162838,1.4690073024033737e-07,shap,1,cph
652,222.038241037889,1.472399671882375e-07,shap,1,cph
653,222.245697565978,1.475789838983057e-07,shap,1,cph
654,222.36493152689,1.479199899347772e-07,shap,1,cph
655,223.143319616928,1.4826050175285521e-07,shap,1,cph
656,224.66270807225,1.4860052139667406e-07,shap,1,cph
657,224.700008124904,1.4894009812100614e-07,shap,1,cph
658,224.887612977472,1.4927921835245813e-07,shap,1,cph
659,224.893831333927,1.4962004728862457e-07,shap,1,cph
660,225.34928270189,1.499623940869909e-07,shap,1,cph
661,225.807215842704,1.5030478850363554e-07,shap,1,cph
662,226.371774551959,1.5064799111449276e-07,shap,1,cph
663,226.702196895097,1.5099244306986145e-07,shap,1,cph
664,226.8587466103,1.5133763919922246e-07,shap,1,cph
665,227.07404955655,1.5168235494023178e-07,shap,1,cph
666,227.60663903709,1.5202726634033509e-07,shap,1,cph
667,227.987633000844,1.523717883481916e-07,shap,1,cph
668,228.018119239485,1.523717883481916e-07,shap,1,cph
669,228.050758340807,1.527174699241672e-07,shap,1,cph
670,228.290389804204,1.5306454995765652e-07,shap,1,cph
671,228.526295940426,1.5341114309505363e-07,shap,1,cph
672,228.823970322333,1.537583631959679e-07,shap,1,cph
673,229.111013001184,1.5410520333327547e-07,shap,1,cph
674,229.159204725263,1.544532107336974e-07,shap,1,cph
675,229.335013885903,1.5480238492566408e-07,shap,1,cph
676,229.55819928683,1.551559170939329e-07,shap,1,cph
677,230.032392323082,1.5550956288508523e-07,shap,1,cph
678,230.951304812924,1.5586387552933682e-07,shap,1,cph
679,231.18208755247,1.5621870337214928e-07,shap,1,cph
680,231.525587484958,1.5657362678163137e-07,shap,1,cph
681,232.36885474415,1.5692944972573084e-07,shap,1,cph
682,232.646176733079,1.5728728817912802e-07,shap,1,cph
683,232.960598989084,1.576456087696636e-07,shap,1,cph
684,233.036124339268,1.5800516982385815e-07,shap,1,cph
685,233.110618833314,1.5836496905669212e-07,shap,1,cph
686,233.313897005776,1.5872702555448508e-07,shap,1,cph
687,233.594740137164,1.590886341919327e-07,shap,1,cph
688,233.777086987116,1.5945089867895177e-07,shap,1,cph
689,234.362126764768,1.5981319217676427e-07,shap,1,cph
690,234.505931131485,1.5981319217676427e-07,shap,1,cph
691,234.944586913605,1.6017693438405018e-07,shap,1,cph
692,235.065132426122,1.605402599329279e-07,shap,1,cph
693,236.353101368601,1.6090619007187355e-07,shap,1,cph
694,236.410939826084,1.6127434661128992e-07,shap,1,cph
695,237.80409758991,1.6164426926630225e-07,shap,1,cph
696,238.366162972702,1.6201449401080732e-07,shap,1,cph
697,238.922793945952,1.6238553971596262e-07,shap,1,cph
698,240.239194050777,1.6275603824403941e-07,shap,1,cph
699,240.569599991025,1.631267353929633e-07,shap,1,cph
700,241.018984502921,1.6349691933650578e-07,shap,1,cph
701,241.378854733763,1.6349691933650578e-07,shap,1,cph
702,241.729015768514,1.638692995031077e-07,shap,1,cph
703,242.832494080334,1.6424094432292674e-07,shap,1,cph
704,243.66866556388,1.6461269842574262e-07,shap,1,cph
705,244.062065121084,1.6498426085768005e-07,shap,1,cph
706,244.740224938705,1.6535668427534514e-07,shap,1,cph
707,244.842311903003,1.6572948880587092e-07,shap,1,cph
708,245.237148043332,1.6610471534939812e-07,shap,1,cph
709,246.406193743469,1.664797755226174e-07,shap,1,cph
710,248.071229756608,1.6685497835857376e-07,shap,1,cph
711,248.087315371066,1.6722966381856715e-07,shap,1,cph
712,248.089889092521,1.6760421313954429e-07,shap,1,cph
713,248.125378246926,1.6797857046779052e-07,shap,1,cph
714,248.721002177286,1.683533894406138e-07,shap,1,cph
715,249.25288648882,1.6872757984603865e-07,shap,1,cph
716,250.998600739985,1.691010261822302e-07,shap,1,cph
717,251.613188678096,1.6947673259349323e-07,shap,1,cph
718,251.905934801825,1.6985546263076242e-07,shap,1,cph
719,251.990586160625,1.6985546263076242e-07,shap,1,cph
720,252.355082040083,1.7023705263791213e-07,shap,1,cph
721,252.612179352063,1.7061790705940007e-07,shap,1,cph
722,253.301011069734,1.7099813736486005e-07,shap,1,cph
723,253.704536002623,1.7138296197992618e-07,shap,1,cph
724,253.797282668561,1.7138296197992618e-07,shap,1,cph
725,254.254676241434,1.717761735017008e-07,shap,1,cph
726,256.398400624587,1.7217123938134769e-07,shap,1,cph
727,256.869285229849,1.725657236185516e-07,shap,1,cph
728,258.01496331146,1.7296138807275504e-07,shap,1,cph
729,258.318564421462,1.7335771334346125e-07,shap,1,cph
730,258.32942422273,1.737544833261936e-07,shap,1,cph
731,259.178973961992,1.737544833261936e-07,shap,1,cph
732,260.573971215241,1.7415881104794383e-07,shap,1,cph
733,262.972231956933,1.745632139274619e-07,shap,1,cph
734,263.375838065733,1.7496784931238481e-07,shap,1,cph
735,263.536512219463,1.7537519654796736e-07,shap,1,cph
736,263.683414343148,1.7578212763804876e-07,shap,1,cph
737,263.755621551168,1.7618920571053932e-07,shap,1,cph
738,264.01469839529,1.7659795917658087e-07,shap,1,cph
739,266.097337439514,1.7700598296227088e-07,shap,1,cph
740,268.935736342482,1.7700598296227088e-07,shap,1,cph
741,269.155124539439,1.7700598296227088e-07,shap,1,cph
742,269.51345745137,1.7741950154668883e-07,shap,1,cph
743,269.530066766624,1.7783786073500752e-07,shap,1,cph
744,269.767457504015,1.7825586852876927e-07,shap,1,cph
745,269.918283524364,1.7867554297318165e-07,shap,1,cph
746,269.934169963171,1.7909656058902816e-07,shap,1,cph
747,270.227050031307,1.7951666419635916e-07,shap,1,cph
748,271.272379197731,1.799374197259761e-07,shap,1,cph
749,271.832346888968,1.8035827057347596e-07,shap,1,cph
750,272.119243632278,1.8077952837706258e-07,shap,1,cph
751,273.003939754714,1.812007549096287e-07,shap,1,cph
752,273.226525942313,1.8162143628935204e-07,shap,1,cph
753,273.552007435096,1.8204379114756547e-07,shap,1,cph
754,273.991550952849,1.824668752657798e-07,shap,1,cph
755,274.33347104934,1.8289032232086873e-07,shap,1,cph
756,275.767348105647,1.833129159959599e-07,shap,1,cph
757,275.781184372597,1.8373830040409973e-07,shap,1,cph
758,277.12655070174,1.8416855444037323e-07,shap,1,cph
759,277.548467696733,1.845990860322491e-07,shap,1,cph
760,277.686148471275,1.850324858655464e-07,shap,1,cph
761,277.824735429536,1.8546626461590823e-07,shap,1,cph
762,278.74519007858,1.859049443176314e-07,shap,1,cph
763,279.300788346242,1.8634283933373018e-07,shap,1,cph
764,279.992633132531,1.867824021557016e-07,shap,1,cph
765,280.43564863021,1.8722333812184722e-07,shap,1,cph
766,280.737739444352,1.8766572783313832e-07,shap,1,cph
767,280.88600551893,1.8811134449702126e-07,shap,1,cph
768,280.928072912926,1.885573755527676e-07,shap,1,cph
769,280.979068975638,1.8900367824223704e-07,shap,1,cph
770,281.006692991579,1.8945288913413888e-07,shap,1,cph
771,281.50340083291,1.8990514479419829e-07,shap,1,cph
772,281.721881310863,1.903585805843977e-07,shap,1,cph
773,281.782973491528,1.9081093376674258e-07,shap,1,cph
774,282.341920950586,1.9126264602967566e-07,shap,1,cph
775,282.463655653844,1.917159076555471e-07,shap,1,cph
776,283.935825114853,1.9217048409593033e-07,shap,1,cph
777,284.352943473146,1.9262735685578848e-07,shap,1,cph
778,284.731419509986,1.9262735685578848e-07,shap,1,cph
779,284.889918505594,1.9308822887177925e-07,shap,1,cph
780,285.611450098613,1.93548736849061e-07,shap,1,cph
781,287.496700735497,1.9400874502273646e-07,shap,1,cph
782,289.175178501991,1.9446905670083317e-07,shap,1,cph
783,289.585149574983,1.949398043512016e-07,shap,1,cph
784,289.680110486497,1.9541134368718216e-07,shap,1,cph
785,291.38892219902,1.9541134368718216e-07,shap,1,cph
786,292.098246450955,1.9588696314574585e-07,shap,1,cph
787,292.344578957047,1.963640065130013e-07,shap,1,cph
788,293.949501932303,1.9684248445189818e-07,shap,1,cph
789,294.017908403599,1.9732405590104243e-07,shap,1,cph
790,294.57458996162,1.978049565181601e-07,shap,1,cph
791,294.607867987643,1.9828460295034772e-07,shap,1,cph
792,294.738371697036,1.9876776249575616e-07,shap,1,cph
793,296.801862438774,1.9925045299781044e-07,shap,1,cph
794,296.815778151063,1.9973488793231873e-07,shap,1,cph
795,297.333269122326,2.0022595447943444e-07,shap,1,cph
796,297.939733818136,2.0071834353573493e-07,shap,1,cph
797,302.011768565409,2.012136586540359e-07,shap,1,cph
798,302.314169571487,2.017088512067879e-07,shap,1,cph
799,305.086213374644,2.0220459821856664e-07,shap,1,cph
800,305.239766839896,2.0269938666423334e-07,shap,1,cph
801,308.010801580913,2.0319861118878904e-07,shap,1,cph
802,312.508414417334,2.036966476755477e-07,shap,1,cph
803,314.282296850779,2.0419781150917365e-07,shap,1,cph
804,314.87699381496,2.0469842081688237e-07,shap,1,cph
805,314.94935456601,2.052015472918213e-07,shap,1,cph
806,316.667661475615,2.057069764252689e-07,shap,1,cph
807,317.468839530118,2.062214900002355e-07,shap,1,cph
808,318.178821548,2.067396055019296e-07,shap,1,cph
809,318.72785121235,2.0725829608170573e-07,shap,1,cph
810,324.282799372692,2.0777923005035496e-07,shap,1,cph
811,325.039353550667,2.0777923005035496e-07,shap,1,cph
812,325.791457659342,2.0830713163515714e-07,shap,1,cph
813,325.839493400972,2.0883530553875845e-07,shap,1,cph
814,328.347728833173,2.093662315838061e-07,shap,1,cph
815,329.520530935473,2.09897923114528e-07,shap,1,cph
816,329.743315274421,2.09897923114528e-07,shap,1,cph
817,330.06668335513,2.1043770776831547e-07,shap,1,cph
818,331.426008904905,2.1097998036843755e-07,shap,1,cph
819,332.27318999202,2.1152367625631047e-07,shap,1,cph
820,332.903933080954,2.1206494117124543e-07,shap,1,cph
821,334.917156741262,2.126112541916038e-07,shap,1,cph
822,335.249632157869,2.126112541916038e-07,shap,1,cph
823,335.547412563645,2.1316384715392202e-07,shap,1,cph
824,338.740484417165,2.137155566602507e-07,shap,1,cph
825,339.13143904293,2.142659693349681e-07,shap,1,cph
826,341.766798445714,2.1481549083813464e-07,shap,1,cph
827,342.018063817391,2.1537716468644794e-07,shap,1,cph
828,342.185889606466,2.1594794641376833e-07,shap,1,cph
829,344.674769304811,2.1594794641376833e-07,shap,1,cph
830,346.068130169984,2.1653566702399553e-07,shap,1,cph
831,346.131316440033,2.1713223569911772e-07,shap,1,cph
832,347.8992934056,2.177292734763117e-07,shap,1,cph
833,348.568650897731,2.1832882055785614e-07,shap,1,cph
834,350.138899392735,2.189278494811114e-07,shap,1,cph
835,351.20510813126,2.1952983902877162e-07,shap,1,cph
836,353.375581675332,2.2013524031201536e-07,shap,1,cph
837,354.047239523129,2.2074666512420064e-07,shap,1,cph
838,354.765768484128,2.2074666512420064e-07,shap,1,cph
839,355.639439237337,2.2137648015107156e-07,shap,1,cph
840,356.094727077407,2.2200832158152903e-07,shap,1,cph
841,356.216658998369,2.2263800190229599e-07,shap,1,cph
842,356.766232273705,2.2326893366738542e-07,shap,1,cph
843,365.256575437634,2.238994030927857e-07,shap,1,cph
844,366.049417024808,2.238994030927857e-07,shap,1,cph
845,367.075506046401,2.2457312815751223e-07,shap,1,cph
846,367.720690277389,2.2525790443692023e-07,shap,1,cph
847,367.870231671156,2.2594986542483654e-07,shap,1,cph
848,371.978056856617,2.2594986542483654e-07,shap,1,cph
849,374.714423989844,2.2665689149427948e-07,shap,1,cph
850,375.504720985492,2.2736891685229838e-07,shap,1,cph
851,377.534099820642,2.280886236123352e-07,shap,1,cph
852,381.148350254482,2.2880703306783292e-07,shap,1,cph
853,381.394394107446,2.2952647942269988e-07,shap,1,cph
854,382.958459481345,2.3024819570319807e-07,shap,1,cph
855,386.099255499708,2.3097709802538172e-07,shap,1,cph
856,386.399142611254,2.317058735963542e-07,shap,1,cph
857,386.861243933092,2.324377222369914e-07,shap,1,cph
858,388.709199504737,2.3316618722488442e-07,shap,1,cph
859,389.099819505758,2.339082692570224e-07,shap,1,cph
860,395.443366797639,2.3464910993541366e-07,shap,1,cph
861,396.06579078454,2.3538758689549363e-07,shap,1,cph
862,396.542823145204,2.3538758689549363e-07,shap,1,cph
863,397.95134721055,2.3614870863738335e-07,shap,1,cph
864,398.865935769039,2.3691038162872003e-07,shap,1,cph
865,400.746212215667,2.3767068445817164e-07,shap,1,cph
866,404.252811855593,2.3767068445817164e-07,shap,1,cph
867,407.77797181467,2.3846145545208776e-07,shap,1,cph
868,408.070592802651,2.3846145545208776e-07,shap,1,cph
869,410.267938636877,2.3927038897191396e-07,shap,1,cph
870,412.108583434682,2.400913402240842e-07,shap,1,cph
871,422.458547026958,2.400913402240842e-07,shap,1,cph
872,425.61096109991,2.4094671033502083e-07,shap,1,cph
873,428.019694081087,2.41816166533786e-07,shap,1,cph
874,432.816779023045,2.427277932761342e-07,shap,1,cph
875,433.587066720405,2.436485477563295e-07,shap,1,cph
876,435.648236764584,2.445810016055948e-07,shap,1,cph
877,437.095528844527,2.455128728618669e-07,shap,1,cph
878,440.001424503726,2.464808882233176e-07,shap,1,cph
879,445.272083357254,2.474640987839484e-07,shap,1,cph
880,452.869763763631,2.4847476933284233e-07,shap,1,cph
881,455.787655350649,2.4847476933284233e-07,shap,1,cph
882,463.074202031081,2.49619414687874e-07,shap,1,cph
883,476.735734865514,2.5078562184298967e-07,shap,1,cph
884,483.578067464034,2.519489218068651e-07,shap,1,cph
885,485.91051162929,2.5312450197742483e-07,shap,1,cph
886,486.347727604777,2.5431262739679836e-07,shap,1,cph
887,490.934304704346,2.555661734819216e-07,shap,1,cph
888,502.732016806227,2.5684941025484945e-07,shap,1,cph
889,513.443172480998,2.581519926634111e-07,shap,1,cph
890,517.350543239696,2.595162721737509e-07,shap,1,cph
891,535.864674707218,2.6099804372499293e-07,shap,1,cph
892,544.710539393554,2.6252163495162425e-07,shap,1,cph
893,548.321061634021,2.6410573770667503e-07,shap,1,cph
894,550.048231237309,2.6571413929063743e-07,shap,1,cph
895,574.78582582682,2.6739185839478186e-07,shap,1,cph
896,576.651921786572,2.6966812150912505e-07,shap,1,cph
897,601.495904528038,2.7214052644629245e-07,shap,1,cph
898,689.631598174123,2.7487771057991617e-07,shap,1,cph
899,698.993982939864,2.782893683831603e-07,shap,1,cph
0,5.7276740009599,0.0006056795247847941,lime,1,cph
1,8.09374857395186,0.0006056795247847941,lime,1,cph
2,9.8260812409196,0.0012126218867326386,lime,1,cph
3,13.3762370520276,0.0018205644194911803,lime,1,cph
4,16.3526286943034,0.0024288107483575114,lime,1,cph
5,16.5324716997911,0.003037293154848612,lime,1,cph
6,18.3696086314022,0.003646248383411628,lime,1,cph
7,18.4058542755547,0.0042554605973929415,lime,1,cph
8,18.6262876004158,0.004865597760897517,lime,1,cph
9,19.5408314772914,0.005476045870084659,lime,1,cph
10,19.7069152961622,0.0060868448069231265,lime,1,cph
11,20.0799076752599,0.006698518150892074,lime,1,cph
12,20.6656184787953,0.007310145329808024,lime,1,cph
13,22.1846062056455,0.007921900791034525,lime,1,cph
14,22.187595602074,0.008533927730952894,lime,1,cph
15,22.2867582614098,0.009146513766248476,lime,1,cph
16,22.5988458321695,0.009759103954315415,lime,1,cph
17,23.1033246879691,0.009759103954315415,lime,1,cph
18,24.0466904880672,0.009759103954315415,lime,1,cph
19,25.1093634885783,0.009759103954315415,lime,1,cph
20,25.1639437418928,0.010375060398228065,lime,1,cph
21,26.2108145867548,0.010991198788917649,lime,1,cph
22,26.3843332929163,0.011607655374172165,lime,1,cph
23,26.6649702788906,0.012224264186016699,lime,1,cph
24,27.6129410978016,0.012841086757263998,lime,1,cph
25,29.4865466115167,0.013458489815331256,lime,1,cph
26,29.5108417596276,0.013458489815331256,lime,1,cph
27,30.5483139108515,0.014077099553377498,lime,1,cph
28,33.3430340567446,0.014696121424859482,lime,1,cph
29,33.4548478680592,0.015315454132326848,lime,1,cph
30,33.469916956898,0.015315454132326848,lime,1,cph
31,33.8930388592888,0.015935732849575543,lime,1,cph
32,34.7727355371029,0.016556543557437697,lime,1,cph
33,35.2844925649236,0.017177832717667426,lime,1,cph
34,35.7073814823948,0.017799469663400076,lime,1,cph
35,36.2203630985143,0.018421362004114584,lime,1,cph
36,36.639450323588,0.01904319097133802,lime,1,cph
37,36.7108887751388,0.019665402818797462,lime,1,cph
38,37.0481852099071,0.02028797984691257,lime,1,cph
39,37.1657490480909,0.02091196095015101,lime,1,cph
40,37.2550472882151,0.021535969614819003,lime,1,cph
41,37.3685490703465,0.02216051747499845,lime,1,cph
42,37.4228891972398,0.02278525894377672,lime,1,cph
43,37.7199178463048,0.02278525894377672,lime,1,cph
44,38.1937080244626,0.023410535582555094,lime,1,cph
45,39.6298544347067,0.02403585906275889,lime,1,cph
46,39.7939078692797,0.02466120978583473,lime,1,cph
47,39.9197998744604,0.025286597601228696,lime,1,cph
48,41.9913318012214,0.025912061752470555,lime,1,cph
49,42.0147112240308,0.026538171781937063,lime,1,cph
50,42.3955009437433,0.027164462965658925,lime,1,cph
51,43.2339180208654,0.02779112316224516,lime,1,cph
52,43.6458675687477,0.02841826523105494,lime,1,cph
53,43.6661322854132,0.02904552683787128,lime,1,cph
54,44.3564192680243,0.02904552683787128,lime,1,cph
55,44.7282320203048,0.029674475317914912,lime,1,cph
56,44.8191211866179,0.030303905406844297,lime,1,cph
57,45.0219391333436,0.030303905406844297,lime,1,cph
58,46.0511726396585,0.030934907242305132,lime,1,cph
59,46.3082892789738,0.03156607900323357,lime,1,cph
60,46.6996337992101,0.03219746532744711,lime,1,cph
61,47.4705969004833,0.03282954699641245,lime,1,cph
62,47.9099165359395,0.03346168158284325,lime,1,cph
63,48.816722006202,0.034093879890151564,lime,1,cph
64,49.9480884102635,0.0347265409231597,lime,1,cph
65,50.387916235596,0.03536007179779494,lime,1,cph
66,50.4525749130593,0.03599401982690307,lime,1,cph
67,50.4674845058532,0.0366280273597187,lime,1,cph
68,50.6130527703763,0.03726212572758892,lime,1,cph
69,50.7277011053767,0.0378963103251553,lime,1,cph
70,51.2149088629604,0.03853087769155723,lime,1,cph
71,51.4750074183884,0.03916591704876936,lime,1,cph
72,52.1137764677418,0.03980148439172114,lime,1,cph
73,52.7986597344129,0.040437549117108486,lime,1,cph
74,52.9780113671687,0.040437549117108486,lime,1,cph
75,53.2185510629582,0.041074760287595914,lime,1,cph
76,53.5016999509569,0.0417126895849237,lime,1,cph
77,54.7807179167552,0.0423508855765784,lime,1,cph
78,55.0997748985582,0.042989526397426744,lime,1,cph
79,55.7678203653712,0.043628361425410773,lime,1,cph
80,55.8801022322739,0.04426724512311939,lime,1,cph
81,55.9462086242552,0.04490715592644522,lime,1,cph
82,57.0226236043113,0.04554754893059908,lime,1,cph
83,57.1934959623247,0.046188121687157566,lime,1,cph
84,57.8671160048525,0.04682914461848593,lime,1,cph
85,58.5260431224639,0.04747008240403856,lime,1,cph
86,58.8988090809779,0.04811134272792588,lime,1,cph
87,59.3122833999827,0.04875306457401561,lime,1,cph
88,59.4607147276812,0.04939590017396865,lime,1,cph
89,60.5499402414557,0.050039424960006955,lime,1,cph
90,60.5911907737527,0.05068366897728978,lime,1,cph
91,60.9850739088222,0.051328316612307634,lime,1,cph
92,61.0995794135042,0.05197318477033916,lime,1,cph
93,61.5602598275207,0.05261820408382819,lime,1,cph
94,61.6073120529229,0.053264000832620687,lime,1,cph
95,61.6914890472756,0.05390995002115997,lime,1,cph
96,61.8441287717167,0.05455599398865516,lime,1,cph
97,62.0390701384722,0.055202115983195466,lime,1,cph
98,62.039299666202,0.05584832434209276,lime,1,cph
99,62.3364056353158,0.05649449435483244,lime,1,cph
100,63.3319255974616,0.05714078673555282,lime,1,cph
101,63.3967251083319,0.057786965156073344,lime,1,cph
102,63.6040374382257,0.057786965156073344,lime,1,cph
103,63.6228888630133,0.05843396179177122,lime,1,cph
104,64.2583596199678,0.059081233963374495,lime,1,cph
105,64.8787054632602,0.05972876255142244,lime,1,cph
106,65.3277575005134,0.06037711468219241,lime,1,cph
107,65.4313244071148,0.06102576376143851,lime,1,cph
108,65.9357148983267,0.06167546385869241,lime,1,cph
109,66.0726448588306,0.06232526346048096,lime,1,cph
110,66.0774026537222,0.06297536552365504,lime,1,cph
111,66.1108935810034,0.06362558511601425,lime,1,cph
112,66.4752423944368,0.06427583425420949,lime,1,cph
113,66.6779640508845,0.06492604128451179,lime,1,cph
114,66.8876175790487,0.06557613190446276,lime,1,cph
115,66.8943963068677,0.06622633517497212,lime,1,cph
116,67.3239606921629,0.06687692309517261,lime,1,cph
117,67.9076722620203,0.06752755021717703,lime,1,cph
118,68.0355287579835,0.06817837246981939,lime,1,cph
119,68.6862956689451,0.06817837246981939,lime,1,cph
120,68.7714824860528,0.06817837246981939,lime,1,cph
121,69.0457904799936,0.0688318405889438,lime,1,cph
122,69.57876342164,0.06948572777960146,lime,1,cph
123,69.8656588625857,0.07014028672800669,lime,1,cph
124,70.124020728895,0.07079597664491573,lime,1,cph
125,70.2688991178392,0.07145230347259185,lime,1,cph
126,70.3152540615195,0.07210866074695826,lime,1,cph
127,70.4963890559108,0.07276558812024794,lime,1,cph
128,70.7717357997882,0.07342310912165737,lime,1,cph
129,71.1621847832659,0.07408143366162619,lime,1,cph
130,71.1960062574924,0.07473981554051735,lime,1,cph
131,71.4329875352147,0.07539825570059248,lime,1,cph
132,71.7590763967491,0.07605759585222852,lime,1,cph
133,71.8527279869573,0.07671740818106564,lime,1,cph
134,72.6386387201208,0.07737769162655798,lime,1,cph
135,72.7034228115443,0.0780382103879288,lime,1,cph
136,73.1011761579715,0.07869980432289439,lime,1,cph
137,73.361828397156,0.07936181226690225,lime,1,cph
138,73.6534884579961,0.08002510742816453,lime,1,cph
139,73.6999957087725,0.08068951032958127,lime,1,cph
140,73.900868083148,0.08135485220738826,lime,1,cph
141,74.0192927988343,0.08202039252523935,lime,1,cph
142,74.3128159458771,0.08268613275626843,lime,1,cph
143,74.3936924514593,0.08335209508473093,lime,1,cph
144,74.5283603453583,0.08401925852248665,lime,1,cph
145,74.5908913956862,0.08468710537229047,lime,1,cph
146,74.775987153997,0.08535512982153215,lime,1,cph
147,74.9353675221163,0.08602343248846017,lime,1,cph
148,75.0832031296154,0.08669239590309717,lime,1,cph
149,75.2081941834832,0.08736157356969763,lime,1,cph
150,75.3659260297518,0.0880315305143623,lime,1,cph
151,76.153402130577,0.08870182134272284,lime,1,cph
152,76.6190359112656,0.08937222754466444,lime,1,cph
153,76.7868444803368,0.09004310278662808,lime,1,cph
154,76.8711847477194,0.0907144570206917,lime,1,cph
155,77.212262604897,0.09138618588437822,lime,1,cph
156,77.2230306162331,0.09205810163916042,lime,1,cph
157,77.7788666776843,0.09273021695003505,lime,1,cph
158,77.9138354855515,0.09340286127723958,lime,1,cph
159,77.9619297798254,0.09407553031317771,lime,1,cph
160,78.0247060791338,0.09407553031317771,lime,1,cph
161,78.6934466402973,0.09474972160256932,lime,1,cph
162,78.895065846448,0.09542395977909954,lime,1,cph
163,79.0408890268584,0.09609862923239494,lime,1,cph
164,79.496164369872,0.09677378940101364,lime,1,cph
165,79.6754126603074,0.0974490819450788,lime,1,cph
166,80.5763782616856,0.09812464074496738,lime,1,cph
167,81.5956767051204,0.09880032606135213,lime,1,cph
168,81.8797828837486,0.09947636434938281,lime,1,cph
169,83.1221326253997,0.1001530284888592,lime,1,cph
170,83.5668605623725,0.10082995777979335,lime,1,cph
171,83.7835354640054,0.10082995777979335,lime,1,cph
172,84.2603241031778,0.10150831052658454,lime,1,cph
173,84.893346429699,0.1021872504957376,lime,1,cph
174,85.0294507595396,0.10286644935905263,lime,1,cph
175,85.0728273017397,0.10354666370418257,lime,1,cph
176,85.3277932602149,0.10422764314423413,lime,1,cph
177,86.2809362403088,0.1049086938564614,lime,1,cph
178,86.3463928751794,0.10559008059924993,lime,1,cph
179,86.7376629864842,0.10627156950352137,lime,1,cph
180,87.3329336433959,0.10695399095155061,lime,1,cph
181,87.5419544517796,0.10763759645596986,lime,1,cph
182,87.6987853478687,0.10832198353604232,lime,1,cph
183,89.0353757535229,0.10900680308786037,lime,1,cph
184,89.0912941669003,0.10969161641298057,lime,1,cph
185,89.2594789782061,0.10969161641298057,lime,1,cph
186,89.5329102018555,0.11037798350378408,lime,1,cph
187,89.741670071848,0.11106448095796241,lime,1,cph
188,89.8176391067358,0.11175162668838923,lime,1,cph
189,89.839397060129,0.11243921274144641,lime,1,cph
190,89.9108827393268,0.1131279437663794,lime,1,cph
191,90.4442998144771,0.11381778204130037,lime,1,cph
192,91.4882817914957,0.11450761995864919,lime,1,cph
193,91.5277622190697,0.11519787544073089,lime,1,cph
194,91.5398585798176,0.11588846803041143,lime,1,cph
195,91.8947817118717,0.11657945031112518,lime,1,cph
196,91.9246622049845,0.11727047339823779,lime,1,cph
197,92.5511199439162,0.11796230839294428,lime,1,cph
198,92.7256641737893,0.1186546036990555,lime,1,cph
199,92.9267065881184,0.11934730429354946,lime,1,cph
200,93.3529984647829,0.12004119772608933,lime,1,cph
201,93.3624994781386,0.1207354213516808,lime,1,cph
202,93.5022447816811,0.12143020509087109,lime,1,cph
203,93.8294512347781,0.12212609645385508,lime,1,cph
204,93.9291474844327,0.12282233447045389,lime,1,cph
205,94.2757301786967,0.12351983360385274,lime,1,cph
206,94.4492839739141,0.12421811517971013,lime,1,cph
207,94.6449968243634,0.12491666985429967,lime,1,cph
208,94.647774896753,0.12491666985429967,lime,1,cph
209,94.7606296422781,0.1256167899413654,lime,1,cph
210,95.4870195355126,0.12631754386876726,lime,1,cph
211,96.2371129571612,0.12701858529176793,lime,1,cph
212,96.302562118101,0.12771977713534363,lime,1,cph
213,96.3088445985255,0.12842189410949587,lime,1,cph
214,96.3496919624143,0.12912431794964288,lime,1,cph
215,97.4274380657264,0.12982718828894524,lime,1,cph
216,97.5231589017018,0.13053055273176856,lime,1,cph
217,97.7683795318995,0.13123389708639843,lime,1,cph
218,97.8404080592116,0.13193880513004536,lime,1,cph
219,97.8511488485416,0.13264375661978767,lime,1,cph
220,97.8891431708597,0.13334969076909428,lime,1,cph
221,98.150170904053,0.13405663917902547,lime,1,cph
222,98.3862529298763,0.13476351163125594,lime,1,cph
223,98.96075951193,0.13547062038265378,lime,1,cph
224,99.184859305585,0.13617792482070087,lime,1,cph
225,99.256918794034,0.136885257243679,lime,1,cph
226,99.3985752644125,0.13759284847307862,lime,1,cph
227,100.340448246074,0.13830131365012616,lime,1,cph
228,100.543790614168,0.13830131365012616,lime,1,cph
229,100.706745198834,0.1390126088012864,lime,1,cph
230,101.438539780336,0.13972395374277397,lime,1,cph
231,101.630119691933,0.14043546917917157,lime,1,cph
232,101.998453401079,0.14114800303472874,lime,1,cph
233,102.332648637604,0.14186105077472655,lime,1,cph
234,102.354573675495,0.14186105077472655,lime,1,cph
235,102.518196438661,0.14257553412616553,lime,1,cph
236,102.529275063325,0.14329036270314452,lime,1,cph
237,102.577678902845,0.1440059650824451,lime,1,cph
238,102.74236051535,0.144721994933448,lime,1,cph
239,102.790689131512,0.144721994933448,lime,1,cph
240,103.158222178562,0.145439766281085,lime,1,cph
241,103.362281530125,0.1461574661071398,lime,1,cph
242,103.385715920318,0.1461574661071398,lime,1,cph
243,103.514429790312,0.1468770297941896,lime,1,cph
244,103.603162984104,0.14759645598719429,lime,1,cph
245,103.731014640015,0.14831639661077628,lime,1,cph
246,103.84227065228,0.14903709134267762,lime,1,cph
247,103.867988004032,0.1497582023103432,lime,1,cph
248,104.351880606132,0.15047945847202016,lime,1,cph
249,104.461555253281,0.1512009448982214,lime,1,cph
250,104.961214454545,0.15192276196296192,lime,1,cph
251,104.963835169828,0.15264466283246178,lime,1,cph
252,105.036373069391,0.15336653355172078,lime,1,cph
253,105.280491837206,0.15408876102262398,lime,1,cph
254,105.426641838281,0.15481116318562488,lime,1,cph
255,105.506587742593,0.15553369793662714,lime,1,cph
256,105.98278092436,0.1562564961164295,lime,1,cph
257,106.609948425712,0.15698037629688044,lime,1,cph
258,106.613523361908,0.1577044327182787,lime,1,cph
259,107.012707689663,0.15842864346009466,lime,1,cph
260,107.114628953067,0.15915291911059598,lime,1,cph
261,107.633276164499,0.15987795347375378,lime,1,cph
262,107.722200533326,0.1606033261101148,lime,1,cph
263,107.806241341694,0.16133029137434599,lime,1,cph
264,107.872646262623,0.16205818964481553,lime,1,cph
265,108.199316980549,0.16278635230864189,lime,1,cph
266,108.460751282372,0.1635145305180403,lime,1,cph
267,108.792361849014,0.16424303885682184,lime,1,cph
268,108.817216955172,0.16497165263946292,lime,1,cph
269,108.895129786359,0.16570081347846236,lime,1,cph
270,108.986513217502,0.16570081347846236,lime,1,cph
271,109.275059488856,0.16643122225279294,lime,1,cph
272,109.276250204745,0.16716357320508152,lime,1,cph
273,109.38259753031,0.16789632511440059,lime,1,cph
274,109.438184379564,0.1686302871558222,lime,1,cph
275,109.819117116392,0.169364184820545,lime,1,cph
276,109.884116047291,0.17009807178606245,lime,1,cph
277,111.274061298875,0.17083232239028068,lime,1,cph
278,111.441345671868,0.17156729516236943,lime,1,cph
279,111.817496459726,0.17230332025208686,lime,1,cph
280,112.481968705663,0.17303988059644018,lime,1,cph
281,112.664956621128,0.17377739793569225,lime,1,cph
282,113.697416562123,0.17451590659727412,lime,1,cph
283,114.072207267588,0.1752545400914381,lime,1,cph
284,114.195629950136,0.17599407875753123,lime,1,cph
285,114.231914981036,0.1767337368699928,lime,1,cph
286,114.257274598881,0.1774736122354046,lime,1,cph
287,115.202916208458,0.17821357842713312,lime,1,cph
288,115.332252687598,0.1789536718341841,lime,1,cph
289,115.418358192165,0.17969438058220313,lime,1,cph
290,115.455737489792,0.18043643422801275,lime,1,cph
291,115.502886984621,0.18117905557084532,lime,1,cph
292,115.518116278234,0.18192213208318248,lime,1,cph
293,115.652946995877,0.18266629029817028,lime,1,cph
294,115.68723097323,0.18341141374772751,lime,1,cph
295,115.734935039279,0.18415683719882353,lime,1,cph
296,115.737097452124,0.18490268000833943,lime,1,cph
297,117.397485422577,0.1856485920879216,lime,1,cph
298,117.428335829222,0.18639521526333017,lime,1,cph
299,117.644317093251,0.1871419713910419,lime,1,cph
300,117.823235548636,0.18788919146838148,lime,1,cph
301,118.009037876814,0.1886376936344872,lime,1,cph
302,118.021980979713,0.18938732405781755,lime,1,cph
303,118.307281376194,0.19013767348411867,lime,1,cph
304,118.465330021822,0.1908889424720734,lime,1,cph
305,118.652148793437,0.19164063309944696,lime,1,cph
306,118.696132714475,0.19239341808571914,lime,1,cph
307,118.742096644913,0.19314636171003588,lime,1,cph
308,118.794400626481,0.1939001825716236,lime,1,cph
309,118.961459981576,0.19465435655589047,lime,1,cph
310,119.13768557996,0.19540878375527015,lime,1,cph
311,119.295710447501,0.19616329301075586,lime,1,cph
312,119.299593633887,0.19691786816339252,lime,1,cph
313,119.405740380124,0.19767271513483353,lime,1,cph
314,119.635955853174,0.19842798164083286,lime,1,cph
315,120.251896442308,0.19918349340873046,lime,1,cph
316,120.291133716645,0.19918349340873046,lime,1,cph
317,120.605015309511,0.1999420619596694,lime,1,cph
318,120.617070209885,0.20070115257280388,lime,1,cph
319,120.955598201109,0.20146105595008332,lime,1,cph
320,121.035375853148,0.20222150783392714,lime,1,cph
321,121.100190613366,0.20298256965928016,lime,1,cph
322,122.310916989285,0.20374368701911647,lime,1,cph
323,122.503092181449,0.20450503605438491,lime,1,cph
324,122.753657235528,0.20526793141162328,lime,1,cph
325,123.431332803373,0.20603270725006909,lime,1,cph
326,123.906083114207,0.2067976708911675,lime,1,cph
327,124.645446117141,0.2075627938034107,lime,1,cph
328,125.222648958588,0.2075627938034107,lime,1,cph
329,125.348380169384,0.20832968651527536,lime,1,cph
330,125.663250961743,0.20909690210995016,lime,1,cph
331,125.794556899806,0.20986479101273078,lime,1,cph
332,126.167838526937,0.2106332481089104,lime,1,cph
333,126.35897229477,0.21140224792241064,lime,1,cph
334,126.609836648144,0.2121714750641442,lime,1,cph
335,126.925940472648,0.212941306259101,lime,1,cph
336,127.139675519825,0.2137113304102565,lime,1,cph
337,127.30046651013,0.2144820068904116,lime,1,cph
338,127.572942219052,0.215252855017212,lime,1,cph
339,127.794495457043,0.21602501559280404,lime,1,cph
340,128.043554943563,0.21679783178904483,lime,1,cph
341,128.106599066869,0.21757192024648297,lime,1,cph
342,128.165975193608,0.21834680383471972,lime,1,cph
343,128.405209813532,0.21912279783175637,lime,1,cph
344,128.95553062631,0.21990009126762863,lime,1,cph
345,130.034746113779,0.21990009126762863,lime,1,cph
346,130.312820970094,0.22067965762976607,lime,1,cph
347,131.244513595208,0.2214602688274495,lime,1,cph
348,131.261137718325,0.22224103143902352,lime,1,cph
349,131.407175210303,0.22302351050481828,lime,1,cph
350,131.736234874938,0.22302351050481828,lime,1,cph
351,131.870658706744,0.2238087500442581,lime,1,cph
352,131.995504695445,0.2245955661508336,lime,1,cph
353,132.06242946784,0.22538270094084856,lime,1,cph
354,132.066775245984,0.22616993046941752,lime,1,cph
355,132.191769499815,0.22695760369017895,lime,1,cph
356,132.215627195751,0.22774538341326414,lime,1,cph
357,132.250934711781,0.2285352383630672,lime,1,cph
358,132.682491990911,0.2285352383630672,lime,1,cph
359,133.096312905975,0.229326833252766,lime,1,cph
360,133.7479803959,0.23011887133562042,lime,1,cph
361,133.78558153373,0.23091114777974944,lime,1,cph
362,134.083389318164,0.2317052225270423,lime,1,cph
363,134.260328357112,0.23250009763335205,lime,1,cph
364,134.479128907719,0.23329501112490475,lime,1,cph
365,134.68039723503,0.23409227413322242,lime,1,cph
366,134.985186287299,0.2348899575790051,lime,1,cph
367,135.024318931394,0.23568798150705708,lime,1,cph
368,135.066063973691,0.23648614626777617,lime,1,cph
369,135.172928885212,0.23728644032574842,lime,1,cph
370,135.336978552045,0.23808752440158082,lime,1,cph
371,135.489509056981,0.23888861834381633,lime,1,cph
372,135.658867792345,0.23969066582342105,lime,1,cph
373,136.110583161746,0.24049385450535588,lime,1,cph
374,136.122169743504,0.24129804121909101,lime,1,cph
375,137.174928963393,0.2421027133315376,lime,1,cph
376,137.229031469963,0.24290908682330709,lime,1,cph
377,138.011195059351,0.24371558053215694,lime,1,cph
378,138.037696342162,0.24452225154124488,lime,1,cph
379,138.119877879324,0.24532895360134685,lime,1,cph
380,138.130102493287,0.24613686699921103,lime,1,cph
381,138.151132820237,0.24613686699921103,lime,1,cph
382,138.169358023565,0.2469473724813544,lime,1,cph
383,138.358073713224,0.2477583831700386,lime,1,cph
384,138.457692541206,0.2477583831700386,lime,1,cph
385,138.80184894136,0.2485717733853565,lime,1,cph
386,139.182629056236,0.2493862280710728,lime,1,cph
387,139.287329483318,0.25020148247467205,lime,1,cph
388,139.488893475395,0.25101766070323706,lime,1,cph
389,139.597911364195,0.2518350128430291,lime,1,cph
390,139.746718114905,0.2518350128430291,lime,1,cph
391,139.859450246311,0.25265581752358085,lime,1,cph
392,140.84716664592,0.2534767111343253,lime,1,cph
393,141.009417180749,0.25429822047199263,lime,1,cph
394,141.574938651238,0.2551208499258389,lime,1,cph
395,141.835709612269,0.25594441892502556,lime,1,cph
396,142.275534110336,0.25676910202395153,lime,1,cph
397,142.286680432703,0.25759493036417386,lime,1,cph
398,142.458087253793,0.25842175899378267,lime,1,cph
399,142.947647033354,0.259248497303581,lime,1,cph
400,142.977548051003,0.26007515777432805,lime,1,cph
401,143.153084031703,0.260902099387959,lime,1,cph
402,143.539600174436,0.2617297296449461,lime,1,cph
403,143.579826155243,0.2617297296449461,lime,1,cph
404,143.93903132894,0.26256024718917415,lime,1,cph
405,143.972986970041,0.26256024718917415,lime,1,cph
406,144.040598060388,0.26339407430195527,lime,1,cph
407,144.254817863163,0.2642294252120147,lime,1,cph
408,144.473740661629,0.2650647999899068,lime,1,cph
409,144.535033732714,0.2659012620582396,lime,1,cph
410,144.742825931664,0.26673846937416446,lime,1,cph
411,145.178645008633,0.2675755932658246,lime,1,cph
412,145.238542731687,0.26841344190320465,lime,1,cph
413,145.249258937126,0.2692518548877973,lime,1,cph
414,145.292393538389,0.27009192666599124,lime,1,cph
415,145.954663858613,0.2709319174521445,lime,1,cph
416,145.985241315167,0.27177312149324656,lime,1,cph
417,146.193942487578,0.27261441832640293,lime,1,cph
418,147.259342273353,0.2734572346461672,lime,1,cph
419,147.926587754909,0.2743015486375845,lime,1,cph
420,148.164289943448,0.2751471656017051,lime,1,cph
421,148.691389141341,0.27599330783809223,lime,1,cph
422,148.691686421037,0.2768407087928642,lime,1,cph
423,148.743922901434,0.277688659363459,lime,1,cph
424,149.618673634072,0.277688659363459,lime,1,cph
425,149.727263680366,0.27853944187603963,lime,1,cph
426,149.747493814455,0.2793912236297651,lime,1,cph
427,149.934284735286,0.28024395773025146,lime,1,cph
428,149.98155417552,0.28109783180790393,lime,1,cph
429,150.246504232208,0.2819532515314767,lime,1,cph
430,150.460590548321,0.2819532515314767,lime,1,cph
431,150.692219524442,0.2828120737077936,lime,1,cph
432,150.993569537895,0.2836711728451026,lime,1,cph
433,151.082449564987,0.28453101810279996,lime,1,cph
434,151.489427025528,0.285391063027121,lime,1,cph
435,151.495206733128,0.2862512344100985,lime,1,cph
436,151.867401694828,0.28711169135521036,lime,1,cph
437,151.999026530691,0.28797294289151115,lime,1,cph
438,152.141361866628,0.2888355509726587,lime,1,cph
439,152.354320988674,0.2888355509726587,lime,1,cph
440,152.677505734211,0.2897012518067244,lime,1,cph
441,152.772749406231,0.29056798085698293,lime,1,cph
442,152.975366475602,0.2914357206455658,lime,1,cph
443,153.465037453238,0.29230574141100896,lime,1,cph
444,154.062051109427,0.2931783365011978,lime,1,cph
445,154.205421639093,0.2940518111766249,lime,1,cph
446,154.884702400928,0.294927427346268,lime,1,cph
447,155.007361845716,0.2958034636032429,lime,1,cph
448,155.109031748326,0.2966817617991324,lime,1,cph
449,155.421101490995,0.2975601088147639,lime,1,cph
450,155.537377127152,0.298438573142748,lime,1,cph
451,155.857724758708,0.29931852069582354,lime,1,cph
452,156.227223671413,0.30019888347312984,lime,1,cph
453,156.245264862552,0.3010795269945397,lime,1,cph
454,156.541943986721,0.30196158580818455,lime,1,cph
455,156.867492628999,0.302844499529665,lime,1,cph
456,157.061849286816,0.30372800045339876,lime,1,cph
457,157.925559092811,0.30461290601758506,lime,1,cph
458,158.027477374291,0.3055000151682744,lime,1,cph
459,158.215004358952,0.30638897418564776,lime,1,cph
460,158.484105338459,0.3072779912892673,lime,1,cph
461,158.756366050004,0.30816729342617444,lime,1,cph
462,158.984801353374,0.30905765949429476,lime,1,cph
463,159.116946644237,0.3099484731650355,lime,1,cph
464,159.263201044013,0.31083968961075176,lime,1,cph
465,159.277132885154,0.3117327007879067,lime,1,cph
466,159.279537641376,0.3126258930863989,lime,1,cph
467,159.323149772315,0.31352023184088734,lime,1,cph
468,159.83331517886,0.31441568311841595,lime,1,cph
469,160.027812435515,0.31531160207450426,lime,1,cph
470,160.705871364243,0.3162076211442602,lime,1,cph
471,160.706945450415,0.3171046312464357,lime,1,cph
472,161.054036390003,0.31800165886498427,lime,1,cph
473,161.105955657393,0.31889979540289526,lime,1,cph
474,161.243398920031,0.31979877075497504,lime,1,cph
475,161.812875463568,0.3206983644191307,lime,1,cph
476,161.835888439695,0.32159829897673553,lime,1,cph
477,161.919500752531,0.3224986449136454,lime,1,cph
478,161.94596487798,0.323402088067212,lime,1,cph
479,162.048357143637,0.3243064637326774,lime,1,cph
480,162.054508828074,0.3243064637326774,lime,1,cph
481,162.067186540367,0.32521245346273725,lime,1,cph
482,162.561156716433,0.32611855820847513,lime,1,cph
483,162.987458150414,0.32702498318916173,lime,1,cph
484,163.159010469247,0.3279315945013947,lime,1,cph
485,163.590914944352,0.3288398744974289,lime,1,cph
486,163.619962326713,0.3297488946073957,lime,1,cph
487,163.72834682409,0.33065857905003954,lime,1,cph
488,163.828813345734,0.33156853837897854,lime,1,cph
489,164.190978432157,0.33248025341383547,lime,1,cph
490,164.664818228608,0.3333938727271143,lime,1,cph
491,165.049492198604,0.3333938727271143,lime,1,cph
492,165.617725809449,0.3343123308401642,lime,1,cph
493,165.636129413313,0.33523063209818754,lime,1,cph
494,165.786099049003,0.33615047873095555,lime,1,cph
495,165.883391992583,0.337071021195133,lime,1,cph
496,166.045897671041,0.3379932135842478,lime,1,cph
497,166.355812977541,0.3389158994489532,lime,1,cph
498,167.356835171275,0.33984130301517756,lime,1,cph
499,169.120422786325,0.33984130301517756,lime,1,cph
500,169.395152594567,0.3407711099036426,lime,1,cph
501,169.883235150439,0.3417016683171257,lime,1,cph
502,170.386327373777,0.34263544250428873,lime,1,cph
503,171.006607107814,0.3435694138521345,lime,1,cph
504,171.049433451737,0.34450384711966864,lime,1,cph
505,171.140360980725,0.34543852214960646,lime,1,cph
506,171.203755726195,0.34637427892306016,lime,1,cph
507,171.243167835364,0.3473100641481734,lime,1,cph
508,171.387543952735,0.3482483673836057,lime,1,cph
509,171.591137875424,0.349187944985011,lime,1,cph
510,172.488740318653,0.349187944985011,lime,1,cph
511,173.424832166486,0.35013339889358525,lime,1,cph
512,173.878943351609,0.35107912029867455,lime,1,cph
513,174.06200274721,0.35202634410731654,lime,1,cph
514,174.153853371571,0.3529751108748815,lime,1,cph
515,174.500488248714,0.3529751108748815,lime,1,cph
516,175.022761250707,0.3539279891014303,lime,1,cph
517,175.057284964697,0.35488267006010565,lime,1,cph
518,175.090001525778,0.35583841030880986,lime,1,cph
519,175.095468518309,0.3567972189599888,lime,1,cph
520,175.897102142743,0.357759363781766,lime,1,cph
521,176.058396308855,0.3587220659261176,lime,1,cph
522,176.610155905212,0.3596854073431939,lime,1,cph
523,176.662257240042,0.3606497264349076,lime,1,cph
524,177.180434428344,0.3616148076970157,lime,1,cph
525,177.644422061304,0.3625803472467823,lime,1,cph
526,177.712555628373,0.3635468037512755,lime,1,cph
527,178.657053667966,0.3645132970532837,lime,1,cph
528,178.818177787805,0.365482248083204,lime,1,cph
529,179.035460076994,0.36645244705295527,lime,1,cph
530,179.590147900218,0.3674228917558333,lime,1,cph
531,179.927473526436,0.3683936576006868,lime,1,cph
532,180.104457210761,0.3693661104380671,lime,1,cph
533,180.121959666879,0.37034004794830944,lime,1,cph
534,180.290575722653,0.37131499866414186,lime,1,cph
535,180.953704393765,0.37229000390163464,lime,1,cph
536,181.212953597252,0.37326595152383335,lime,1,cph
537,182.536957968413,0.3742418513055427,lime,1,cph
538,182.694742911397,0.37521818866719614,lime,1,cph
539,182.86423786433,0.37619651010710353,lime,1,cph
540,182.992714083721,0.37717537379518823,lime,1,cph
541,183.063689432597,0.37815460807845597,lime,1,cph
542,183.089143199958,0.3791348548098034,lime,1,cph
543,183.698497470182,0.3801173322726173,lime,1,cph
544,183.882245368072,0.38110026520972773,lime,1,cph
545,183.952344559593,0.38208337519040486,lime,1,cph
546,185.096238755258,0.3830680252037605,lime,1,cph
547,185.684377552622,0.3840547650674678,lime,1,cph
548,185.835306366437,0.3840547650674678,lime,1,cph
549,186.25090487696,0.3850450371088792,lime,1,cph
550,186.318848738724,0.3860360647562849,lime,1,cph
551,186.343288944351,0.38702699965671905,lime,1,cph
552,186.344627403691,0.3880177042783145,lime,1,cph
553,186.560010667965,0.3890091326695713,lime,1,cph
554,187.394010992,0.3900027542465642,lime,1,cph
555,187.455922869812,0.3909972108218062,lime,1,cph
556,188.052882471456,0.39199292615544884,lime,1,cph
557,189.120535495681,0.3929890839883626,lime,1,cph
558,189.155510794514,0.3939863881777809,lime,1,cph
559,189.93174938264,0.3949837978884045,lime,1,cph
560,190.71729076726,0.395982064971736,lime,1,cph
561,190.979866143528,0.39698171939265126,lime,1,cph
562,191.138828533845,0.3979815094826741,lime,1,cph
563,191.272044196464,0.39898379173736037,lime,1,cph
564,191.350548339833,0.39998624138365196,lime,1,cph
565,191.372235720918,0.40098930600395116,lime,1,cph
566,191.673592394528,0.4019949018919561,lime,1,cph
567,191.99764303165,0.40300222095808014,lime,1,cph
568,192.015340688594,0.40401119393909046,lime,1,cph
569,192.319481049374,0.40502168490399676,lime,1,cph
570,192.36722640162,0.4060323327950451,lime,1,cph
571,192.486672942661,0.4060323327950451,lime,1,cph
572,192.731244795257,0.4070468862037408,lime,1,cph
573,192.933308226646,0.4080622696892623,lime,1,cph
574,193.486753414928,0.4090799984013886,lime,1,cph
575,193.541647057062,0.41009962455681487,lime,1,cph
576,194.261780936422,0.4111193425872098,lime,1,cph
577,194.66833169401,0.41213957436369836,lime,1,cph
578,194.815273171976,0.4131605370956406,lime,1,cph
579,195.166458598731,0.41418210338053396,lime,1,cph
580,195.308355877118,0.41520364272730914,lime,1,cph
581,195.969538665512,0.4162281644973745,lime,1,cph
582,196.382533383713,0.41725509100273117,lime,1,cph
583,196.652930261465,0.41828313287426877,lime,1,cph
584,196.864058247623,0.41931229515995677,lime,1,cph
585,197.167644129344,0.42034247224483356,lime,1,cph
586,198.786480200652,0.42137419067735127,lime,1,cph
587,199.019141906299,0.42240744878156816,lime,1,cph
588,199.196301571779,0.423442306675276,lime,1,cph
589,199.87021092816,0.4244778632927214,lime,1,cph
590,199.921769892076,0.4255152697602164,lime,1,cph
591,200.713986566789,0.42655286775002627,lime,1,cph
592,201.699474090653,0.42759066721376,lime,1,cph
593,202.510479719348,0.42863047381939035,lime,1,cph
594,202.581566098315,0.4296716546540096,lime,1,cph
595,203.423114805678,0.43071354117470306,lime,1,cph
596,204.137881310417,0.43071354117470306,lime,1,cph
597,204.317571985768,0.431758702751712,lime,1,cph
598,205.167001590999,0.43280464873697194,lime,1,cph
599,205.810053059823,0.4338537590835874,lime,1,cph
600,205.843192683076,0.43490347661143886,lime,1,cph
601,206.354211948907,0.43595431295216847,lime,1,cph
602,206.918392276183,0.43700946537314445,lime,1,cph
603,207.099918490963,0.4380652091508283,lime,1,cph
604,207.366987030375,0.43912195457139996,lime,1,cph
605,207.381921466182,0.44017848055749725,lime,1,cph
606,207.716002285402,0.44123694843630357,lime,1,cph
607,207.862968138653,0.44229681482666033,lime,1,cph
608,207.940772380915,0.4433589297756475,lime,1,cph
609,207.963829184856,0.44442213354229726,lime,1,cph
610,208.081951961195,0.4454860995978477,lime,1,cph
611,208.59015368309,0.44655228442249373,lime,1,cph
612,209.443560529539,0.4476217276872026,lime,1,cph
613,209.720302700653,0.44869140900844556,lime,1,cph
614,210.005373727318,0.44976181298800977,lime,1,cph
615,210.252350278442,0.4508334617746276,lime,1,cph
616,210.321797171422,0.4519079103219417,lime,1,cph
617,210.507580425983,0.4529844901734933,lime,1,cph
618,210.61734440698,0.4540620351076459,lime,1,cph
619,211.020864154293,0.45513963238779054,lime,1,cph
620,211.901127281384,0.45621730431126545,lime,1,cph
621,212.02808143821,0.45621730431126545,lime,1,cph
622,212.227876542525,0.4572996984421232,lime,1,cph
623,212.254572812025,0.4583839169299335,lime,1,cph
624,212.592297282805,0.4594691566253158,lime,1,cph
625,213.666304521329,0.460555371101031,lime,1,cph
626,213.71913551372,0.4616418621440998,lime,1,cph
627,214.119402946492,0.46272952516882554,lime,1,cph
628,215.13169154887,0.46381886996096977,lime,1,cph
629,215.172517503631,0.46490903034897785,lime,1,cph
630,215.306426934652,0.46600021930727076,lime,1,cph
631,215.319664084282,0.46709334383869505,lime,1,cph
632,216.116565729985,0.46709334383869505,lime,1,cph
633,216.60706076482,0.46819117160694124,lime,1,cph
634,216.652298682338,0.4692902512832894,lime,1,cph
635,216.668236577797,0.470391559885516,lime,1,cph
636,216.796556714165,0.47149329148949365,lime,1,cph
637,216.818083276104,0.4725952801551217,lime,1,cph
638,216.920636119402,0.4737017222781634,lime,1,cph
639,217.098691116623,0.4748100207845993,lime,1,cph
640,217.283485151168,0.4759187580058669,lime,1,cph
641,218.52528853672,0.477029672862959,lime,1,cph
642,218.918961277428,0.47814079114058666,lime,1,cph
643,218.950316314816,0.47925605791297576,lime,1,cph
644,219.320976625209,0.4803724335856502,lime,1,cph
645,219.359989024604,0.48148908470959995,lime,1,cph
646,220.068917548667,0.4826078109165991,lime,1,cph
647,220.670410807657,0.483726830123291,lime,1,cph
648,220.847486934008,0.484849201783751,lime,1,cph
649,221.315938960266,0.4859742665264839,lime,1,cph
650,221.478070828927,0.48710108863819773,lime,1,cph
651,221.670303162838,0.4882339277500266,lime,1,cph
652,222.038241037889,0.4893666067701272,lime,1,cph
653,222.245697565978,0.49049991199080073,lime,1,cph
654,222.36493152689,0.4916372758346575,lime,1,cph
655,223.143319616928,0.4927748529752528,lime,1,cph
656,224.66270807225,0.49391266475001266,lime,1,cph
657,224.700008124904,0.4950507880904626,lime,1,cph
658,224.887612977472,0.49618922535697974,lime,1,cph
659,224.893831333927,0.49733130623857075,lime,1,cph
660,225.34928270189,0.49847674172132544,lime,1,cph
661,225.807215842704,0.49962328194215444,lime,1,cph
662,226.371774551959,0.5007720862424297,lime,1,cph
663,226.702196895097,0.5019238334598456,lime,1,cph
664,226.8587466103,0.5030777581098881,lime,1,cph
665,227.07404955655,0.5042320117202659,lime,1,cph
666,227.60663903709,0.5053876238370542,lime,1,cph
667,227.987633000844,0.5065437193355996,lime,1,cph
668,228.018119239485,0.5065437193355996,lime,1,cph
669,228.050758340807,0.5077054171155219,lime,1,cph
670,228.290389804204,0.5088703202309086,lime,1,cph
671,228.526295940426,0.5100356172989868,lime,1,cph
672,228.823970322333,0.5112029758038615,lime,1,cph
673,229.111013001184,0.5123709113670448,lime,1,cph
674,229.159204725263,0.5135417336895783,lime,1,cph
675,229.335013885903,0.5147154476485736,lime,1,cph
676,229.55819928683,0.5158967496236971,lime,1,cph
677,230.032392323082,0.5170793644328514,lime,1,cph
678,230.951304812924,0.518264116063617,lime,1,cph
679,231.18208755247,0.5194507762852628,lime,1,cph
680,231.525587484958,0.5206387569863095,lime,1,cph
681,232.36885474415,0.5218292293105191,lime,1,cph
682,232.646176733079,0.5230238255852296,lime,1,cph
683,232.960598989084,0.5242203124786676,lime,1,cph
684,233.036124339268,0.5254197925820605,lime,1,cph
685,233.110618833314,0.526620816805514,lime,1,cph
686,233.313897005776,0.5278263100266376,lime,1,cph
687,233.594740137164,0.5290323666983499,lime,1,cph
688,233.777086987116,0.5302405995681799,lime,1,cph
689,234.362126764768,0.5314501053512742,lime,1,cph
690,234.505931131485,0.5314501053512742,lime,1,cph
691,234.944586913605,0.5326662423745392,lime,1,cph
692,235.065132426122,0.5338830643457676,lime,1,cph
693,236.353101368601,0.535104882132274,lime,1,cph
694,236.410939826084,0.5363311373729787,lime,1,cph
695,237.80409758991,0.5375611780196192,lime,1,cph
696,238.366162972702,0.5387929353095258,lime,1,cph
697,238.922793945952,0.5400271510899493,lime,1,cph
698,240.239194050777,0.5412619148171377,lime,1,cph
699,240.569599991025,0.5424982850079216,lime,1,cph
700,241.018984502921,0.5437352839822878,lime,1,cph
701,241.378854733763,0.5437352839822878,lime,1,cph
702,241.729015768514,0.5449803468857138,lime,1,cph
703,242.832494080334,0.5462257870837066,lime,1,cph
704,243.66866556388,0.5474727867264761,lime,1,cph
705,244.062065121084,0.5487209638431053,lime,1,cph
706,244.740224938705,0.5499717705245065,lime,1,cph
707,244.842311903003,0.5512245653711487,lime,1,cph
708,245.237148043332,0.5524821335494703,lime,1,cph
709,246.406193743469,0.5537409581469753,lime,1,cph
710,248.071229756608,0.5550014677396586,lime,1,cph
711,248.087315371066,0.5562627954137344,lime,1,cph
712,248.089889092521,0.5575254846804961,lime,1,cph
713,248.125378246926,0.558789471206944,lime,1,cph
714,248.721002177286,0.5600556605904015,lime,1,cph
715,249.25288648882,0.5613226199949232,lime,1,cph
716,250.998600739985,0.5625902316333918,lime,1,cph
717,251.613188678096,0.5638624802286516,lime,1,cph
718,251.905934801825,0.5651403548660037,lime,1,cph
719,251.990586160625,0.5651403548660037,lime,1,cph
720,252.355082040083,0.5664279692932839,lime,1,cph
721,252.612179352063,0.5677163186553604,lime,1,cph
722,253.301011069734,0.5690055795029034,lime,1,cph
723,253.704536002623,0.5703025074241519,lime,1,cph
724,253.797282668561,0.5703025074241519,lime,1,cph
725,254.254676241434,0.5716165282925347,lime,1,cph
726,256.398400624587,0.5729346207126985,lime,1,cph
727,256.869285229849,0.5742536891086735,lime,1,cph
728,258.01496331146,0.5755759942947805,lime,1,cph
729,258.318564421462,0.576900890434068,lime,1,cph
730,258.32942422273,0.5782281147985361,lime,1,cph
731,259.178973961992,0.5782281147985361,lime,1,cph
732,260.573971215241,0.5795715520469654,lime,1,cph
733,262.972231956933,0.5809168771551247,lime,1,cph
734,263.375838065733,0.5822643043642506,lime,1,cph
735,263.536512219463,0.5836169267223579,lime,1,cph
736,263.683414343148,0.584970872436482,lime,1,cph
737,263.755621551168,0.5863268621837441,lime,1,cph
738,264.01469839529,0.5876868043132674,lime,1,cph
739,266.097337439514,0.5890477438137711,lime,1,cph
740,268.935736342482,0.5890477438137711,lime,1,cph
741,269.155124539439,0.5890477438137711,lime,1,cph
742,269.51345745137,0.5904282423324704,lime,1,cph
743,269.530066766624,0.5918166274312605,lime,1,cph
744,269.767457504015,0.5932065778182907,lime,1,cph
745,269.918283524364,0.5946005471346318,lime,1,cph
746,269.934169963171,0.5959981631981677,lime,1,cph
747,270.227050031307,0.5973967300392206,lime,1,cph
748,271.272379197731,0.5987981653266353,lime,1,cph
749,271.832346888968,0.6002018235283759,lime,1,cph
750,272.119243632278,0.6016081063665604,lime,1,cph
751,273.003939754714,0.6030165209813455,lime,1,cph
752,273.226525942313,0.6044265083245076,lime,1,cph
753,273.552007435096,0.6058406915316381,lime,1,cph
754,273.991550952849,0.6072579866206971,lime,1,cph
755,274.33347104934,0.6086779931047269,lime,1,cph
756,275.767348105647,0.6100993552651195,lime,1,cph
757,275.781184372597,0.6115262661134083,lime,1,cph
758,277.12655070174,0.6129610514561177,lime,1,cph
759,277.548467696733,0.6143985126286368,lime,1,cph
760,277.686148471275,0.6158415770874339,lime,1,cph
761,277.824735429536,0.6172874664230538,lime,1,cph
762,278.74519007858,0.6187412067715986,lime,1,cph
763,279.300788346242,0.6201965069276171,lime,1,cph
764,279.992633132531,0.6216561031109259,lime,1,cph
765,280.43564863021,0.6231196888914308,lime,1,cph
766,280.737739444352,0.6245873626731493,lime,1,cph
767,280.88600551893,0.626061045691332,lime,1,cph
768,280.928072912926,0.6275377217866368,lime,1,cph
769,280.979068975638,0.6290172730739767,lime,1,cph
770,281.006692991579,0.6305025327177909,lime,1,cph
771,281.50340083291,0.631993623785159,lime,1,cph
772,281.721881310863,0.6334886047844092,lime,1,cph
773,281.782973491528,0.634985127986124,lime,1,cph
774,282.341920950586,0.6364837330530214,lime,1,cph
775,282.463655653844,0.6379867311296618,lime,1,cph
776,283.935825114853,0.6394938902065465,lime,1,cph
777,284.352943473146,0.6410062386481268,lime,1,cph
778,284.731419509986,0.6410062386481268,lime,1,cph
779,284.889918505594,0.6425341974822891,lime,1,cph
780,285.611450098613,0.6440647783968848,lime,1,cph
781,287.496700735497,0.6455979120252409,lime,1,cph
782,289.175178501991,0.6471344580873677,lime,1,cph
783,289.585149574983,0.6486843785053565,lime,1,cph
784,289.680110486497,0.6502381386273063,lime,1,cph
785,291.38892219902,0.6502381386273063,lime,1,cph
786,292.098246450955,0.6518086177398358,lime,1,cph
787,292.344578957047,0.6533837029372463,lime,1,cph
788,293.949501932303,0.6549634526571859,lime,1,cph
789,294.017908403599,0.656549451056704,lime,1,cph
790,294.57458996162,0.6581381893037652,lime,1,cph
791,294.607867987643,0.6597292120741253,lime,1,cph
792,294.738371697036,0.6613269986549258,lime,1,cph
793,296.801862438774,0.6629279201365126,lime,1,cph
794,296.815778151063,0.6645340526629062,lime,1,cph
795,297.333269122326,0.6661498100657488,lime,1,cph
796,297.939733818136,0.6677704067359204,lime,1,cph
797,302.011768565409,0.6693972949054379,lime,1,cph
798,302.314169571487,0.6710278378955213,lime,1,cph
799,305.086213374644,0.6726627125925824,lime,1,cph
800,305.239766839896,0.6743006946266,lime,1,cph
801,308.010801580913,0.6759464569494741,lime,1,cph
802,312.508414417334,0.6775952787424919,lime,1,cph
803,314.282296850779,0.6792508644387467,lime,1,cph
804,314.87699381496,0.6809102071116545,lime,1,cph
805,314.94935456601,0.6825759124313412,lime,1,cph
806,316.667661475615,0.6842478508798459,lime,1,cph
807,317.468839530118,0.6859313758543492,lime,1,cph
808,318.178821548,0.6876220991916788,lime,1,cph
809,318.72785121235,0.6893177024238645,lime,1,cph
810,324.282799372692,0.6910195488531774,lime,1,cph
811,325.039353550667,0.6910195488531774,lime,1,cph
812,325.791457659342,0.692746128480867,lime,1,cph
813,325.839493400972,0.694477731722376,lime,1,cph
814,328.347728833173,0.6962162856439418,lime,1,cph
815,329.520530935473,0.697960413324518,lime,1,cph
816,329.743315274421,0.697960413324518,lime,1,cph
817,330.06668335513,0.6997318933114024,lime,1,cph
818,331.426008904905,0.7015104908500835,lime,1,cph
819,332.27318999202,0.7032955473709918,lime,1,cph
820,332.903933080954,0.7050845853005459,lime,1,cph
821,334.917156741262,0.7068828143779763,lime,1,cph
822,335.249632157869,0.7068828143779763,lime,1,cph
823,335.547412563645,0.7087097612910455,lime,1,cph
824,338.740484417165,0.7105424300679481,lime,1,cph
825,339.13143904293,0.7123808191805705,lime,1,cph
826,341.766798445714,0.7142254603520171,lime,1,cph
827,342.018063817391,0.7160842802204238,lime,1,cph
828,342.185889606466,0.7179552373345877,lime,1,cph
829,344.674769304811,0.7179552373345877,lime,1,cph
830,346.068130169984,0.7198647288981205,lime,1,cph
831,346.131316440033,0.7217861516452699,lime,1,cph
832,347.8992934056,0.7237149291331334,lime,1,cph
833,348.568650897731,0.7256523497913954,lime,1,cph
834,350.138899392735,0.7275970305221956,lime,1,cph
835,351.20510813126,0.7295509861577834,lime,1,cph
836,353.375581675332,0.7315145962303764,lime,1,cph
837,354.047239523129,0.7334892203806169,lime,1,cph
838,354.765768484128,0.7334892203806169,lime,1,cph
839,355.639439237337,0.7355083087905893,lime,1,cph
840,356.094727077407,0.7375369809585799,lime,1,cph
841,356.216658998369,0.7395737365451395,lime,1,cph
842,356.766232273705,0.741620433356649,lime,1,cph
843,365.256575437634,0.7436767514036581,lime,1,cph
844,366.049417024808,0.7436767514036581,lime,1,cph
845,367.075506046401,0.7457923418356098,lime,1,cph
846,367.720690277389,0.7479218537107849,lime,1,cph
847,367.870231671156,0.7500639198615406,lime,1,cph
848,371.978056856617,0.7500639198615406,lime,1,cph
849,374.714423989844,0.7522587107573743,lime,1,cph
850,375.504720985492,0.7544661911938163,lime,1,cph
851,377.534099820642,0.7566874428146675,lime,1,cph
852,381.148350254482,0.7589200233915823,lime,1,cph
853,381.394394107446,0.7611651744199847,lime,1,cph
854,382.958459481345,0.763423751848778,lime,1,cph
855,386.099255499708,0.7656974557993488,lime,1,cph
856,386.399142611254,0.7679849768142643,lime,1,cph
857,386.861243933092,0.7702877096262696,lime,1,cph
858,388.709199504737,0.772605160280014,lime,1,cph
859,389.099819505758,0.774941051406782,lime,1,cph
860,395.443366797639,0.7772935215017579,lime,1,cph
861,396.06579078454,0.7796636512248623,lime,1,cph
862,396.542823145204,0.7796636512248623,lime,1,cph
863,397.95134721055,0.7821172236207875,lime,1,cph
864,398.865935769039,0.7845924417202482,lime,1,cph
865,400.746212215667,0.7870909664350779,lime,1,cph
866,404.252811855593,0.7870909664350779,lime,1,cph
867,407.77797181467,0.7896901565862798,lime,1,cph
868,408.070592802651,0.7896901565862798,lime,1,cph
869,410.267938636877,0.792402518272437,lime,1,cph
870,412.108583434682,0.7951471104009291,lime,1,cph
871,422.458547026958,0.7951471104009291,lime,1,cph
872,425.61096109991,0.7980249685432326,lime,1,cph
873,428.019694081087,0.800941336394305,lime,1,cph
874,432.816779023045,0.8038891078943126,lime,1,cph
875,433.587066720405,0.8068785038698364,lime,1,cph
876,435.648236764584,0.8099120174915061,lime,1,cph
877,437.095528844527,0.8129996715676353,lime,1,cph
878,440.001424503726,0.8161272894194275,lime,1,cph
879,445.272083357254,0.8193086736721491,lime,1,cph
880,452.869763763631,0.822540417628596,lime,1,cph
881,455.787655350649,0.822540417628596,lime,1,cph
882,463.074202031081,0.8259660487844539,lime,1,cph
883,476.735734865514,0.8294578968041341,lime,1,cph
884,483.578067464034,0.8330474809002417,lime,1,cph
885,485.91051162929,0.8367371127509627,lime,1,cph
886,486.347727604777,0.8405448661929846,lime,1,cph
887,490.934304704346,0.8444276058932347,lime,1,cph
888,502.732016806227,0.8484453029897381,lime,1,cph
889,513.443172480998,0.8526453339973632,lime,1,cph
890,517.350543239696,0.8570043342274475,lime,1,cph
891,535.864674707218,0.8614605910103359,lime,1,cph
892,544.710539393554,0.8662077241622981,lime,1,cph
893,548.321061634021,0.8713192011010257,lime,1,cph
894,550.048231237309,0.8770749166031647,lime,1,cph
895,574.78582582682,0.8837152645310679,lime,1,cph
896,576.651921786572,0.8898287226890971,lime,1,cph
897,601.495904528038,0.8974407560192539,lime,1,cph
898,689.631598174123,0.9087826232834548,lime,1,cph
899,698.993982939864,0.9332284588729635,lime,1,cph
