x1,x2,x3,x4,x5,time,event
0,0,12.5599941246584,8.81053950247249,-0.335023747241537,1.3715234901756,0
1,1,7.84803077690619,24.9358059669227,-0.815996059476927,1.03176018409431,0
0,0,9.8511969825432,20.9990983560607,-0.107521846688636,13.387439328013,0
1,0,10.3985565548177,12.6337326502488,-1.12919470970066,7.8797208275646,0
0,1,7.08207962575263,20.8956299795279,0.60593566045942,1.93900302466067,1
0,1,8.67845642075394,24.7971102888696,-0.154599524620966,2.57213241266141,1
1,1,10.0091418750509,22.948952478318,0.221062108513332,1.153935859045,1
1,1,9.73411610035352,20.7057659411326,1.36941523595122,4.75450825318694,0
0,1,10.4579802917585,19.3089946935369,2.23219537591663,2.89922112599015,0
1,0,11.4449278045074,17.0883516286998,-0.60134457050291,12.3529096245225,1
0,0,12.0971160561458,17.6991399376916,0.560144354386071,2.11219349317253,0
0,0,6.78220296252518,23.6954073649317,-0.357530165681202,10.6349900933973,1
0,1,13.2234937446588,23.3865002701214,-1.29533302796419,4.23252250344848,1
1,0,9.80615835929191,15.7734448357033,-1.98693557298797,3.25051553743341,1
1,0,13.059040433491,22.7481947827792,0.293120807572297,3.98401604779065,0
0,1,8.83350146400215,14.1937016495379,-0.305209411013521,9.43702335056451,1
1,0,10.0616364956332,22.7665900416545,0.0306947614990065,0.885600835782082,1
0,0,8.19537396312879,21.5238905923318,-0.44077282558721,1.33213840544272,1
0,1,8.07099910661625,23.8945788865819,-0.778000468073857,1.57126075243249,1
1,1,10.8012524516453,18.5896879171812,-0.255999802623225,9.51892294719181,1
0,1,9.11050162092834,27.7925820208387,-0.216874364290544,0.838033489526914,1
0,0,8.37333543058898,17.4599695957151,-1.04914473664275,7.95950019954888,1
0,0,10.1117540653338,19.8713937571108,-0.588670763326309,4.10187017445223,1
0,1,10.8158245529062,20.9737338939244,-0.88084869586343,6.5287902597338,0
1,0,12.2864156389828,22.5168786246266,1.70481920216848,1.96330073521519,1
1,0,11.8585750007862,18.4484246827233,1.74021641260997,4.75696050189435,0
1,1,9.41157733716123,15.7091264245518,-0.154561429223921,5.71309381909668,0
0,0,9.10988676521516,19.7471781535415,-0.402629116550948,13.1491809491999,0
1,0,6.19404250385349,22.194270922722,0.679214424928443,4.79189802787738,1
0,0,9.48416756162606,23.5471876040186,0.021329373081224,1.22801729222841,1
0,0,9.48121503365718,18.3471771897414,-2.85653578082965,11.4225975293666,0
1,0,10.7356965942025,20.2875163399379,-0.497144404568075,0.0126006938517094,0
1,1,10.5533228610303,21.3154796053868,-1.26691669760118,3.24998765809231,1
1,1,8.79602319517316,26.0240704479538,-1.26437710381935,5.26057441905141,0
0,1,13.4590781121828,16.0916877319084,1.8174296494903,8.67989665456116,0
0,0,10.7666351878449,25.408874897159,0.237783769435308,12.3352896808647,0
0,0,16.2979370533256,16.8331415127633,-0.402792729285944,3.04823948442936,0
1,1,10.7514577278573,19.2955925789303,-1.47146212103793,7.59316555224359,0
0,0,8.2961988336178,19.8621581140607,-0.326904223134939,2.50735837966204,0
1,0,12.0229081101443,20.7621506257435,-1.14830894099565,12.3606594559657,1
0,0,10.6196499770452,23.8623324461945,-1.2342679418668,2.15715523995459,0
1,1,8.72851485493668,20.2531018830059,-0.0517207399020377,6.25365222431234,1
1,1,11.6963729267714,18.9586185464474,-0.124503758858671,4.07612614519894,0
1,1,9.89690124423678,15.6312281623206,1.70179524201054,5.47402322874149,1
0,1,10.1678210978585,28.1976381119726,0.439963934517027,11.8430176263209,0
0,0,10.863896613409,20.9211247865847,-0.250383476871259,0.956083888789124,1
0,1,9.74140153126522,17.7587456229524,0.585722387846092,11.4441183211748,0
1,0,8.85918041899826,14.5154421022226,1.79665690077731,6.49634022451937,0
1,0,9.24979388640282,15.2407462684446,0.451487741833522,3.14254286866335,1
1,0,10.1475557105385,25.9002321242456,1.14353405440712,9.10834638029337,0
0,0,10.953305039306,17.1706284090658,-1.1341829917859,1.09519588662008,1
1,0,8.12932979205634,23.9796250187109,-0.198451757506926,0.919862211014396,1
0,1,10.9207881395108,22.4334263244759,-0.62993085197928,8.33230978064239,0
0,0,10.6274753661567,23.7976208827398,-0.225581328446636,9.90560659876487,1
0,0,13.1185548141244,21.1090276157596,-0.40402485422433,11.4412680689439,1
0,1,10.3096015040262,19.6817391303626,1.71420659200901,1.1118616940762,1
1,1,10.1014911754789,15.873687712532,0.911380219238659,1.81039617852772,1
0,0,9.44728361919155,22.4117688373619,-0.645069487998422,6.64623810723424,0
0,1,9.24008087922657,21.4548079075759,-1.44881896341574,9.69639779815059,1
0,0,8.02970432733303,18.6824608351775,-0.617735436038574,13.1870539181766,1
1,1,12.6671903822638,11.6736666458597,0.985367586753227,7.27218860322881,1
1,0,8.35496691741331,13.1600896861292,-0.32635014322365,11.2697113013964,1
0,0,12.1698859983465,12.52448080755,0.144146822531473,5.59678056277335,0
0,1,8.96514309298929,28.1907746831808,0.518041901062363,0.757188846378376,1
1,0,9.92816549480013,24.6442740835577,0.826647014907136,3.65199190450593,1
1,0,12.4047177247002,20.7389055087855,0.64882637012334,0.958053628033889,1
0,0,6.9410877252204,17.1408038638113,-1.97789149342804,3.54120351746678,0
1,1,7.72256442642886,15.1811049486641,1.20034888038792,1.04284855507898,1
1,1,7.18146653279267,21.3083107356395,0.431698204898981,1.25444982779633,1
1,0,9.59079965907531,17.2176103301951,0.289666196044293,3.79386125923626,1
0,1,7.95922570482764,15.3014738428352,0.381518413443391,2.47772870257585,1
1,1,8.26978740827683,21.5984212185797,-0.868636357372644,5.14276132439162,1
1,1,11.2441317442522,15.3770945375961,0.762794686596301,3.27987031079829,0
1,1,11.8768141131242,17.0315534358716,0.980147545687439,8.84533216432497,1
1,1,9.28369477436711,27.19689810561,1.16986434627763,1.81733168480121,1
1,1,9.90728842865573,24.7006195503456,-0.328468701873544,2.01744751313666,1
1,1,8.76229966544546,21.4146795548864,1.42848450203139,5.9173164096699,1
0,0,12.8446283815006,23.9268476662774,-0.228804470310744,1.86689015833401,1
0,0,13.3099197956427,24.3341958214617,-0.0949237718105138,1.06778695686967,1
0,0,11.1281796683171,13.6946888782764,0.775325973362134,3.9218483325094,0
1,1,7.58791776755509,19.4158164687418,-1.62420994628013,5.6708599794656,0
0,1,13.1405000627429,20.2143218746274,-0.0004468010919309,11.5091781483497,0
0,1,9.02071953994517,23.9220627647745,0.517813701696323,7.28041449375451,0
1,1,7.39865679072656,15.4971931448688,-0.258945970492887,5.76741590462637,1
1,1,9.35410022184663,18.9732474821009,0.0096130175704335,6.94143149256706,0
1,1,6.93570175212911,19.8577098243756,-1.03363167331761,7.42081408657901,1
0,0,12.7838959278541,20.9272856579354,0.637827290956051,12.4921027235687,0
0,1,13.9149044547899,19.456249365047,2.41320480183379,2.34513833489286,1
1,0,9.36176283792102,13.7694773618698,2.02460957757147,3.93573125930163,1
1,1,8.90052161129768,8.74487189829159,2.39001672962821,3.92890682661935,1
1,1,12.7069100438525,23.8187527206785,-1.6209775327955,1.05697716141991,1
0,1,10.2808743325709,22.6516140066585,0.420111386029359,0.512811055406928,0
0,1,12.8426763135568,16.1203180047513,0.897563395665041,10.7413337793034,1
1,1,8.46817985428395,17.4409871042349,0.0633000725369221,1.08724009618163,0
1,0,6.24201215842354,18.9057999223867,-0.232996016358293,3.07122054930734,1
1,1,10.8752715924974,15.9733429274414,0.0359134825854171,10.4432351535592,1
1,0,10.9019895582808,15.074667706839,-0.337105976218008,6.84936769679189,0
1,0,9.3718853308029,19.3555625946409,-1.2912226627897,7.6793349224677,1
0,0,10.5890430589374,15.1290199659829,-0.500933492137252,7.25979847088456,0
0,1,9.99413876673367,10.5058530308299,2.07299506202519,4.09339010474016,1
1,1,9.17993993539398,17.9205724469758,0.858835062277293,0.260139562189579,0
1,0,10.1272721505545,19.8631553807014,-0.210452136583074,0.433445033800847,1
1,1,6.89173208180694,20.3339102220679,0.5643859647137,5.08359676413238,0
0,1,9.22111410979572,16.7568723854687,0.108972877978708,11.472834717948,0
1,0,12.8342754851686,20.7563155425847,-0.234223551263424,10.1614294045594,1
0,0,10.6450635622488,23.6917355984024,-0.765839596236963,12.8012605584334,1
1,0,10.7639551891108,22.8120250263328,0.0297810396110176,1.01092747226357,0
0,1,10.196537078163,16.685275789075,0.707163512957028,2.1134259072419,1
0,1,11.2345712941728,23.2777615791722,-0.785331229200484,3.01075525581837,0
0,1,11.1856008056422,13.429807024039,-0.985289296153936,11.1695535220206,0
0,1,10.9522618179233,22.8530511651617,-0.108214550730409,1.00765139078232,1
0,1,10.6403017816909,21.2931583826127,-1.17342284319128,2.19629417285889,1
0,1,9.41338051924802,15.6685182661499,-1.44127445660181,4.1558345798403,0
0,1,8.49243104373891,19.0176293137036,-1.25791034530722,1.78857908360397,1
1,0,7.10666188188597,21.5020245397975,0.590373129136067,5.2403945535979,1
1,0,10.347854930154,15.6652949995695,0.267819348736929,3.62252302095294,0
0,1,15.2050456206391,12.3248257271388,0.313520319574148,6.21260210685432,0
1,1,12.1282362359716,26.8215125859269,1.64834860517645,6.55954157479182,1
1,1,8.92158517355762,20.1425183865725,-0.127050566005898,0.854611661285162,0
1,0,11.085353397121,27.7841929966917,0.521438973326492,10.9780905210371,1
1,1,13.590194058197,24.1230685597771,0.0109992058372078,8.1653998431518,1
1,0,7.7893180579799,20.2887585741425,2.11645839471297,8.29465153990426,1
0,0,11.6162396114115,26.3631304607969,0.361493022496838,2.31585207090051,1
0,0,12.3902164211757,21.3063129327433,0.274480267158485,7.33850481547415,0
1,0,10.1023184917458,20.6028567656064,-0.160112377701082,0.0892093386501074,0
1,0,8.3262691191873,17.3300958199308,1.00543962172536,5.542301060457,1
1,0,12.4236269860688,23.0759206979716,2.57341975650194,3.31883288256494,1
0,1,6.14459666312535,21.0665733759297,-2.57244897406267,1.48014645650983,0
1,1,8.58517997465898,17.5936474549324,0.650284949362954,1.17069179000821,1
0,0,13.7833416836543,18.5993616432898,-2.04537128602623,1.76709757655966,1
1,0,9.33361661796625,22.3794387462418,1.47971848886228,2.22098728228592,1
1,1,8.42610741378881,27.9986684501971,-2.12994878761068,1.92519906906572,1
0,0,6.13155906238231,16.8124725326827,-1.3288106436565,9.5679084956646,0
0,1,11.186071322921,24.9246358069495,0.300296842409019,0.840841609820294,1
1,1,13.053868312932,16.6470662675675,-0.275647955545286,0.0690385289490223,0
1,0,10.3396458152828,16.4871207936833,0.640071713757849,2.35168156007739,1
1,0,13.3458632242259,16.0864857731774,-0.57112208267929,2.37293715029955,0
0,1,9.85756583110917,16.4673174694709,-1.52303815406929,8.57059197686613,0
0,1,10.1115406468632,25.884019723046,0.674867479287086,1.4807869119727,1
1,0,7.46642580951793,15.8374833705391,-1.34748703294736,2.43814686337532,1
0,0,10.1990983154172,17.9806624656821,-0.863877217180731,12.8812215526326,1
1,0,10.9312747812608,20.2003556693727,0.43271628777456,10.8085421410831,1
1,1,8.16091589782322,21.806548260485,0.980677846773297,3.04023457150785,1
1,0,3.73838366036807,24.2615206386607,1.41718023852741,2.65549156306725,1
1,0,6.68431066703924,24.1604707058965,0.383824047221005,0.808926810575296,1
1,1,9.27608293542793,22.2051871364597,-0.177947420262678,1.17458157907532,1
1,1,7.41581273227713,17.327385603988,0.82226297871983,3.11570257490683,1
1,1,5.99086491011831,16.9869910722048,1.18028740695628,2.63244743674428,1
1,1,5.76165923621748,13.3021775181402,-0.951366605134827,1.6987403165549,0
1,1,7.14748415989542,17.9861939149041,-1.63699320823915,8.08589109646847,1
0,1,12.5193840969319,21.888532039917,-1.12951189288731,11.946830126047,1
1,0,7.1327315801161,24.1417638079733,0.835659878344182,0.843774462311598,1
1,1,7.58470542011334,21.1169114741902,1.11251618858324,7.30352079386187,1
1,1,8.86778688257086,16.2157714504522,2.3383857328339,6.36189977000445,1
1,1,9.85733736115153,18.9780513125661,-1.69627153967065,1.35360157819189,1
0,0,7.02494206004865,15.5542206373963,1.66956750517128,9.03491844730042,1
0,1,8.3001252870493,23.8368222691779,-1.17516768285303,1.7249601670727,1
0,0,11.9391587423664,27.6389760848351,-2.16018289850786,3.20230775512755,0
0,1,9.50619521824341,19.4678107451714,-0.419547141451359,1.42844883027701,1
1,0,12.0313678010174,29.8546171893607,0.477451063648537,1.37011244233315,1
1,0,9.3090668559341,18.8125703486052,0.484118727671095,3.57240279391408,0
0,1,9.94851590497444,18.3944728371719,1.1572363771702,3.10983084257036,1
1,1,10.9214031971169,15.0390817131597,-0.491261963986406,2.09597117735657,1
0,1,9.02033014780815,22.0288041847067,-0.488559161642641,2.88365812785923,0
1,1,11.2949375526732,17.1702256876745,0.48231064752579,3.95404557167284,1
1,1,10.3607233934433,12.3503530579239,0.337725236323259,7.30099846422672,0
1,0,10.2557388317932,15.916352558087,0.236898190253129,10.3991593603803,1
0,0,8.45561620602412,19.0413392050397,1.30741557736421,1.29013844049741,1
0,1,6.14528623219175,36.2656346981623,0.691004388310669,0.666314918952493,1
0,1,8.09337636137804,20.6805404250618,1.41255413136188,2.94120026193559,0
1,1,8.55519195122947,16.3228495185161,-0.56262354613925,2.80628013168249,1
1,0,8.91640395238522,23.1834257986444,-1.35940680933217,6.45266043730723,1
1,1,6.40153582494557,24.1176071331648,-0.248962986850302,2.68156112603213,1
1,1,10.107406585187,22.6127451425029,1.07258555191248,2.72723446548715,1
1,1,10.2804961323899,20.8329481317294,-1.15008115918881,10.8759457111005,1
1,0,13.8209273350936,16.1344762011825,-0.184711192525651,8.21048018708825,0
1,0,9.319393085228,20.4491738728921,-0.713383165080175,9.60241975873438,1
0,1,8.02906493932172,22.2131615559634,-0.100391144941989,6.20851555466652,0
0,1,10.0804862621078,25.9484862010615,0.962134400853975,2.49307019663128,1
1,0,10.040115766275,23.1388092203522,-0.905506379483831,2.31563349813223,0
1,1,5.10836440555119,21.7199471361205,-0.186090407602202,2.80035758065838,1
1,0,9.90444290787383,23.5774363749667,-0.0804434925492981,1.49776082994757,1
0,1,10.0780611425005,14.5708720692415,-0.709017070752442,12.9336530668863,1
1,0,8.72780358073244,9.8156951928575,-0.167311989286038,11.5293993054501,1
1,1,13.5487396864334,19.0101526691461,0.429810098566749,2.36938437446952,0
0,1,9.8979785249713,21.89778078681,1.08602346389593,2.12788864782015,1
1,1,10.9837996467379,22.8977050512973,1.64149129130288,4.10124495918681,1
0,0,8.19954632898351,20.4078948892185,0.0877810237836693,7.86577022261918,0
0,0,10.1650031341478,23.614606001328,0.535549515555683,11.6377070322633,0
1,1,8.75464190398999,17.2964163326568,0.188187328073856,2.40747397976053,1
0,0,10.4255884752411,20.2782329102958,0.165904866283074,9.5263704318752,1
1,1,9.33897068903624,16.3237432607335,0.505078407452736,11.9004479125142,0
0,0,7.63461843600397,15.8963247272458,-0.851107810993944,9.41498247161508,0
0,1,7.53057680792736,22.8441087100397,-1.40035759305234,1.53660713664907,1
1,1,10.473677555041,21.8203521538909,-1.8053195199955,8.67094126470759,1
1,1,10.8811817175094,24.6460651465462,0.998905610044676,1.27695368303776,1
0,1,13.0771721545774,20.4864509055513,0.0851311274089092,3.21809091449516,1
1,1,7.16648238782202,25.2753732976115,-0.703050435590626,1.41119677613214,1
0,0,7.8752183522448,15.3627234273251,0.854302777839982,10.395498900839,1
1,0,9.68143069726175,20.3791014103476,1.58433340997745,9.56086998123377,1
0,1,8.75800928964706,17.4029431777033,-1.31137822081674,10.6669153083543,1
1,1,7.69982751364647,14.2696038829575,-0.327003508762912,2.47920926101506,0
0,0,11.2986656947866,18.7319064932453,0.29215519395885,0.850713612356601,1
1,0,10.180552543938,21.177460244252,0.0199154445606227,1.09779958985746,0
1,1,10.2733160308297,15.4185503203728,0.504176286802095,0.709029748069422,1
0,0,10.9885535510715,18.9095494868452,-0.366023332318375,6.12298824638128,0
0,1,8.2770949569396,21.935607012597,0.655159233575222,10.5249976795167,0
0,1,10.9942188672654,22.8759749241739,-0.968721412317968,6.90025026351213,0
0,1,10.8648943076546,11.9942122449697,0.320565152165495,12.1033948580734,0
1,1,13.3804146680432,21.5622826534704,-0.817110927725191,10.7065551401902,1
1,0,9.41938302159088,18.8290031413241,1.32882905222237,6.97373008355498,0
1,0,11.9814642615886,23.9785108092224,-0.278233575390786,2.55975858826335,1
0,1,9.65400384903584,16.6561709782462,1.45214985706799,10.6930587887764,0
1,0,12.4960934729119,22.656978235007,0.333793928802055,3.11301663070947,1
1,1,9.93868197887535,24.5460031904091,-0.518355356533344,7.42629014868398,1
1,0,8.83572354198821,22.177698755629,1.15443847825189,5.81860780343413,0
1,1,10.3458101440215,16.8685667469859,0.98215491527906,10.6064583688005,1
1,0,7.9019074843347,15.70590587158,-0.269464161679766,7.41951221455121,1
0,1,6.83173792616476,20.5072595954448,-1.17285905121827,0.180074567003756,1
0,1,10.8964181037517,20.2800884853351,1.13974603912672,6.90289995074272,0
1,0,12.6932868028831,17.1213941485533,-0.105189850274102,1.07053207978606,0
1,0,7.62794517356808,24.2482917842532,-0.252710962538613,2.21992290632638,1
0,1,9.08741816353,21.2306672161332,0.208657441685076,2.23252794016953,1
0,0,8.62599836629177,25.6922346052116,0.630714289355944,2.54912868952214,1
1,0,9.34673372835415,15.4951845004972,-1.38126022142196,1.05625372530215,1
1,1,11.5742362254026,13.6162479676001,-0.85371345923062,5.44845134206116,0
1,0,10.2532412629947,19.8734923332347,0.458957520314059,9.54801642434232,1
1,1,11.8825421953152,16.0103693858452,-0.644413084654369,10.7367579625264,1
1,1,13.1622048373717,18.8805349764771,1.15638739857284,0.81829496473074,0
1,1,9.41060279599174,20.4846368052202,-0.852345880779383,5.8917317725718,0
0,0,8.89109455778024,17.6859763484649,1.02974554703961,12.731296654325,0
1,1,10.5192094000669,23.9536113558002,0.861326778334782,7.47604261225996,1
0,0,13.9101091847338,19.2674888876523,0.219391582325187,2.73536328412592,0
0,0,4.51791684387937,26.0896850900462,0.0199748533007219,0.772912469869041,1
1,1,7.39066902479821,20.7251113479371,1.08886254858951,1.34259922334381,1
0,0,13.707307754867,20.047124454211,-0.189584476577138,0.781818447634578,0
0,1,11.8972764776819,13.7197180538557,-0.995049839528761,7.75752595625818,0
1,1,10.4530288718229,22.6940383714798,-1.50904078085073,3.33915190120527,1
0,1,9.35149861752116,19.5259734700016,-0.161375643348418,2.7305995254077,1
1,1,7.23504860051683,15.9610872841858,0.608288182638588,7.9883546753549,1
1,1,11.0418902944481,16.1310444789148,0.0200692163476166,0.625095522031188,0
0,1,8.17100345371428,19.6549137098667,-0.704729246807331,8.30687463283539,0
1,1,9.48516094427498,14.5455694643141,0.430615749351717,11.1273780234617,1
1,0,6.71936176441989,22.9773287859543,-2.49764917788576,1.06620989929132,1
0,0,9.90190894489191,23.6448149578023,-1.00775410357273,5.36450756527483,0
0,1,8.63626447610762,27.4411685178396,-1.03443397925109,0.701681808364982,1
1,0,9.83684980868545,19.2385859247077,1.81497343021687,5.92994161126074,1
0,0,10.4067913643529,13.2059961596598,1.16417422729255,12.6793508047704,0
1,1,7.25299851853813,18.9956064017021,0.413622187090212,1.14487965098728,1
0,1,10.7513031514319,21.8701644180358,1.01809871383373,1.93247740902007,0
0,0,14.9436836735138,20.571605344418,0.59574013760159,8.32889627851546,0
0,1,4.17001931570651,18.8955833464062,1.14971788800226,1.11386741915419,1
1,1,13.0180783665494,20.6708593154299,-2.18025446853103,1.98546856144668,1
1,1,9.71786911068663,23.7818744470826,1.11955225234468,4.72055502268672,1
0,1,13.0375375402,12.1065796322068,2.08033131038316,1.505447685052,1
1,0,9.53152261191772,17.2750877755185,0.952755871837056,0.974971918566113,1
1,0,11.5327051082926,18.0079845206994,-0.266291566779805,6.64856139756739,0
1,0,9.24405398106886,17.087044595824,-2.06162220193673,1.19448400643987,1
0,0,10.9638748542748,20.5469916833379,-0.0319363684291915,6.93746725405087,1
1,1,11.520953598042,24.0702264514218,-0.100726295426562,5.28888531739385,1
1,1,12.0461042778619,20.4400533622032,0.0487068176238166,9.715546566993,0
1,1,8.25240246103086,26.0106790299004,-0.211905774903039,2.48982678557016,1
0,1,11.422749274585,15.222212826897,-1.8786346043782,1.90086821368076,1
1,0,10.0850665925076,17.7094703048539,-0.144779810049805,11.3510507291216,1
0,0,12.3710326902795,22.8945593547466,0.418658109395501,14.6774132658964,1
1,0,7.74370926357811,24.354531770099,0.390736290505933,4.90885782832543,1
0,0,7.94499272634602,19.041876562929,-0.481183131029991,1.22853780024416,1
0,1,10.2708409895311,23.4511314767566,-1.21938815573653,11.0534369198946,1
0,1,9.46080450192064,21.9551669296577,0.215464249090822,1.54516002014115,1
0,1,9.46459223853935,22.9994358539828,-0.684667958161205,2.87017539862657,1
0,0,9.0421842885641,23.2489693990809,-0.0806840781232035,0.769120963213188,1
0,1,8.71440897959343,21.5522773356544,1.08041179883703,13.3841472098138,0
1,0,10.6201227030227,17.8409568256993,-0.833325593334672,10.5600451217764,1
0,1,11.0970242611677,11.1958205207591,0.371925693237023,6.4613349911468,1
0,1,10.9630249540346,23.7411003592246,-0.823501655618236,2.94225725367379,1
1,0,9.77398574429866,26.9313706907563,1.2710665288714,4.43080788797387,1
0,0,11.4808899782765,23.5778667142279,0.0523873596681156,9.00081648677588,0
0,0,9.91230101275922,20.2704914988194,-0.221251756563847,14.3135921326248,1
0,0,10.8558686318628,11.591514057789,-1.76737228419616,2.31219341139589,1
1,1,11.8310492294945,21.1185904105258,-0.209187286812968,0.687183849513531,0
0,0,6.72148320998566,22.6569521562499,-0.725742501622838,1.00206833128152,1
0,1,9.04632459406692,21.9730688837615,0.716757980815989,4.14802205376327,0
0,1,10.8565683774341,16.675278141877,0.0379907442073046,3.0448003616184,0
1,0,9.59612098103615,19.120139307973,0.468475666295717,1.88949771399778,1
0,0,11.7009412591668,15.8843981880118,0.798306223065567,11.0819203350693,0
1,1,9.82893747914676,17.5383188178976,-1.0135630906646,5.28807734563827,1
0,1,12.3885590652804,16.0305854578854,-1.23380398204865,0.814005330204964,0
1,0,10.0623265317439,19.3708027892964,0.97308509875977,10.0554678931845,1
1,1,7.45739869874301,23.21716631229,-0.54117012249983,1.82376702764973,1
0,0,10.2024667895803,19.4539092778263,1.54664104640124,0.691579928371475,1
0,0,11.9081619137583,17.4982871729552,-1.29761767611058,9.35091423802078,0
1,0,9.84998270528755,14.9595897713341,1.38151751963378,1.63824001750645,1
1,1,8.95247487862553,19.9743574081124,2.32158302803974,2.4179976393035,1
1,1,14.7264944539239,18.210690989439,3.06996749227863,3.73376669398795,1
1,0,6.83216231419225,21.7005196462617,1.15100443034809,0.838352221657351,1
1,0,10.2683649397804,26.3712692992861,1.17526131608889,1.600073447451,0
1,1,10.2650512772431,13.104529290894,0.695307455306574,2.45241920083396,1
0,0,10.4421348583239,22.1937196403462,-0.0922165820114025,1.6254247315228,0
0,0,10.9251869477057,25.6660044948311,-0.585918273543309,2.72362221591175,0
0,0,10.1081548417128,24.9664156204631,-0.992927254699263,12.1068432699994,1
1,1,8.54678636456318,18.2338209790887,0.375195022919651,1.90371529385448,0
1,1,11.7918005214637,18.0580772821774,1.48728016254539,1.31531594624066,1
1,0,11.8544068549391,19.0514290112262,-0.899651545217429,10.6419001080178,1
1,1,8.63919839700514,22.2187351731549,0.0852938484728653,2.13351857428298,1
1,1,10.6206108830046,27.4044718036037,0.261964751464101,2.86900271411017,1
1,1,15.2834810879363,22.7736170736308,0.173718697111268,8.01892510329548,1
1,0,6.3450619584222,23.6643406415706,-0.246901630240151,1.20952715446988,1
1,1,13.509997308884,26.2339059462304,-0.284967611617152,0.559662049705611,1
0,0,6.76726731656584,25.9988937382033,-1.75322506826017,8.69309270381927,0
0,0,9.22179013381888,30.4347050945249,0.864864218910021,0.283422913535228,1
1,0,9.2971728240822,15.514329737843,1.37415629213119,5.44043482840061,0
1,0,12.0713392062513,28.0977659885016,0.499843936241049,8.13714305162737,1
0,1,11.5138275038186,23.8362763405765,0.369736120229055,0.336398752474155,1
1,0,7.76275849026992,20.8170200215643,0.0191756290951274,9.97278592146113,1
0,1,7.54981612133739,21.6430597596801,-1.57486072069369,2.8240456735911,1
0,0,8.14520927923383,22.1880523373546,1.64790051329965,7.24346854537725,0
0,0,10.547572177574,12.9097812708793,-0.697054160113277,4.7373681049794,0
0,1,11.2036120273837,21.9465237075672,0.102777733498556,1.76289348502758,1
1,0,10.7199775256536,20.3679506329298,-0.427159003748971,1.74912460596536,1
1,0,10.0109669410347,21.1446100659378,0.979190010407912,10.8239802117552,1
0,1,9.37652626074946,20.0169640095642,1.08844014851373,12.5981012710722,1
0,0,12.2575910035002,20.3970301895632,0.125005394551721,0.132403302937746,0
1,0,9.72454717646812,21.8913655436414,-0.854636795840981,1.91092535667121,0
1,1,9.14502156398213,22.9793656701759,-0.316752200293588,5.0656663030386,0
1,1,10.6478327532055,15.4910108797644,-0.79876379541723,10.8194194589837,1
0,0,7.62463789065626,26.0282301547013,0.584009464474435,1.254250308147,1
0,0,7.71215641545692,25.8470353480298,-0.319597186221993,0.690431304907423,1
0,1,9.45357673643107,16.3295358891725,-0.421005833799885,0.899638558506461,1
0,0,4.07644063582456,23.0802715251044,0.726501179745188,1.34724892919921,1
1,1,12.9067632715628,13.8446892207683,-1.40436071619738,9.02001551644344,1
1,0,10.5090813084848,24.0360981124302,0.994125664411582,4.24072774685919,0
1,1,8.89574012784064,13.5229115387251,0.89739302666488,10.4551566609414,1
0,1,6.50242220860426,12.1841836693768,-1.22081597197937,13.0168752230878,1
0,1,9.90344198956166,21.9277878695646,-0.101565292189042,11.0522500963416,0
0,1,7.81062431792336,24.5292205933387,2.21321940442763,0.753207775131579,1
0,1,8.94140843688896,24.4816062899612,2.12457019572418,13.0911590085345,1
0,1,7.58681293086757,21.1026888441506,0.555362147886542,2.89731772924245,1
1,0,10.6009316060732,18.8347428836835,0.188214320500452,6.37093892879784,0
0,0,10.3195654575654,17.229307825615,-1.27738677631641,3.00099271349609,0
1,1,11.2684374438304,19.6406281512341,-0.0706876890513558,1.68622841705614,1
0,1,6.17257046458458,19.4217626102344,0.760457655371599,2.50433540617363,1
1,0,11.0852582453597,19.2784917493767,0.377061401123485,11.0737414397299,0
0,1,10.3891306609384,16.6132408425063,-0.707005683545126,7.31162384524941,0
1,1,12.0192379952706,15.6903772851288,0.169889636922862,9.01555404027638,1
0,1,11.4329729269969,18.6108097819846,0.117760554276532,1.31512455828488,0
1,0,10.2846599141373,12.5744353067428,2.369128833633,1.89600086957216,0
1,0,13.9106802522304,26.3732730286467,0.90981569935158,1.67379889056326,1
0,1,9.24868603002382,12.6980764419754,-1.03368051771171,6.63330544245352,1
0,0,8.28502069987686,20.0840146401263,2.33875618486541,11.7077658560593,0
1,0,10.5533642863222,18.985840498453,1.80037075899094,6.21421178738222,1
1,1,9.16241539218332,16.4271081727767,0.312837198210692,4.09854264557362,0
1,1,12.366788407636,16.3895744061171,-0.90037476395175,1.14447309957941,1
0,0,11.5327359426267,18.4189363709262,-0.843504502356306,12.4008111227304,0
0,1,9.25277661033337,15.4813525487981,-0.656975667629999,0.669807551108214,1
0,1,9.69221180467659,19.7060630190573,0.439309010001423,2.01576475063996,1
0,0,11.4003305645694,22.7657402747396,-0.58096647487903,11.1254462264478,0
1,0,8.30217829399639,26.1679635314777,-0.266659051595326,3.20501145420656,1
0,1,6.56743231147383,28.9094498528712,-0.287452698938845,3.05903674382813,1
0,1,8.7895616285878,20.9353577346674,0.0036933887136839,7.57792754285038,0
1,0,13.2282499455039,16.7897543599923,-0.523527831616394,12.0584308018898,1
0,1,11.2583282201004,13.7766731954895,0.0664045016062938,2.20262790285051,0
1,1,10.1445209418264,15.1104065991062,-0.691712726944202,8.23937271242978,1
1,1,9.11347113316133,15.2129522418421,-0.0792888020365737,1.71600410604849,1
0,1,9.49239100109358,16.3858458348088,-0.0965193836302511,4.84114215709269,0
1,1,7.33243242327062,25.4721832278829,-0.408043744478538,2.70847489871085,0
1,0,11.6788802793946,17.8094605253959,-0.974402936590679,1.48040245659649,0
0,1,10.687061991455,15.2899552462166,-0.679929906316128,13.3383138037752,0
1,0,10.0818520261819,21.8813068822667,0.62850801315827,6.82563063550216,1
0,0,8.64188825396465,19.6093930964472,0.24001638811496,0.17827938683331,0
0,0,8.76105649652198,27.32123458952,0.395093671710952,2.91308603168991,1
1,0,7.96655961381813,20.3136072275003,0.592233978256384,6.81489299051464,0
0,0,10.6208727050613,26.7254250463167,-0.638292021421224,1.14275952614844,0
0,0,10.3524365266416,18.8536241670713,-0.584907633558395,0.223250236362219,0
0,1,11.9358770476446,15.9809205587951,0.0470281958958387,0.681114471102408,1
0,0,11.6007361519402,16.0713678092626,-1.25050213704018,2.21822404722538,1
0,0,8.81479765127894,14.5882914744683,-1.49719977374208,9.98819535709449,1
0,0,6.49736208372929,14.6421175359818,-0.922340078488236,13.6435509979716,1
0,0,8.79028049380879,11.5209340633528,-0.110357727199148,0.531326812736871,1
1,1,6.64253417977882,22.0326925622813,1.46170627515659,1.30447371191119,1
1,0,7.68067037144794,17.9720487339806,1.35001304881977,1.63579151158706,1
1,1,10.0127253965892,20.6754702250742,-0.59148151249813,2.93708812355421,1
0,1,7.36333996305808,15.3635077266617,-0.989548792111184,2.46411539545472,1
0,0,11.0991414191968,17.2905765599572,-0.310399306201474,5.62686895765364,0
0,0,11.1470179570577,22.7232896656453,0.567776466016062,8.85123496654746,1
1,1,12.8297009516433,19.7376847944813,0.282788648555511,2.79772472863633,1
0,0,9.34953207300871,19.2487724791483,-0.0453449127002373,1.08599389725859,1
1,1,9.22588617359365,18.8010999696961,-0.26790162102931,2.71362455895227,1
1,0,8.19182032588108,14.0697038180707,0.983041527418135,2.88343159251009,1
1,1,9.53487943086403,23.7074217803722,0.184965750766503,6.92963885534659,1
1,0,8.57886756096861,13.9826752821565,0.52399387979054,8.21211295947433,0
1,1,11.4643122874537,19.8532817427644,1.07285987726773,1.21069468561911,1
1,1,11.6910682340089,21.0171355067709,-1.49277364430293,0.897324230521917,0
0,0,11.2006859737301,17.403617593371,0.798865580597065,11.6404981277883,0
0,1,8.3587903241072,20.9369130637907,0.85796206132654,6.69585425164125,1
0,0,8.84945474905647,14.6239045793736,-0.440703100616422,0.779224790086187,1
0,0,7.30029401435909,13.6656137084953,-0.417071645302611,12.9864191068336,0
0,1,10.6249898843104,28.0119138862091,0.101543170691109,0.411972233447546,1
1,1,10.7186958489381,20.7379619088213,1.03470444971524,6.01145718521299,1
1,1,14.6920311769295,20.7005763878654,-1.70492120109744,4.31993818458402,1
0,0,11.49583618133,16.9658056697801,0.311463089969792,4.04213878512383,0
1,1,12.9452284447955,20.5007939151766,0.837019085280097,7.07240759767592,0
1,1,13.7064677307052,28.138940500086,0.475627096340975,4.36984889639535,1
0,1,7.33640617791133,19.1924075942811,-0.2603629808738,2.08210969947763,1
1,0,9.63714434732331,19.090384522288,0.520239718133632,3.49005576980941,1
0,1,12.4141293274321,24.8011407300323,1.56032405882356,4.90257915481925,0
1,1,9.08864078855626,25.1204402109604,0.548492210258195,5.51768458262086,0
1,0,13.1069432772929,30.197864094496,1.89655275650916,2.06743648413177,1
0,1,9.36205153489564,25.3435987379627,-1.42346091143868,9.46242688782513,0
1,0,10.9854780170053,17.134444760212,-0.550235970739047,11.2228110731741,1
0,1,11.5548553717676,22.991527452898,-0.781159987900381,1.83549470603828,1
0,0,10.4303262068449,21.4783853573716,-0.661441397844217,11.4677148070186,0
0,1,13.6076732052267,22.5101508218305,0.688448810508019,1.92945486889296,1
0,1,11.4657979576075,23.1916466677759,1.14374440226314,11.7309949980117,0
1,0,11.1300933519161,20.3488976568656,1.85610910395167,5.7181921005249,0
1,1,11.7455028432774,25.186051181937,0.914534444524207,5.68053740319081,1
1,0,11.4379843142499,15.4827786001729,1.25853630749578,6.64237684049677,1
0,1,9.88992928254519,13.4475094177384,-1.17784688842948,4.1878153306651,1
0,0,9.06133019219393,21.0471374083985,1.02064611299738,11.6551336850971,0
0,0,7.36394908227223,17.0878698869938,-0.612687515766153,1.97553621466005,1
1,1,12.1855035718437,25.6875276973437,-0.405027755373245,9.40546428677005,1
0,1,9.49752257995628,21.1851740002262,0.279416895965235,3.84688510559499,0
0,1,6.0980244947172,18.176345629106,-0.179461156740257,0.912329618436639,1
1,1,8.33021613345241,25.6598788726323,-1.6521926041055,4.6304888946693,1
1,1,6.52195489278995,19.4336985495364,0.930461977130898,6.8450604381329,1
0,1,9.05114704675163,22.0292798225614,0.109131980576458,0.805360880691973,1
1,0,5.71629077051553,21.8054922159315,-0.478033005178421,1.63700285076977,1
0,1,8.81404644158587,14.6438896170375,0.70523677944583,1.93282745025454,1
1,0,12.1939921981345,27.6188002453606,-0.63933913278998,7.83763671579887,1
1,0,12.1616032326012,15.9979262096663,-0.487465196848024,11.3457751169591,1
1,0,9.82589535346102,15.4399982562374,0.228699909722023,2.68939923321824,1
0,0,12.4125810723365,23.4825574517098,1.60526081295977,1.14172046631575,0
0,1,7.27308246355848,22.2821692078452,0.0143863874406705,2.74377014301717,0
0,1,12.9345838326838,18.8403501237896,-1.16634106034412,5.96483294852078,0
1,1,11.9420468403107,10.7319997096651,-1.78432001731753,2.13879167293132,1
0,0,9.49398733440215,24.8257581429718,0.0152701052681436,9.28145372255986,1
1,1,9.58314241877928,17.702442803704,0.148118561494053,1.61133199013851,1
0,1,11.1429056094082,25.2509746934011,1.64232594367655,11.8696113573387,0
0,0,8.90690917783621,19.8894713128033,-1.28426843936421,1.51885552832702,1
1,0,13.1754149864611,23.6386075960091,0.054878906853901,9.05195135336825,1
0,1,9.27114574947133,28.3662014207325,-0.517975246263948,12.3102402784405,1
0,1,13.0478504296652,23.2902131495866,-0.628443169498972,12.1143606819379,1
0,1,9.13082040763602,20.0882831667922,1.12971023984355,0.527740934054233,1
0,1,8.07686899002895,21.6141991339605,1.23845599297631,9.05798607614938,1
0,0,10.7059532282141,20.8216788397051,-1.30114823642566,1.10849035722399,1
1,1,11.232614274535,23.1739846253171,0.884132065539508,1.75028628104459,1
0,1,10.5771971815071,21.6175545457737,-1.0076903634068,0.513758398945257,1
1,0,10.1344378834901,20.3829171781484,-0.33962135037014,2.15821795238545,1
1,1,7.52545610151733,19.7901591958769,0.445051916064233,4.70898282431049,1
0,1,10.089472835675,17.4196842665391,-1.11660508688893,1.28791323490441,0
0,1,11.3330874304382,24.2124137951151,-0.146407449822084,6.15874924673859,1
1,0,11.2036617698612,24.1706100701245,-0.461968073159229,0.163132963702083,0
0,1,9.48343904849205,25.9638092357276,0.545864173459325,2.55466800311128,1
0,0,8.31660729614854,9.24072025022536,-0.240286281331886,0.537047188729048,0
1,0,12.5847237238142,23.9081126040185,-1.1214385898937,10.8831323736425,1
1,0,8.15252266964367,19.6919172420222,-1.08551451869747,1.00217173707292,1
1,1,6.20688792330133,13.4530426316154,-0.297389916309953,1.63136338849993,1
1,1,10.5487867751336,14.9808869238688,-0.580580712545668,9.29019926961127,1
0,1,11.279418300145,23.0435102450806,-0.508153792369862,8.30239101871848,0
1,0,9.72548961693226,21.8707891432764,1.18931006019562,11.09594781138,0
1,0,10.2522778242663,24.0060778083507,-0.236068930947009,10.5238907625745,1
1,0,8.54493927525439,18.8917439572753,-0.63372314435777,9.70110165327787,0
1,1,7.07274118315523,22.1063595990999,1.33272926007204,2.79307222925127,0
0,0,9.86009256076491,20.0630099446495,-1.80183939303533,1.38816200945553,1
1,1,14.0199263212649,17.6948732350884,-0.794126498690077,9.50497507304775,1
0,1,7.97688667422343,21.4767886066058,-0.259378840885465,0.493042347146959,1
1,1,9.51099673585277,21.873907013769,-1.6278415446644,2.25679393169048,1
1,1,5.74348399826619,13.1059984942376,-0.0340606793343266,10.4552120227391,1
1,1,11.6894946219982,25.500815871866,-0.543075960415632,3.78646871079619,1
0,0,9.58147900850017,21.2532733659021,-1.99311178436181,13.0462418283547,1
1,1,7.47910019291137,16.8967198273484,-1.00318830030828,0.645145921545308,1
1,0,8.45784998490988,22.2414388611459,-2.13240468589733,2.20815972903703,1
0,0,7.25517993788368,19.1425500128417,0.807050530124103,1.51254068616101,1
1,1,8.07753043144438,18.3724533636355,-0.751244095100915,2.52165452577174,0
0,0,8.94347368146332,18.5104851034748,1.31008181550305,1.17014751769602,0
1,1,15.1895971696365,20.428472448285,1.20867838489526,4.55336130403806,1
1,1,8.00178150383634,16.9240308165488,2.2483629790343,4.03177669832862,1
1,1,7.68441878999383,20.1400777264154,0.793110427921012,1.28966363960842,1
0,0,6.80834240725712,20.785414736321,1.79265994320318,2.95747848019512,1
1,0,10.4906424689276,22.5084486780561,-0.476412626128785,0.262126537039876,0
0,1,10.6062829814393,22.1772409419366,-0.390752995062653,1.29019953282559,1
0,1,13.6163525983153,20.0604584056905,-0.481461851845763,7.19509588368237,0
1,0,8.88326809130251,22.5199921942378,-1.05594637831219,0.970687201974573,1
0,0,13.1214461681533,15.7609687250946,0.38687733468755,5.09742654114962,0
0,1,10.2445550040971,23.9166491571109,0.838086036679903,3.72035793028772,0
0,0,8.07315979554745,17.7541294196922,0.614042742317057,0.405915873125196,0
1,0,7.53580896940067,21.7353729468261,-0.182050805359805,4.63812468248489,1
0,0,7.97061531335089,10.3520468803523,-1.62052452119335,12.5964569349308,0
0,0,11.9582459489826,23.5384349191032,0.20612582152729,2.31588517133601,1
0,1,9.07384969377703,21.391673825099,0.529710090006518,0.807391038412197,1
1,0,9.78500646180756,22.4532962225051,-1.07693811753628,4.58118488037918,1
1,1,10.284152801172,24.0606344997581,-0.880838491105221,2.56090565750884,1
0,1,12.1953277005948,17.3536832808941,-0.806297956319586,6.23201537691057,0
1,0,6.33111633026318,16.140436994977,0.123375216042392,1.22135232606218,1
0,1,7.97361952622936,21.3746687299168,0.701882648427391,2.25538965521948,1
1,1,11.4750359329358,20.9669997942006,1.35486561279363,3.57933037787845,1
0,1,12.6603893775771,23.284473206498,1.26281843996829,10.9523948556196,1
0,0,13.6606515024466,19.8750222886063,-1.67908235191367,0.497846614569426,0
1,0,7.65558383093264,21.1723347962429,-0.106785761760164,11.9702638458128,1
1,1,9.19797023761538,19.804534860286,0.531567380414118,3.12303822055714,1
0,1,12.4424140688625,17.4732175130663,0.330677188064423,0.352174695541912,1
1,1,9.76087299299886,22.5729405497635,1.55525530536596,4.12314450955506,1
0,0,10.1397014580944,21.6492605610896,-1.09931674332973,3.14768787801438,1
1,1,11.1354032248131,17.1341431692126,1.85396378001377,6.27030705101788,0
1,0,11.4787993285537,21.868434330793,0.341036707134966,7.89612665362889,1
1,0,5.33594412344527,20.1359978423405,1.66128426302002,2.10373040288687,0
1,0,8.9768259314048,22.9404126466767,-1.50789477278964,5.45080443275688,1
1,1,9.12745849765118,17.7693654108454,0.25847856806066,4.02506346795078,1
0,1,11.7356965747305,21.7980899464734,0.0114319568383003,10.4926380570978,0
1,0,11.9026098425119,21.0685031627934,-0.204730598703773,11.4193997242034,1
0,1,7.66996993237057,15.0795188931825,-0.292827763815191,0.299757370725274,0
0,0,7.35040412724242,17.8473341900052,-0.500546042125322,11.3362278384157,0
0,0,6.65069322049943,10.6181317679447,0.728309158163469,0.872932813581013,1
0,0,12.7526251425676,26.9702851262955,-0.32835943800347,12.4866411243565,0
0,1,6.5187374083911,13.69561386901,-2.01455971969317,3.19279656076061,1
1,1,11.5588928722276,20.0987930323325,-0.413985687941484,2.22536612860858,0
1,1,11.1483621210271,26.0929420547627,0.722056999474903,7.78215337933144,1
1,0,10.2579284547009,17.1555428013157,1.49468730717669,11.3236702237047,1
1,1,10.8226198627694,18.9823020507379,1.33295262828322,8.62102027393871,1
0,0,6.87667598674517,19.7388015181562,0.663035172040293,2.47028046474483,1
1,0,9.31060262801387,22.3317594177162,0.116676424083182,10.4764497285019,1
1,0,8.66160024554957,22.8383965943608,0.379503249590106,7.81047772188348,1
1,1,11.4776741662032,21.524506466886,-0.868945711628208,10.5791576320829,1
0,1,12.6272967062468,13.9490023507782,0.0114182728281079,11.0944851047825,0
0,0,9.54350911173781,19.0401429286746,0.763544195376175,5.74307512695091,1
1,0,8.74993265111119,19.4130361173092,-1.12616105776815,1.41514237222544,1
0,0,8.67881273504984,20.2542242902772,0.105430098950253,1.2618283610791,0
1,1,9.93127391899315,13.2860085796074,-1.32531933989218,0.572416735813022,0
1,0,7.55261160465385,26.8464966830394,-0.383274947726734,1.34597955569664,1
0,0,10.0599325334306,13.8988841078194,0.878423571456378,12.9576107952744,0
0,0,10.4411196018216,16.990678565769,0.338695095413663,10.3932545332379,1
0,0,11.6816346119731,13.7300145138569,0.293017883754624,12.9503185234498,0
0,1,12.0417805589492,21.4585927515734,1.3599649703444,4.38740355470666,1
0,0,12.1689372239991,13.1266851405071,-0.27752501225686,11.2731699440628,0
1,1,6.10017143234242,18.5682816207899,1.61441863053811,3.03528221264322,1
1,0,8.9364874602869,29.9899487316697,1.75779823202052,1.30111498048947,1
1,1,11.2106562427957,21.6065112823016,-0.127364485184071,1.43847296386957,0
1,0,10.8738904984499,22.0036964182888,-1.248845811967,2.32614138163626,0
0,1,13.6478042549064,17.0590175496453,-1.9378287822406,11.6808389288138,1
1,0,15.437691298483,25.2108226459352,-0.122832394423643,6.44493427319141,1
1,1,11.9901788778873,24.5144766481791,-0.276770238796559,10.1601115691629,1
0,0,9.7123652199331,17.6547134041071,0.320618261270476,4.28078092820942,0
0,0,8.57772502558781,21.0131544480815,0.567471015365362,4.83520774280612,1
1,1,11.6767589357798,19.7397511647717,0.722810407030015,6.70747258908924,1
1,1,6.88039779912264,25.3310824610984,-0.0086923202009474,3.31756145853011,1
1,1,11.3299207049271,19.2141355946051,0.742322311383211,0.972664850528062,1
0,1,7.57807685452546,23.9850192529451,-0.419948493002242,2.01088874297261,1
1,1,5.98110855881956,16.6850912341116,2.03055679526829,0.0580036528408527,0
1,1,11.4647409861615,23.9421135566074,-1.81660413811935,8.71740705126651,1
0,0,6.2227028706503,25.7765940730843,0.363249745785665,2.47068216232899,1
1,1,12.0531836057493,22.4335953221825,0.511194384847147,0.860916753184958,1
0,0,11.3187152931086,22.8311691181868,-0.45816522743489,11.2781451342162,0
0,0,9.47692953733118,14.3473045463408,1.22510966467969,9.2308444250375,0
0,0,7.6037419576985,21.9909342456014,-0.46721458983589,8.45305258221924,0
1,1,8.59639095984864,21.1219729847776,0.634758065200021,5.15371015169905,1
1,1,9.9493859520247,20.6603779995196,0.616939536278774,1.19533814303577,0
1,1,10.013188876488,22.3141631525171,0.073557849347838,0.729751629294401,1
1,1,7.74530523416819,19.1450795422377,0.275155409958482,9.70355646093377,1
0,0,11.0124591711948,19.5756206479621,0.13414655243513,11.73639581725,0
1,0,12.3965887719508,24.9944667311512,-0.959805567098759,0.883421029331643,1
0,0,12.0257676012737,23.2658452193371,-1.63329512343347,11.200651416555,0
1,0,12.1608773171067,24.2491959993615,0.659673182400783,8.05634901858866,0
1,0,10.3806620205924,23.95254090069,-0.569735592089806,0.817884525284171,0
1,1,13.1294467018858,25.3081387483901,-1.41775987407801,6.28774878568947,0
0,0,10.0057343804156,20.5467980487015,-0.423707568077199,6.66444997122899,1
0,0,12.4943363438993,27.5707003165197,-0.181119298551808,12.3998587393633,1
1,0,11.7253861035963,22.9729002885577,-0.603399815113367,0.693993212449704,1
1,0,9.95358986755669,29.3266450351987,-0.857908253597427,1.0754346736579,1
1,0,10.4211796554573,22.2189239173605,0.157216524372088,7.50912138826649,1
0,1,8.76955144885598,19.9370848849104,0.133765174761846,13.2147331168057,1
0,1,13.7545245221686,18.0493090005375,0.667144744091949,0.52826306260318,1
0,1,12.0469966755791,23.7061288811991,0.180178005468541,12.1309210886401,1
0,0,12.8864342309398,21.3429246291768,-0.442424113244398,3.80080338604856,1
1,0,12.527126677048,17.1478249590723,-0.0014630720152664,9.97536135971858,1
1,1,10.5897737616842,20.4223072225066,0.185911234680727,4.33530527687776,1
1,0,9.90552116722695,19.3810764028497,0.210834731298499,2.1571901671905,1
1,0,9.75384732754694,20.8517343978574,0.2690698107889,7.84140684641898,0
1,0,12.2226041862069,22.7316287809517,-3.19152692580742,1.45076017454267,0
1,0,12.1523812711268,15.4165920037604,0.685404317544925,10.823736747437,1
0,0,10.062780136755,15.0747415033323,-0.178775655599196,7.35070418380201,0
1,1,10.0003986654763,27.811701088897,-0.176604049318615,1.05566055175661,1
1,0,8.46475264205054,29.2471249745271,0.801000203264806,4.86141495484381,1
1,1,11.7928098320862,18.0636434390402,1.16144247191364,2.76709436438978,0
1,1,11.0438348542842,17.6534366314239,-0.169680873310809,9.98815749128877,1
0,0,8.26051471538621,22.6913635345803,-1.30144285575129,0.593554021122667,1
0,0,11.0820251091466,15.6702450071333,-1.27565105524809,14.211249706801,0
0,0,12.1545456843074,18.0670681334339,-0.365741923997642,11.3446850217183,1
0,1,9.36934760980951,28.7394580785186,-0.0531886628476888,7.48455854771762,1
0,1,8.44378806661104,19.0551237706147,-0.289964244856874,2.36091075000791,1
1,0,12.8176395687512,17.5938571935199,2.17897322826505,9.9671665548739,1
1,0,8.91661954843289,23.0287150217896,0.73181860487052,6.72755969224049,1
0,0,5.08220452239633,15.550473480945,-1.05714863305261,11.8001381107909,1
1,1,11.9171934883458,21.1322930915518,2.28116391322774,4.6202148925513,0
1,1,10.3479298332798,16.9892478944654,-1.22913166616503,3.4181717634201,0
0,1,10.7892775525074,17.8442086718519,-0.537456737659701,7.68799741566181,0
1,0,15.3567877886989,17.4572943485693,-1.28446492773349,9.86688482030416,1
0,0,8.62574815672041,20.8881898150286,0.380845716862506,8.24813835375492,1
1,0,9.29706547583506,19.3391161056464,-0.278065286268101,1.6439636679517,1
1,0,10.9494374622144,22.9943392301888,0.441574273334067,2.95956360921264,0
0,0,10.7087882928841,20.0114476958845,-0.380803894561379,11.0058232131414,0
0,1,10.4455147200886,18.327080954622,-0.0197268335905271,0.917938281018223,1
1,1,6.82948872246657,15.363513203282,0.33788171485055,9.89686467312276,0
1,0,7.25139253809023,19.3493387654407,-1.61151696565625,3.61483873869205,1
0,1,8.51848946142241,16.7172046791443,0.169951031204142,2.36943625364472,1
1,1,10.4684089008668,19.7615842960112,0.236943962288358,7.76265995576978,0
0,0,9.80854857572582,21.0718587326483,0.866552175555635,1.73363897949457,0
0,1,7.86773545110251,22.2416148905655,0.409640949615708,0.628150924535649,1
0,0,6.78291141484866,17.657463102558,0.582020447728921,14.4719435926527,0
1,0,11.9968336675504,20.3354080515775,0.318614478007912,8.267738361392,1
0,1,8.84218155034596,16.7465645971109,1.00082212258085,14.1792131745727,1
1,1,10.7166986460688,16.2770132540508,0.681924074412783,2.50352502393838,1
1,1,9.26199042298751,21.1955069730902,0.680802737067675,8.53117337838479,1
1,0,11.4426321000101,17.3856861969151,-0.475504666751017,11.3267757178776,1
0,1,9.5105443109319,24.7448536585016,1.75409529186075,3.11536351589148,1
0,0,9.52802335282735,18.0983746907443,0.366204012878055,14.4255141941086,1
0,0,8.62094334820472,25.5622705975267,1.34708946418987,1.17856180877454,1
1,1,8.4559495718513,13.2189248733846,-0.970552460201103,1.42164194986141,1
0,0,6.9002208938619,15.0478156049882,0.557230000404167,1.11509974859655,0
1,0,7.51854050087241,20.7438625939862,-0.80319314307095,10.3225366382868,1
0,0,9.73653952457807,24.8146258250631,2.3819693882354,8.46115413866937,0
0,1,12.7981318539466,17.1858492659345,0.259886815473221,12.8606869667054,1
0,0,10.1765749341483,16.8020598873207,0.353073155702234,0.992340990150594,1
1,1,10.8100036068174,16.1441091664715,-2.21214945107425,10.4314353497523,1
0,1,10.6252481865464,14.7728437671339,-2.02266572293387,2.45239993043105,1
0,1,9.73602443822855,16.7632307749858,0.087755908448373,12.9434536725748,0
1,0,10.9394630814708,18.4172496141099,-0.324746787128838,11.0142233624229,1
1,0,10.9984752039511,18.7134322250028,0.461298504581296,1.392515392263,1
0,0,8.65693703200697,23.9304590764118,0.567650969614978,2.54202343123464,1
1,0,9.547482306294,22.1161925303183,0.673290257011332,3.60495324991643,0
1,0,9.67640924942831,21.5827399488252,0.92681828469822,9.56524181891759,1
0,1,7.2509272832918,19.0501212028829,0.574625548339714,10.3651693482826,1
0,0,7.63337318658768,23.0733701840858,0.288826256283016,10.0323865084061,1
1,1,11.6365566131949,21.5120535256608,0.838265262681721,1.99002952476797,1
1,1,12.4879008698928,18.677389961324,-0.251492402788455,4.29872904717922,0
1,1,13.1638271056935,16.9374439188867,0.655005605723736,11.0701281193777,1
0,1,11.2419189635602,20.491967276288,0.558259897835339,0.997804011870985,1
0,0,7.09700240915811,18.5075975042972,-1.88748589653355,5.55578566901386,0
0,0,12.7640671783305,22.799241276662,0.213909501048362,6.8052486360523,1
1,1,9.30060327668037,13.6784903063667,-0.214341876349882,4.84772482637972,1
1,0,11.1449568717057,15.937382051851,-1.63239181374498,1.31927339360118,0
0,0,14.4396989280832,20.2316266260381,0.835817385703096,12.4953174032271,0
0,1,7.4183367966959,16.1715457004521,-0.173745971570915,1.35597652698993,1
1,0,6.88758552709689,18.2869471969462,-0.297471452993582,1.80215254984796,0
1,0,8.18458984905258,20.5716706296997,-0.609716551270742,2.81984583081458,1
1,0,13.8954617881188,13.6841848887527,-1.200872584201,3.31314848291397,1
1,0,10.0063893361585,18.5565494870656,0.502675821842752,1.6179212422239,1
1,0,9.70734267823072,22.1266874564945,0.937597790056458,10.2537715300569,1
1,0,11.8066159957093,20.2928924521692,1.12373593155031,10.73197006993,0
0,0,9.96668815311607,18.4289624505212,0.654542126349117,10.5879080492215,1
1,0,10.2270636871902,23.3822572484855,0.165044682119828,4.79218008657726,1
0,1,11.6301899699846,19.9308889234357,0.536965366492812,1.71836231987224,1
0,1,13.8050824548081,17.8037268333428,0.553388391400444,13.1460929769091,0
1,0,10.6579294683741,26.5825768969112,1.24343992964751,4.61219513570268,1
0,0,9.99415904704935,18.6629490521313,-0.86771187852519,1.36788631505313,1
1,1,8.36934607015846,14.4029585090208,-0.884040289571209,1.13302332259732,1
1,1,9.05805094151524,21.6761412557719,0.144423245585147,1.05339388312384,1
0,0,9.67317656356148,16.0507245284643,-1.85931781219761,12.7874445498455,0
1,1,9.98354578967037,19.3562498665371,0.523871875898565,1.47534159897559,1
1,0,10.7921120317747,13.0948941333911,-0.223684578940652,7.94008655659854,0
1,0,4.77719481928803,19.928549296632,2.49239313454675,2.0591609662725,1
0,1,9.41159004887325,11.8934461138152,-1.58619056204881,1.80330427076389,1
1,0,12.5584296995811,26.5702706741756,0.808492267503126,10.0514677440991,1
1,0,11.5538472729015,26.2561661493658,1.19252861182228,6.66025567107227,1
1,1,10.6561677899619,21.796843411475,1.17151397890862,8.46243946999311,0
1,0,10.1562787553928,15.0341004840217,-0.0938178100499387,2.22890444893712,1
1,0,10.0183264692825,21.0774890899014,0.395530801244913,10.507258203383,1
1,0,8.06543419833424,15.9720280759075,-0.799038749275427,3.5247951420974,1
0,0,9.5416022145556,26.674685394246,-0.531442505540468,12.2061585309288,1
0,0,9.56858610645501,16.1792227525658,-0.65809974722436,13.4907975240567,1
0,1,9.05027826243073,22.778804262767,0.716776914734142,1.53350394127829,1
1,1,12.0900484638818,15.3396810646033,2.71821030088293,13.1248032585224,1
1,0,10.6967715933984,17.6533806706272,0.349645871830121,5.81922638230026,0
0,1,9.85631693487387,24.4109170917667,0.621317067843721,1.59163512144441,1
1,0,9.73256105801695,17.1613811204485,-0.748416755805865,2.60911611699788,1
1,0,9.46768236141772,18.7774416795564,0.2921067772924,10.5042019928051,1
0,0,9.87480021134219,25.0861233837104,0.267882435561475,0.622227013340826,1
0,0,5.58832854404734,18.3155019607119,1.66018706364626,6.18382378291935,1
1,0,11.7436949863407,20.9619367024961,-1.46935827096106,1.08170971646905,0
1,1,11.4927842761331,26.2183079371207,-0.727288552384287,8.2935116982311,1
0,1,10.3183148717866,20.9797665394136,-1.02367055379041,3.30667813434505,1
0,1,8.60468645428703,22.8321346083999,0.195447795559852,0.564427278479615,1
0,0,13.1154810700239,25.0959840925871,-1.67832187112759,12.5703232493252,0
1,0,12.5706374191644,12.4770214340011,1.69331358235121,10.7453385517001,0
0,1,6.01972268805638,17.2291363103476,0.306025638302435,3.23558110534838,1
1,1,9.64951990412705,18.1228687254827,-0.818749789473044,10.9949284569954,1
1,0,10.4528694376376,24.5475394412496,1.04381787719258,7.92377480011454,1
0,0,10.593272110629,22.5684790776722,-0.593080377818329,11.1385574005544,0
0,0,7.59987396810134,16.2403838440699,0.607546271637494,5.39927510859421,1
0,1,7.72953458790932,27.8878573777577,-0.392946621867758,7.82744151878985,1
1,1,11.708163595013,17.0991965017512,0.670047571984121,4.99730307608843,0
1,0,10.6130254182513,19.4127381349969,-1.31130646336067,10.7904983291449,1
1,1,11.6226191296217,26.2226016876972,-0.441441017867534,2.94544790871441,0
1,1,9.86261308555728,19.8362459043496,0.14503878587877,3.84294887705585,1
0,0,10.2933458408676,18.8457487671452,-0.0786578318688679,13.7164268037475,1
1,1,14.8534342259572,16.2182671608288,0.527050088799806,11.9284750366808,1
0,1,8.25833294073448,14.603158963515,1.54398719453466,12.4306606706232,0
0,1,8.7209374483501,19.4571607271022,-1.15787162063669,1.17956904313096,1
0,1,8.21125944006461,23.7416913269322,-1.86317965720219,0.675581145206025,1
1,1,7.85199426850794,24.6246476315412,-0.482678973101174,1.73330333414404,1
1,0,11.4578275068185,16.5607904104046,1.12247104264635,1.86783152733285,1
1,1,9.93807589569165,14.0624636305177,1.38771687396171,2.65420620141068,1
0,0,6.88414963623667,13.0170339052424,0.255089969660728,7.63127893209457,0
0,0,11.0647624753303,11.5146367151061,-0.144431763256891,2.52246988220815,1
1,1,7.99042344235733,20.5346303821994,-0.58042472465621,2.3629344173228,1
0,0,9.14861136354394,28.4698883537648,0.766445773527388,2.20006711942385,1
0,1,9.89668096102893,23.129142632423,0.319579174683284,13.340801621107,1
1,0,8.61462915397144,16.2641675311141,-0.845613994496366,0.390979858115315,0
1,1,13.6724675810434,16.5467269763961,0.628140692979456,2.33001123927534,0
1,0,4.72714656686672,18.086721844391,1.74053575488375,0.707218485688535,1
0,0,10.7505847813965,24.1013037197147,2.11221627431726,1.17643685372244,1
1,0,8.14798702043426,24.0441663281362,-0.219014818077537,2.52269549656043,1
0,1,11.2289378787822,15.2996933942914,0.469384978607383,12.9404929911252,0
1,1,12.4279628300638,27.3111829607174,0.394090534281283,5.37825085781515,0
1,0,12.6371611633039,22.2893724684265,-0.784415374093845,3.30955069827662,1
1,1,13.2777332520815,16.774101173046,-1.58408269288323,11.0572373168903,1
0,1,11.228847899453,13.414718220807,-1.38943272490157,12.7240422291623,1
1,0,12.2259449510144,18.6982061756181,0.0541567227134639,5.21743027120829,0
0,1,7.33307251491185,17.1791407985055,-0.3121364909537,0.430300170555711,0
1,1,4.49774332160755,18.7900318260515,1.23505347130226,1.72667401853485,1
0,1,12.1185867895547,15.8404145332429,1.20431979474528,12.435783598572,0
1,1,8.63485479267645,20.5037522857552,-2.34826785430647,8.31118312105536,0
0,0,10.3988288694992,25.4202459734983,1.24006509448719,13.4586660980357,1
1,1,8.44893655635909,24.3243508739919,-0.145080906387919,0.918401178547878,1
1,1,11.64563405943,23.9137373309585,0.454717838534027,8.85437881015241,0
0,0,11.1718936692966,20.6147735417439,0.207077776523721,1.18138265512286,1
0,0,7.74281893828674,18.7028466282338,-2.30840513593014,14.4911599102967,1
0,1,9.62318076675749,16.3941494309975,0.817636327581879,2.06946144998074,0
1,0,10.724545577863,13.4561914137106,-0.555112912460079,11.2572357374304,1
1,1,11.5552921381023,23.0653221300419,-0.499644371931325,1.12449183873832,0
0,0,8.99884982076119,17.4684674050492,0.973363610331973,0.192983698099852,0
0,0,11.510090776455,13.0725893430513,-0.727564595282979,13.425643382594,0
1,1,10.968566339918,20.513371828958,0.547837810263533,5.23432185836309,1
0,1,4.65807833963406,23.0504501599569,-0.0008706121955877,1.76153587854102,1
1,0,7.020933450861,23.0573201646113,3.19632601677193,6.85653711855412,0
1,1,7.72972549821759,24.0626127730728,1.54509620849857,6.29371740288087,1
1,1,9.66285632946203,18.061485899265,-1.54614602447569,0.0257642492651939,0
0,1,13.8194737139252,19.6597258592602,1.70852534606806,2.65202560859731,1
1,0,8.47407132049796,16.6217900599752,1.06351099098155,6.89262006059289,0
0,1,8.91691422488309,17.4157523893733,-0.0879278893727664,1.72103693895042,0
0,0,8.32733262702858,19.3213686343049,-0.212585875837264,1.79267790470917,1
1,0,8.13201476399165,22.057957915756,-1.73281821619157,3.28895228684725,1
1,1,8.40097026532446,24.4007322482477,0.75958255632588,2.57340113259951,1
0,1,8.72437593895731,13.9949658418478,0.496431819079552,4.93751647509634,0
1,0,8.15177490539464,23.0925488354551,-0.482370460372659,1.41042183517332,1
1,1,7.19192874772051,25.9149273885551,0.0565272772429383,1.2974875749724,1
1,0,11.2318944771056,28.1549962424474,-1.25930770207478,9.15273061324759,1
0,1,11.2892990331097,18.9538739766623,-0.491011558613679,0.629388545509857,1
0,1,8.74358123829496,22.3420457181445,0.605973852593212,0.995477923592262,1
1,0,10.2322163144414,22.0771013857724,0.121187468784997,2.43600985457432,1
0,0,12.0725484150133,26.1001375106946,-0.014749663054832,2.1454688650393,1
0,0,9.73596813548872,25.1715224650427,1.67510019321206,0.524648558856018,1
1,0,10.2041498072246,21.7769360232312,2.16074586444843,1.43793442783383,1
1,0,8.3918309178476,28.1013993227838,0.683245376179851,1.23995319864241,1
0,1,12.4859079282918,22.0985225609317,-0.512604361082802,11.149158397588,1
0,1,7.56583695959709,22.5935584021708,-1.21806269443142,2.84345844760537,0
0,0,13.3638863970293,19.4770513628208,-0.613294272401716,0.987585925889139,1
0,0,6.61698223580846,17.5189002568272,-0.51084983440865,0.738217435777187,0
0,0,9.99497086650108,22.8091283669192,-0.738541251887691,12.9066489499528,0
1,0,7.9580255630174,19.7846401071868,2.37147143024057,3.56261972873379,1
0,0,11.9911566793556,15.4986888008703,1.04409431994635,4.18247686140239,0
1,1,8.75399330812807,16.042554250405,0.861400119596671,11.5273945822585,1
1,1,11.6011763113942,24.2182640832455,0.36567939915369,3.40363143226541,1
0,0,9.34258925262858,22.5690686449731,-0.556374371435458,0.660448914842066,1
0,1,9.24025743019168,11.3063597614512,0.179875269719545,6.25277120992541,0
0,1,12.5731825236349,22.4461693574547,0.594291894461724,14.3198919688395,1
1,1,3.15712514571587,22.2854656114232,-0.407383921449177,1.24479405675509,1
0,0,9.58044476575896,34.2827374513153,-0.124529507818553,0.565401553289127,1
0,0,11.9900917907268,28.9238347094904,-0.40708924707611,1.58358223138937,1
1,1,9.83305461624588,17.315147819803,0.909736726559585,9.7975367391654,1
0,1,8.99219278435595,24.4655042246469,-0.278353288373061,9.71127904441542,1
1,1,10.6565333042066,20.6401352269775,-0.65356044930406,3.74421124144603,1
1,1,10.5828295742543,19.1502421089301,-0.0766247146472843,2.66021914934439,1
0,1,9.22887335503888,23.4191203591143,-1.0712453187948,2.28913074471116,1
1,1,11.1586090429804,24.2812292216209,-1.2399398142132,6.13014242064321,1
1,0,8.9076324771853,27.5176453463122,-1.4223827983749,1.73620003401099,1
1,1,9.39823083036351,21.2943636422133,-2.15122774147128,0.720977252349257,0
1,1,10.1108368412973,15.8868678534449,-0.551873637032645,2.7223741519699,1
0,1,9.86799183787715,14.3618792371273,-0.508067073060578,14.4626026975457,0
1,0,10.007544898637,20.501621831906,-0.34853007455761,0.246389228850603,0
0,0,10.3441939199679,22.4883122206128,1.74757973007862,10.4554601702839,0
1,1,12.3652968078288,21.5038397920069,-0.743609383595665,2.13628124755162,1
1,0,10.3029821582887,12.591493866663,0.463892307979424,12.9172311700461,1
1,1,12.0235714967554,18.4619083768872,0.490560383010636,11.7766444242046,1
1,1,16.9875876169532,15.2710052599328,-0.399509131284433,0.269051073119044,0
0,0,9.35105874798413,21.0264825385643,0.960905410148501,12.5502794715576,0
1,1,9.76205845525307,18.6264537668209,-1.04449286702198,4.77245253859512,1
0,1,9.30800884739665,22.0399758540185,-0.602746319513746,12.567819905563,1
1,0,12.0576692520399,18.4565694840091,-1.93338837496457,4.11842176504433,0
1,1,7.20582143812945,15.7919385839318,1.33521543812599,3.30030961389388,1
0,0,12.3774052605846,17.4376745121773,-2.77672098437996,13.1288195463208,1
0,0,11.5729471031194,19.8723558416432,-0.128705285809662,0.89008843738443,1
1,0,10.3539165380477,16.548282469391,0.264688634192557,11.624804305844,0
1,1,8.86486552964973,18.9808082803226,0.475769515889663,5.73063180548415,1
1,0,13.1190160306634,12.5481429360974,0.722368164300656,6.70118811540306,0
1,1,8.25911762701989,24.9463652011565,-0.453153029035284,4.27803563699126,0
1,1,12.0830739062191,20.3426465357709,-0.05059975364779,11.3531935809697,1
0,1,8.83611138656174,16.8660445738546,0.334998703769147,10.6678053830871,1
0,0,13.0000213813031,19.8212596849103,-0.942124753036668,3.02467412559339,1
1,1,8.71612919019828,21.4990889261062,-1.54527023031918,3.8684710592223,1
0,0,9.53703238937552,16.825042429129,0.393396763094072,8.39196502336411,1
1,0,10.1866512190298,27.7598246886312,1.26890088737352,3.49389596752382,1
0,1,11.7090181257188,25.7231442291468,-0.314958137254651,0.673077158342133,1
0,1,10.7987549309492,22.7324575909922,-0.0240742905849096,14.4144931307126,1
1,0,8.26126246456217,25.032820154788,0.494531567331854,2.39843486530141,1
0,0,6.92474604441622,18.8228786093715,1.10014414392072,11.0452617614064,0
1,1,8.61074084482728,16.661285607442,1.52340840639047,8.77041880979812,1
0,1,12.4064273459276,19.3173360522196,0.92929768512548,3.03699224442244,0
0,0,4.63413261480404,22.3066453825091,-0.579929426347779,5.5856508876228,1
0,0,13.1963795755717,15.6870749510732,0.132664996754212,13.1898989864069,1
1,0,12.0029003340254,28.102608160736,-0.138074310349227,0.728093985468149,0
1,1,12.5749085832573,22.9794426880199,1.44442966458651,2.51763406204027,1
1,0,10.2375856166194,24.0102583166198,-1.49134614565058,0.987280147556766,1
1,1,12.1757418598807,23.8153777709094,0.659477102870319,2.03071245923638,0
1,1,12.4311695729612,24.4203926849308,0.272471555178581,8.98924565401157,1
1,1,9.02492731929347,15.4160286249375,0.407097494171525,4.97322538030651,1
1,0,7.72642408910473,18.6591674195936,0.33651011545229,3.43145297542368,1
1,0,5.94590829193502,20.6309387676324,-0.507673072756763,4.71668604760158,1
1,1,9.99360245392977,26.0219315908584,-0.13267018147083,2.91842796866613,1
0,0,6.9651032556704,24.9481785445776,0.0470428995148333,2.80855758220427,1
0,0,11.1855484540547,21.649301536527,-0.972585295896692,7.85702766993656,1
1,1,11.1705034690139,19.0347727536033,0.33664281965627,10.9503324234596,1
0,0,14.301041467198,20.4508583864079,0.254235076203703,13.8004232436025,1
0,1,8.71900914139355,21.8293970213336,0.244342952893651,2.38762617856264,0
1,1,15.2535634469839,15.7991199760334,0.0173712520443187,11.5585369084497,1
0,1,11.3141107493187,12.4156748130853,-0.057494694752162,4.3325241111516,1
1,0,8.76753562055779,20.0913694152522,-1.03304734257624,1.11268509507359,1
1,0,11.7786530619917,12.8688317782358,0.19690083837586,9.11863722279668,0
1,0,12.715238886704,22.4476169206449,-0.69215892349863,5.09829715546664,1
0,1,8.92069354426932,14.7186862588063,0.304240341174252,6.85953314602375,0
1,1,10.4332000827002,17.0655159336506,0.297537231542487,3.5282811926172,1
0,0,10.6438732861133,15.0877429524248,0.0907969430715926,12.8770905281417,0
0,0,9.22674080227895,19.1825939920753,0.519981116417769,3.30943876586285,1
1,0,12.2305687164482,22.1278631769051,-1.47466549481387,4.77944328635931,0
1,0,10.9617547087069,24.5414517787633,-1.09836275257929,2.27569894025347,1
1,1,9.35961628927873,19.205318323203,-0.596691711341817,4.17977732922704,1
1,1,7.09146944111432,25.1532202577277,-1.68579491356002,0.405693442812799,1
1,1,10.168802293483,24.1193894644872,-0.989194892672268,6.06715809367597,0
1,0,11.3492564016606,19.7103856680829,-2.86313385914537,11.8033762108344,1
1,0,8.39162860242163,21.6231858464879,1.23343860314764,7.13439612548715,1
0,1,10.0513074864769,15.5303608929168,2.05842547420743,2.88797888862968,1
1,1,7.68341269385114,20.3409103477234,1.98955740689636,9.58196647642011,1
1,1,13.4634786742488,31.4465603061844,-0.0491361237904889,1.22957065112776,1
0,1,10.3609683395477,20.8387268765285,-1.52118513646053,11.25488724403,1
0,1,9.81064660209685,19.0297315603673,-0.467875339229176,1.24943812842896,1
1,1,13.1882041351599,21.9061327226032,1.2710088461226,0.968010214735821,1
1,0,11.0037271855846,21.6921627694808,0.947475899724976,3.20371487618008,1
0,1,12.9275479617751,20.7827905586199,0.0204057206830289,3.18815551549547,1
1,1,10.1089226301376,20.7396891212176,0.114402219453566,6.16901499615756,1
1,0,13.1638660643283,17.312485130754,1.30297278105818,11.0285704195585,1
0,1,10.9102398152301,20.8422000607754,-0.488753658128882,10.2078571481183,1
1,1,8.87435916076192,16.6496344390967,-0.706367029723195,2.28278909329405,1
0,1,11.0905678866296,18.7705406368973,1.46461046823685,11.1228403835557,0
1,1,10.7577162775406,23.2344000531131,-2.10311611255006,8.7214986326905,1
0,1,9.47574862655366,20.6352664493803,-1.375711057093,2.26247286744367,1
1,1,9.64851388286391,21.4475409762213,-0.0409681518754748,3.8619304244037,1
1,1,8.5185949200724,21.6633515855057,-0.0887978265995436,7.97349874516938,1
0,1,10.5643822788553,26.2477758663193,-0.59219177046481,1.47834396811336,1
0,0,10.7495818743155,16.7150251020691,-0.280661069659501,2.23561697825789,0
1,0,7.43971154488413,14.7804264700211,-1.21812264935664,4.86735565960407,0
1,0,9.51757252962501,21.9696043702753,0.764037725104404,8.73078322632313,1
0,0,11.9998061537422,17.7002977688322,-1.20929400272011,12.8524453602731,0
0,1,11.8093691817738,17.9852151421124,1.53175155240032,1.89909373287509,1
0,1,9.73798726246106,22.944337537459,1.17891123598215,13.2061579545189,1
1,0,11.1136800670681,28.094075093759,-0.48809850825655,1.28155193477869,0
1,1,10.1126706029197,25.6740829268005,-2.17486236965414,1.78168904173019,1
0,0,11.7748283618799,19.5316881103675,0.0980330231574289,12.8099927807304,1
1,0,12.6293967428269,26.2877412857349,0.368583590104317,2.07419571653008,0
1,1,8.56039241191202,30.4250180266344,-0.109598213013593,1.58168454436807,1
1,0,13.9007796575773,23.328714651872,1.32451923094021,1.92530387453735,0
0,0,6.45443902634521,26.4480222518096,0.104473721736906,0.50057985579867,1
1,1,15.1937888764379,17.9264636791998,-2.04793826003083,12.3845084228221,1
0,0,8.86231109208135,17.7072816511005,-1.95054331912308,6.61806455254555,0
1,0,13.7880797589349,23.7801724105014,0.547044878598269,10.457938933745,0
1,1,11.5108892725219,22.4599650195107,-0.139774563393001,11.0990777806894,1
0,0,7.51822802317144,20.0824193965548,-1.39243634555485,6.70144261120466,1
1,0,9.32722424817557,22.4014199572627,0.500201897316525,4.99744755519994,1
1,0,11.1791352334221,5.13629217970371,-0.671384405907259,9.7545283343643,0
0,0,10.4528833863111,18.6766245242596,0.426647160216598,2.3309788044225,1
1,0,14.5140576069382,18.2975844728043,1.87080513881785,5.2081953827099,1
1,1,7.93002424885339,23.8570909738169,0.484325444548449,9.79998191807156,1
0,1,5.5434898414519,19.7693338268883,-0.471688679210686,8.29071329467003,1
0,0,9.6898802678164,21.3218660617844,0.496733472056064,0.529193624854088,0
0,0,13.2496073915784,21.1206827083956,-1.41586880275907,2.4800796546042,0
0,0,7.97059382408196,24.0279900161856,1.75650697118167,1.28531428518031,1
1,1,11.3917284805996,19.6156586975259,-0.625937732796315,2.33100962298358,1
1,1,7.6816751525836,18.9318398005545,1.17175354564017,7.77869541839035,1
0,1,11.4684359843654,23.3787866304273,-0.31737414326981,3.84217701086551,1
1,1,9.77781865266558,23.371698120872,0.665180238654053,3.12137657802402,1
1,1,7.19549472048547,14.6589230998232,0.891541374066919,10.2799864398459,1
0,0,9.96812328735168,16.9119577773595,-0.193356474997139,11.5453757478168,1
0,0,7.77665328613083,15.5665945631582,-1.06754234112334,9.66731224581599,0
1,1,11.4673678792636,27.7738814093589,0.37333350218693,2.21762216571424,1
1,0,10.2554366742327,24.8202439369189,-0.598705413919869,6.55382128424379,1
0,0,9.59540610806297,23.3366986430133,0.400351540375431,11.7829456664622,0
1,1,10.0191812729971,20.820918894867,1.49182582289063,9.30543264828522,1
0,1,11.6351572991179,20.9230935017508,1.4466320233815,6.3811008915104,1
0,0,11.3523819076654,18.5955784295935,1.33413957754394,1.57790426692075,1
0,0,7.45587218391554,17.7857232609225,-1.66626933618834,13.4227265772837,1
0,0,10.8522278546055,22.2411912688273,-0.913564729364694,10.3003027103841,0
0,0,8.370084645905,18.717716896904,0.452124891396609,11.8237178804266,1
1,1,8.91845921331583,23.7452732979621,-0.0692935649349636,10.5390538034378,1
1,0,13.8440421536653,24.31614560937,0.400218180950796,7.3717582449317,0
1,1,8.67456881175208,24.9290802211078,-1.38847810981848,2.34516521747958,1
0,1,11.3018399877738,23.4581655797624,-0.139977912293347,1.36468007661876,1
1,1,12.4396271383744,10.5004799545049,0.46470544097947,7.39774047397077,0
1,0,11.448070866413,20.4623098105599,0.819011622922581,0.259241838008165,0
1,0,11.6899960075924,25.775829051047,0.118486572194547,9.4947319053059,1
0,1,8.60313176349666,21.1463078605377,0.65137302761902,1.36821316354455,1
0,0,11.312335621834,22.3364139064091,-0.966774131354577,11.4923788513988,0
0,1,8.69771382317635,20.0104731055254,0.724350137239634,3.36833410816549,1
1,0,2.71346066286036,12.2890289895702,-0.0986331897114061,3.31647466321142,1
0,1,13.6508902873764,22.8507861677265,0.657707114487369,1.56233883133828,1
0,0,13.249836923282,14.8014664699992,0.517932561537549,2.64693792723119,0
1,1,7.50306524995158,25.6507478273718,0.866204195056035,1.96355423210312,1
0,0,12.3804310901527,20.2402076768927,-0.587089133742339,13.828071534168,0
1,1,8.33736630119251,19.8648495216333,0.260598399702093,1.98001653612513,1
1,1,7.43768277127976,22.6445791245451,0.420346411752733,2.79821203537894,1
0,1,7.18878283405416,26.8079253673542,1.81708601221143,1.22873839182513,1
1,1,7.92643917292032,15.2466268850531,-0.411409377650281,3.66324268090375,1
1,1,13.112058926788,23.916901163523,-0.432875400547956,9.30579032948231,1
1,1,8.28514373454196,28.8042147002144,-0.405420661206575,3.20268798145648,1
0,1,5.78450195202902,21.7662832871989,-0.865823872946481,2.95451746778876,1
1,1,12.7860652657487,18.0725912709952,-0.945118621436015,1.07604582421482,0
0,0,13.2129898399379,24.6280594943915,0.0095468854970662,11.1039095618762,0
1,0,9.28451869599466,18.7368893580345,-1.37511325333288,1.07883284388065,1
0,1,9.80087696705287,9.00802014871284,-1.10669482681096,2.30850227239537,1
0,0,7.09253353945707,17.5661017306091,0.582002859491316,2.67585558411574,1
0,0,10.3663091862618,20.5268506177785,1.24958282926059,11.0405227974989,0
1,1,10.8934960874993,14.1324361839256,-1.20908370518383,11.8064184555153,1
0,0,9.4134443450554,22.2810533929197,1.21464260879655,8.91487736431698,1
1,1,12.3806715211815,14.1932023130938,0.417367713997685,12.6522917882916,1
1,0,15.8247743553199,16.4858561485933,-0.40323742659544,3.98326020414499,1
0,1,14.0618969807119,15.9925987518874,0.869640968111022,6.32720442539455,1
1,1,9.56945624613907,21.2541438360801,-1.42622603530168,6.89935292275906,1
1,0,12.0467353432454,22.0865603145706,1.39982832085202,9.9217966834431,1
1,0,7.72163749128655,16.9639311644206,-0.929189408321136,3.50549932569265,0
1,0,9.1985697434492,18.565368074693,-0.560212707256547,1.34713175770701,1
1,1,9.57123081087104,21.8505874434588,-0.776238215151195,10.0827471575851,1
0,0,9.98334182989564,21.2940473000013,-0.814367655313471,11.8702326546053,1
0,0,8.23703187587266,24.8701964045552,-0.962347289952937,1.69583087350244,1
1,1,11.3520132753042,13.2116974880433,-0.594260960840426,7.80237437525708,1
0,1,11.4418974104533,24.7332951839521,-0.62686692363649,0.865582797128678,1
0,1,9.8496322691408,19.8925186048124,1.51876415424235,7.30553737441759,1
1,1,8.8105279421351,16.6381753844596,-0.469111931839706,3.0035035223328,1
0,1,9.49106267077135,18.8789767306919,0.239546631570709,11.9061905954827,1
0,0,12.0221489158405,23.3502650798623,0.774247942644543,6.59263186343014,0
0,1,10.0796976281127,26.4448991221428,-0.232986172621126,1.48666237480938,0
1,0,10.5096471471837,24.5232135175403,0.62213758388456,11.9051670118728,1
0,0,5.5937045949725,17.5201000328797,1.20212633483935,0.51175669692764,1
0,1,11.4343588348776,22.5429893047114,-0.452671717652092,1.2096335492604,1
0,0,7.89196689355175,14.2713338726412,-1.47728421421655,11.6710417801514,0
0,1,9.39584024779503,20.0006728567709,0.649112323876576,5.88638462947726,1
0,1,11.7597429105176,14.3447024654789,-0.747663536685494,7.84191009925344,1
0,0,11.2531948896972,14.8924896160636,0.86650075388502,2.64316113974911,1
1,0,11.6938450222209,22.9865798851154,1.30382598134874,9.52964993916975,1
0,0,9.40455179689828,19.2764216656388,-2.01849226497506,11.2608472609427,0
0,1,10.9205754815802,12.0288934912213,0.895392239151664,1.04068952325379,1
1,0,8.45299297145402,20.0792385885754,-0.38297190180482,8.70572509326973,1
1,0,7.89584541743281,24.2399447365752,0.690733372555895,2.26022710979037,1
1,0,9.59136351646559,22.4763051577436,-0.671205253753027,4.22801484726369,0
0,0,12.2680628819178,21.1284229710347,-0.0571280907463418,8.88701309684638,1
1,0,10.7524263530011,21.4182302908147,0.292260140283808,5.90530665032566,0
0,1,10.173419341154,23.530200298247,0.141922694702863,1.88978655750616,1
1,1,7.18497242679682,23.1709245319688,1.93157528596277,1.69438318368488,1
1,1,12.5616398749999,27.8758075657695,-0.729498032019397,3.95627032220364,0
1,0,7.65363851535316,14.9176013999856,-0.294757955352403,3.306631045416,0
0,1,7.96755043502915,7.86997889759817,-0.0183498078310067,12.3365845684893,0
1,1,9.31555484254524,17.137599401094,-0.653468710006088,1.19355021044612,0
0,1,7.92303505565955,22.9360945388226,1.02298099533278,0.324556741623051,1
1,0,12.301278106418,30.0518872567858,1.50942980761141,8.53287909361477,1
1,0,7.93369302797545,15.5919993947287,0.449684426626461,11.711905392629,1
0,1,9.78463480073454,20.1641896235,0.403587017074084,0.92472604940339,1
0,0,14.373789275654,13.425930834288,-0.0848270125908082,11.5275253241416,0
1,0,8.57664062915755,23.5719389078236,0.523945730791833,7.46827034546779,1
0,0,10.2409803498644,23.5122401079259,-0.300879778629275,4.13258294016123,0
1,1,11.7281398629705,23.4324671293798,0.304636461413325,9.89092912897468,0
0,0,9.35984044649897,20.7101922473634,-1.15225896234286,0.88494696541528,1
1,0,8.56532410942072,12.0724401895827,-1.30613473027972,1.37422986142337,0
1,1,9.58541269730578,29.6472753222356,-1.52646863873045,1.10097368806601,0
0,0,10.6206614949168,16.8534870522897,-0.965390630303897,7.93578586913645,0
1,1,8.2475641209095,25.2267603167331,1.71642197515346,2.38129584863679,1
1,0,8.75483219766373,25.5061625500988,-1.43980180476433,2.74143750652968,1
1,1,12.0079344653429,20.390315261677,1.02735695818478,8.91733854771141,1
1,0,7.58328261776259,21.1847674508842,-1.33624792640107,4.32462033229165,1
0,1,8.41576190475095,12.2179287517992,-0.820978899595538,13.1162069414277,0
1,1,11.0384214492385,17.6069978522211,-0.940349030144512,4.52641691348595,1
0,0,5.94974435322777,17.0017500535506,0.0308963135483174,10.9180135318668,1
0,1,11.401110874151,18.9502107247193,0.997391443102126,6.07711411826313,0
0,0,9.34291842663904,15.0804307201671,-1.25997754415416,1.03324234171615,1
0,1,8.99267745829104,17.4737332094061,-1.54824797492481,10.0308587830514,0
1,0,6.94430161173412,21.9330553265045,-0.708245118425158,2.41533403471112,0
0,0,9.17489942484997,21.0800108002816,-0.0877018165033449,1.02230441942811,0
0,1,14.1206776215585,21.7631798801855,-1.5384158679981,2.44504509307444,0
1,1,12.0053889078423,11.5065193841786,-2.09002990442889,12.1108458990201,1
0,1,7.82928564732506,21.4415167385324,0.333892757097983,10.4057003594935,0
1,0,9.36784989762539,16.7850158501139,-0.93350276253974,11.2352786375311,1
1,0,9.45134416638408,23.0409429288836,-0.765485280240206,1.80977344885468,0
0,1,10.1520745477937,25.3582654578388,-0.531923312081428,11.3777236874323,1
1,1,8.3508893910023,22.6313092077801,-0.141492313724529,4.66265330677945,1
0,1,9.98445040964751,25.2065792826112,0.630624722491249,2.05112899962559,1
0,1,9.91924555871392,19.5209082646702,-1.71290735169704,3.4664264023304,0
