"x1","x2","x3","x4","x5","time","event","rho"
1,1,14.6501169874303,21.0023122686808,-0.685661664496834,7.06034877747098,1,1
1,0,11.0482443623022,18.8883038033559,-0.79271446858291,8.01016614245606,1,1
0,1,11.9414668328172,13.1010570629486,-0.407004152261873,0,1,1
1,1,10.7539467943052,11.9731802245773,-1.14867061145898,8.2983012702316,0,1
1,0,8.00813320691569,14.8327666781262,1.11576046554672,7.0119732746173,1,1
1,0,8.80503417390391,21.4633529139332,-0.879456778170003,3.38622422522017,1,1
1,1,10.3305028461603,19.3911869843663,1.27932293753161,3.92923825896888,1,1
0,1,4.14304564284487,17.0636236396952,-1.45427725484716,1.00433788051538,1,1
1,0,8.3041715468429,16.8721117720736,0.84222876919352,8.93026774004102,0,1
1,1,11.5971690244469,22.2062681392508,-0.603215007812732,0.992767240852118,0,1
0,0,9.40308802406956,13.5566360622797,0.131555027342539,0,1,1
1,1,9.43277724610926,22.9927057323618,0.764444556679586,0.972262400175684,1,1
1,0,11.7390386132975,21.7971840449504,-0.917135166591924,5.30348087504463,1,1
0,0,8.91128943060205,16.5197499182254,0.23739451514297,3.99742224253714,0,1
0,0,11.2576064707552,19.6090082745682,-0.0446890666120593,0,1,1
1,1,7.15533108410922,23.5724008548651,-1.11855030356248,0.756951847465032,1,1
1,0,7.54497473333143,25.403660381065,0.576705022824006,1.86552958486709,1,1
0,0,6.65178896851114,25.955881577234,-2.30174221004384,6.37522295862436,0,1
0,1,10.1687969644898,21.4842688513891,1.54401138418949,9.90697813779116,0,1
1,0,9.5877486720592,19.1421070259497,1.19632123896946,4.18415624834597,0,1
1,1,12.8837432805641,21.8219783597566,-0.201676879864589,0.259941894561052,0,1
0,0,9.91643579322927,18.9675555589757,-0.432271579852631,12.1001919974374,1,1
1,0,12.7075089555276,15.9883049915835,0.346948643890299,9.38971646615436,1,1
1,0,13.8904505518457,23.3765739311918,-0.485377933779251,1.50430251034119,1,1
0,0,9.01812353258372,22.7786351035865,-0.195306080234756,7.2723125235353,1,1
1,0,10.7768781498892,25.0440149905892,0.229797411715838,6.90746418951132,1,1
0,0,8.31021348162804,26.6662371573507,-0.0946537580368488,3.06849524192512,0,1
1,0,11.4759807357422,25.8874317523574,1.71019954048516,3.09618742492734,1,1
0,1,7.84047933743228,23.1572628203377,-0.335749000921179,1.48502788004558,1,1
1,1,7.94705224751275,19.8541829152666,-0.875324824335344,4.30522249080241,0,1
1,1,10.5775867231578,19.63486689343,-1.13255449171348,3.51333612958043,1,1
1,0,10.1816226385743,18.3485482438324,-0.56602063273169,3.71429354511201,0,1
0,0,10.5252463534224,16.8757552067197,-0.974384403128723,0,1,1
1,0,10.1386698255825,18.4396288583525,0.945082340846264,2.83919354124095,1,1
0,0,8.94271236228635,22.455350488037,0.247741105300021,1.47676350040889,1,1
1,1,9.73959567096247,21.538708081333,-0.104674620432457,0.674773403090897,1,1
0,1,13.2403174887116,15.1773734007265,0.0277616799037131,2.19961103411719,1,1
0,1,9.96420975335306,24.7914048800562,-0.907276482340544,7.02229461454757,1,1
1,0,7.36302120210141,25.1645650666274,2.3509337520258,5.06767461988321,1,1
1,0,8.31087967883744,25.9322864100821,0.808769724481045,4.30622114956094,1,1
0,1,7.79637025501779,15.1056190567536,0.784140418846701,0,1,1
0,0,8.199819713985,18.3473014625159,0.170236490795333,2.74909992736716,1,1
0,0,7.47783216035504,18.3616765351508,0.159197651530768,0,1,1
1,1,4.74830219503419,18.1953411269512,0.678018100413371,4.92150365374982,0,1
0,1,11.3381314983811,17.7412041930874,0.434371999584651,0,1,1
1,0,11.3200830184616,17.7599586620132,0.780554430230763,11.9071424665353,1,1
1,1,9.49879912921778,16.1177677320312,-0.444567758454349,4.40902448349682,1,1
1,1,8.55240536609236,17.7487058153063,1.2715164118455,4.1987069953108,1,1
1,1,8.37563673534117,18.6718542268071,-1.47339222749877,2.86314812749286,1,1
1,0,10.7974686720368,20.7746004389972,1.82601047314349,1.38942384906113,0,1
0,1,10.4531271477588,22.4225714250889,-0.0821605442182188,0.474510764185031,1,1
0,0,10.8432871595064,23.8314943977,0.207066157170724,2.5212185228187,1,1
0,0,10.0096758874482,16.7967262440624,-0.0581589957425658,8.05749854642886,1,1
1,1,11.237967830193,20.170194622421,-0.843052009454205,2.98919024927105,1,1
0,0,10.8622678889719,29.3428034480536,-0.466487279539017,1.14286130893576,1,1
1,1,11.1166247403744,18.1525301767121,1.51644902909499,0.14379849606822,1,1
1,1,10.991922561344,22.9617196241626,2.07396139462956,5.69257371326013,1,1
0,1,13.3237714818916,17.2066213572709,-1.05674676492714,0,1,1
0,0,7.88993077559099,24.2614756058225,0.355248794893353,9.79649877017176,1,1
1,0,13.01664937356,22.182067285355,-0.537626676315252,9.12862269580364,0,1
1,0,9.33158268668985,16.3271627190272,0.0903163658583597,5.50924960243607,1,1
1,1,9.87003851236312,24.1007653747043,0.348538284602587,4.68514825601322,1,1
1,0,10.1621630774268,24.5029536116245,-0.517518995099845,3.94520324431749,1,1
1,0,9.10357040892232,23.5312015399936,0.287301302415267,5.54830564188753,1,1
1,0,4.89238609946807,8.92768555659724,1.66807499684583,1.92810898460448,0,1
0,1,9.37413492976197,20.5753063154251,-1.08093672458647,1.13648249360513,1,1
0,1,10.0827663040806,26.0795325006072,-0.397851104622374,0.802971091032214,1,1
1,0,6.52454387732476,19.3147356879157,0.297208816443405,5.02893478050828,0,1
1,0,11.0998793193968,17.3674200027282,0.37342905926644,9.12018438241391,1,1
0,1,8.80545261481336,19.3828215916544,0.0675844815430184,5.67066443903412,1,1
0,1,12.8954836120731,10.4678427346532,0.346634030494695,0,1,1
0,0,10.5297362285285,15.4468116348736,-0.164571372800586,8.38047470441412,1,1
0,0,8.42243438443506,19.6509778687498,0.189982806585771,13.4424803964794,0,1
0,1,10.3354644413431,23.3413068825768,-0.0686986351389328,0.821325164533049,1,1
0,0,10.5151662164025,20.848443472766,0.916450207694266,3.87183605140289,1,1
1,1,11.8240947349006,22.5653852056182,0.710549614762121,6.15599404434501,1,1
0,1,9.68625523489027,15.8715961288564,-0.0190896861258043,7.80459604226053,0,1
0,0,5.93324858310583,25.9430826150124,1.31312687307811,3.26675066417391,1,1
1,0,7.40066835384285,24.7619049891116,0.170386155804506,6.54388702181853,1,1
0,0,8.28549868014193,22.4689069259057,0.578816605533788,0.826929570390826,1,1
1,0,10.8525305890724,19.3082467021365,0.227904874997665,5.45731859803108,1,1
0,1,9.43032747383049,23.4463217630279,-0.612459865597317,0.75963319838047,0,1
0,0,8.77126291606028,17.5196563018222,0.734030133030624,0,1,1
1,1,8.31021833568503,16.4871478109264,-1.85050186253115,5.09814012050629,0,1
1,1,10.3073899144377,11.0856194124952,-0.968544839770566,2.18997012265027,0,1
1,0,8.29713544844362,20.77305290107,0.62762646905029,3.95804848062341,1,1
0,1,9.20415785411423,10.7493731322388,1.24027762938144,6.4141997974366,0,1
0,1,8.12004554743809,19.9026648314571,-1.5069030571303,7.50574898533523,0,1
0,1,7.22349251716116,21.7653623569562,1.18259689371289,0.012596183109198,1,1
0,0,11.9103691777268,23.1583070150783,-1.33418855936283,4.99620651081204,0,1
1,1,7.36500905993524,24.0872785067309,-0.596320294015713,2.1743292559176,1,1
0,0,10.1460582923192,22.4610446381484,-1.32949216503638,11.2457289374433,0,1
0,1,8.86362830286326,16.5616885753256,-0.182113418617215,8.04780533351004,0,1
1,1,7.88309866243234,23.5629959054759,0.0491385446373278,3.63049781553998,1,1
1,0,10.5186270768341,20.2530989899496,0.412076431613412,4.83066337878889,1,1
1,1,10.7462690090383,12.5413557777601,-0.422353546385099,1.30577722750604,0,1
0,1,12.5293335385683,19.5474525963072,-0.0196536597344667,10.1968085100536,1,1
1,0,10.6504499921365,12.8664544964994,0.303016425333838,3.96364018977076,1,1
1,1,9.72306536098339,15.7860382371054,-0.972422343455087,4.80341071092977,1,1
1,1,15.2049377945596,17.5225812907813,-0.701155053616588,8.31718228943646,0,1
1,0,8.69943114302417,17.6522456939234,1.37843190060709,10.2384160304791,1,1
0,1,7.99363354337328,23.7079029277744,-2.95313731358376,0.102930702967571,1,1
0,1,8.92977217425104,19.73837661865,0.955836563019408,0.298450476669634,1,1
0,0,9.77917086644642,16.2515529648993,1.06003423492052,1.74921560631952,1,1
1,0,11.2008603386271,17.4645622649543,1.35096056599856,0.206063205376267,0,1
1,1,10.8316901191974,17.6991028559397,-0.401555741178659,7.83318851733635,1,1
1,1,9.78849870664602,20.7528841670373,0.839986980187328,5.22032726174857,1,1
1,0,8.28687492350776,22.1586238978517,0.215439257728434,5.0372904650867,0,1
1,1,12.2546546686443,18.316463721372,-0.637977201958245,4.61497317440808,0,1
0,1,11.8325632428969,18.6421337600917,0.552847982050689,0,1,1
1,1,8.55124081455128,22.072321553453,0.370350824990752,2.89502734409929,1,1
1,0,11.3735581751495,16.5224495159471,-0.389023767532155,1.73512363247573,0,1
1,1,10.9001715832892,19.3573163433807,-0.460092848631245,8.80791782373638,1,1
0,1,12.0904432122101,19.4295328535798,-0.26588619338727,5.23965940683141,1,1
1,0,10.2992580688749,16.9391561286232,0.501441363321569,10.5190976489081,1,1
1,0,7.71786569359861,17.3607977147319,-0.0523528269896142,2.99995295770553,1,1
0,1,11.6049988048393,18.7703782383462,-1.35217134346927,4.11120720279005,1,1
0,1,8.54256693806111,16.4722901991759,0.308578530105713,7.30879938468969,1,1
1,0,11.054418571457,19.6186193650063,-0.366996403813651,4.15054330726834,1,1
1,1,13.3469575444246,14.8961225077036,0.760815256528283,4.31540334918427,1,1
0,1,7.16234395945834,21.5023399358592,-1.20877829147781,3.85629291143598,1,1
0,1,13.1238216023378,18.1230785096146,-1.90855673202378,3.04590552672744,0,1
1,1,12.7063220178362,23.1957328144768,-0.497749386024871,9.35361602986987,1,1
1,0,8.94260644661689,21.7051527970349,-0.637044510630347,3.83369967186265,1,1
1,1,9.49745444904144,17.951471947226,0.676231932030489,10.6149805377572,1,1
0,1,8.628304627415,18.6099378520971,-1.869411030258,0.449527624994516,0,1
1,1,8.85926469549176,22.4375709855479,-1.06855248625586,6.56789675733355,1,1
1,1,11.1592627630923,22.9418572721468,-0.126005415934356,2.01677469063314,1,1
0,0,8.20208198949577,21.9068342426933,-0.736284418428665,1.73989829421043,0,1
1,0,9.61934022417443,21.3131430671278,-0.191241809184488,5.3294666723978,1,1
1,0,9.71219324530708,12.8749300989855,-1.1983002633847,0.0375107657164335,0,1
1,1,9.80685469742489,20.4775856853816,-0.824254618506077,6.3375889652886,1,1
1,1,10.3628934314447,14.3268185119339,-0.919532671174568,5.12698023345605,1,1
1,0,13.1931484183726,20.3041375106155,-1.7438683437219,0.41293188494788,1,1
1,0,9.09733652021309,17.3566670311566,0.383037424261768,8.37934759488796,1,1
1,1,8.41023955039836,19.5779758157661,-0.541069423262346,6.80795450018306,1,1
1,0,11.5845686993046,15.2796564496523,-0.555941097834846,6.2353103471476,1,1
0,0,10.7609445995221,19.3425632541491,1.10895853127751,7.26522024348378,0,1
1,0,10.4715759659849,26.0777630972704,0.667743594836766,2.01130212638096,1,1
1,1,11.1819765270408,27.3006603126946,-0.693679036361983,5.35260226152643,1,1
0,0,7.17613959584222,10.0454405993859,0.879992804711981,0,1,1
0,1,12.1265915845822,13.3827109984411,-0.37897335718852,4.48731272108853,0,1
0,0,10.9078357577952,14.3165788745123,-0.431248632603711,0,1,1
1,1,11.9026259540396,14.8948137349926,0.166444699682016,4.21493815779922,1,1
1,0,8.80296457319697,28.3164031974902,0.140519604666793,5.86726808473184,1,1
1,0,6.31611989930773,24.0621440827292,-0.107546272655053,1.65822834370756,1,1
0,0,9.03082093370413,19.5615487352998,-0.251987609311519,2.72082074798749,1,1
1,0,8.18630636995321,23.9260755241173,0.40002038444736,8.35325720102878,1,1
0,0,14.4455248948088,29.0453888272425,0.994170230292134,0,1,1
0,0,9.17306684724764,22.5483596952142,-0.393873589955096,1.28506921228606,1,1
1,1,9.56865230659071,27.102146171388,1.45176227538026,0.91456021942914,1,1
0,0,12.1259570401423,15.4099938101208,-0.834997129573646,0.396678991570201,1,1
1,1,11.2406930531605,15.6827096249818,2.0014571533496,5.34495605509944,1,1
0,1,11.346133303758,24.2717994351697,0.820293024018973,6.10729995090303,1,1
1,1,15.2674191258967,23.567012765457,-0.361525358178745,2.59287058375776,0,1
1,1,10.3322287973459,23.4803860397588,-2.12565181990003,6.52028078390907,1,1
0,0,13.8103510750685,21.9430498594742,-0.39804944688126,0,1,1
0,1,10.5074368026262,18.1156252286158,-0.347597923190669,0,1,1
0,1,7.0819560654914,23.7985199752822,1.44495230883333,1.82090460509062,0,1
1,0,5.54550351743929,27.3909103651683,0.376236073898798,4.6577807543705,1,1
1,1,11.2993671023355,24.9616297154829,-1.82111553207448,3.17705289657286,1,1
1,0,8.00150027046289,14.476743126595,0.272687271115478,4.13273457871121,1,1
1,0,10.0839447673526,21.8987075091659,-0.942807734498255,0.724648950621486,0,1
0,0,13.5540874000801,20.0493854319508,-1.70089310223139,11.8095388276629,1,1
1,0,10.6943653546744,20.3483997491429,0.9190367632293,4.28547120880303,1,1
0,0,9.42580510770042,19.2705272249467,0.601705715750341,0,1,1
0,0,6.15084669578178,14.9373189366987,-0.400022724222342,8.2082183993718,1,1
0,0,8.39870178132017,21.325135651763,1.43747168052874,0.660035015728511,1,1
0,1,8.84876405854675,25.4069145239466,-0.312205370263461,2.98132086986969,1,1
0,0,11.3684114653407,26.5462629450508,-1.68538439471542,2.45960334894653,1,1
1,0,10.9669146952343,21.9197289154107,0.910952091072493,1.48493151696188,1,1
0,1,10.0279268174148,17.0547363549686,-0.675000828576545,13.1324622072279,0,1
0,1,10.3604874692502,17.6679335223456,0.137311566647961,0.476379498839378,0,1
0,1,9.423753503383,17.5542720721945,-0.923241797486208,0.683836001295257,1,1
0,0,10.0604544457805,22.4134001744436,-1.30445974873968,0,1,1
0,0,10.543348217059,19.0569466425708,0.441432625274536,5.98516275174916,0,1
1,0,10.8983168548269,31.6168643664935,-0.898687030626516,2.3468734022397,1,1
1,1,13.6552553168608,18.9268348827383,-0.541572099750972,0.823203384876251,0,1
1,0,7.77595257823237,20.5923713936122,0.72408190306176,1.35228541865945,0,1
1,1,12.9496148631674,19.1728200686589,-2.56237882677918,7.8225015476346,0,1
1,0,11.3430249202888,17.4297594461938,-0.93721767452518,7.03628798738084,1,1
1,0,6.90934291257113,23.3902872955383,1.52956064823639,3.93356620316562,1,1
0,1,9.44590554401779,17.8897114943974,-0.00538613808929788,0.77160128327387,1,1
0,0,8.74131401605604,20.0094830284325,-1.68318369036016,5.57957509160042,0,1
1,1,8.1339990967605,18.8724790657949,-0.0494187800249314,1.09116928878223,1,1
1,1,6.92422703154348,8.68610139045081,0.0454931089477718,8.43540724553168,0,1
1,0,9.01179590080011,22.6037212653108,-0.775870282801966,3.11275216005743,0,1
1,0,9.12927996945961,20.6310366844533,-0.685338106241904,7.75983715224436,1,1
0,0,9.35291064743955,16.5862519093385,-0.0390248343539803,0,1,1
0,1,5.87777276216763,25.4524003438963,0.839742870342485,4.71646629856552,1,1
0,1,10.8830051101911,14.9484153153154,-0.841408017043754,1.69728121720254,0,1
1,1,11.4927024931327,12.888213817117,0.716228276161418,7.09497070888164,1,1
0,0,11.5792857476494,17.2523214196978,-1.86746565295771,0,1,1
0,0,11.5414810140791,15.262657910827,1.99085671970778,4.24568914063275,0,1
0,1,10.4010126356607,23.1587092069106,0.771086495860009,6.88123466564149,1,1
0,1,12.9367000633555,20.3438550838011,-0.622598108012433,7.61291845701635,0,1
1,0,8.2470890321185,18.5197542296824,-0.103594550359097,2.27271837669353,1,1
0,0,7.54679061255778,20.0373454681723,-1.2325383205798,0.928145480625946,1,1
1,1,10.6756758399492,16.1957616333087,-0.932907862773239,7.11232344519828,1,1
1,0,10.8816481745083,20.7268708455912,0.29751851452647,7.08067059550613,1,1
1,0,8.50696709652646,20.7613593761314,-2.06452596044887,4.88098310865462,0,1
1,0,10.0732122408638,19.7130449224075,0.67724922249105,1.03689597733319,0,1
1,1,10.6466192484061,19.9885931597976,0.83638305791437,5.62644005195153,1,1
0,0,10.7593520648032,15.5671241523501,0.122243876490421,6.59069065377116,0,1
0,1,11.7531129915907,23.7407670694944,-0.788249637189588,1.26309868879616,0,1
0,1,11.8667759751393,14.0566421930507,0.633637015638911,4.67509091148804,1,1
1,1,5.14238495463516,28.914167593706,-0.203293498180638,1.6410003060661,1,1
0,1,13.4559880468423,26.4965408901512,1.77577501258599,2.58265417686143,1,1
0,0,10.9120052925544,22.0790585010133,0.503354149677886,3.11179764567703,1,1
0,1,8.8592793085087,14.591885452952,1.85994569369779,6.56813747808337,0,1
1,1,7.77075119564406,21.7044953105154,-0.609493045570301,0.248144483193755,0,1
1,1,11.8101285311278,13.3472496591733,1.15305532248777,1.72017957083881,0,1
0,0,10.6561920309683,18.920225512676,0.969349157258382,9.59956180467042,1,1
0,0,12.1561799200956,23.1631638390955,0.637303157074265,8.83071052841842,0,1
0,1,9.879368892595,23.362434555092,1.77216769250851,1.4822338559149,1,1
1,1,9.51296247607375,20.1318779394019,1.17831056462201,5.03651598282158,0,1
1,0,14.4828451213766,19.0473449846058,1.10070263616134,3.52343691858779,1,1
0,0,5.92801405828834,21.0542091446033,1.37694807585475,0.777002891599459,1,1
1,0,10.7818289301657,13.6328593037392,-0.717265373449893,14.9003679656889,0,1
1,1,10.7696266857993,18.4950597246123,0.688512737577945,2.31032885983586,0,1
0,0,10.8773911990828,27.2501085996415,1.26810145678412,7.82325914874673,0,1
0,1,11.1162818040931,13.0476012695284,-1.87208877844442,0.446410451568595,1,1
1,1,9.44718723404511,26.5164446029812,1.24808294812689,1.9119608288235,1,1
1,0,12.3325761579645,22.112421765954,-1.07730040944452,7.03095556430961,1,1
0,1,5.09144553012523,18.5582232536098,-1.47416956665685,1.17084848596637,1,1
1,1,8.38886748109087,28.9504675624473,-0.102761252843793,3.0082663335659,1,1
0,1,9.76171089875995,19.8392015301002,-1.71486614730381,3.28847722361913,1,1
0,0,10.3264324682776,27.576501326256,-0.774401637213465,3.35406162990332,1,1
0,1,10.8129590155258,20.0992185997507,0.847553967889695,0,1,1
0,1,11.2786799912886,22.2137016124018,0.0832352366570336,7.13842902470203,1,1
0,1,6.9829647252553,17.7025962182311,1.28508496858323,5.13905267452887,1,1
0,0,10.0153412087941,16.286651974242,0.276044917953572,0,1,1
0,0,11.0483360440008,11.9982982348207,-1.71114274542409,0,1,1
0,1,12.6526717431416,17.5117252148033,-1.14955002154367,0,1,1
1,1,9.77286453113487,22.908582265941,0.159786319641181,3.89463966003613,1,1
1,1,13.1982989567937,15.5912667870186,-0.427212686915226,10.3535962647618,1,1
0,1,9.43694380214364,15.3621489165866,0.907002203909007,12.7496127495542,0,1
1,0,9.90020372217899,18.2443774409891,0.150898962830839,9.95240794767465,1,1
1,1,10.3204282546422,20.6365368270542,-1.10952726348854,8.08817506188325,1,1
0,0,8.99523887518934,18.0215972578679,-0.548808731139672,4.60356939557143,1,1
0,1,11.4318760975524,24.8494713823241,1.01878845500043,0.816405845806003,0,1
1,0,7.30842539367358,21.1705297036473,-0.945412080328207,4.59183264746746,1,1
0,1,9.9887128693957,19.8558301558705,-1.50031585307676,0.265576943018298,1,1
0,1,8.91891490052093,15.5895355897353,0.565164063059173,9.37628008040477,1,1
1,0,8.90585251830064,16.2574388522037,0.182738767924744,10.8705180918721,1,1
0,1,12.3028907740889,21.8433493072812,-0.796728081908326,1.37537036463618,0,1
0,1,12.1044393638918,18.6705461495575,-0.0461864850495287,0,1,1
0,1,13.1960530574053,24.4246530752898,0.15362674483473,3.94125230679362,1,1
0,0,9.47240641378308,13.4652255805955,-0.766624414368414,14.2859250379261,0,1
1,1,10.0648015750938,21.3407712023815,0.364753332338701,7.50315827323729,1,1
0,1,6.89683338462818,17.9013702200394,-0.693518969658329,7.17736719867293,1,1
0,1,9.22364113995095,25.8534843012088,-0.343156152059392,0.415375813650064,1,1
0,0,13.5282962443603,21.7087121679463,0.742849337934101,0,1,1
1,0,9.16694454487256,15.8994807192946,-0.285537707961138,6.96726122036986,1,1
0,1,7.66732262242122,14.7677667147088,-1.66988367567976,2.53542365434965,1,1
1,0,10.0837891323702,20.9184075465145,-0.264390041455333,3.41313113956675,1,1
0,1,12.4929782605191,18.7719148887523,-1.69995439627627,0,1,1
1,0,6.8440573915833,19.6646676018313,-0.526832813660561,0.682968875393271,0,1
1,0,9.4923590564218,19.3370726375557,-0.637015796844457,6.10258996147655,1,1
1,1,10.9356610841012,22.620050234654,3.17451978428008,4.08306362920942,1,1
1,1,13.9550599889117,15.7006610872899,0.491205589873476,0.62866816855967,0,1
0,1,8.76878841031275,33.8836384138636,0.44201615873174,0.83240267283678,1,1
0,1,13.0388432024222,21.1763235695361,0.2001981832427,5.49867013632281,1,1
1,0,9.13420961287638,17.8545046146144,-0.529195211918201,6.1938062943757,1,1
1,0,7.93796458387657,19.4209060182172,-2.67716885487045,1.8091476559639,0,1
0,1,7.73133100335459,22.1685221113622,1.8127119312971,2.83894304319075,1,1
1,1,9.55780374924494,22.5367007727696,-0.516250386678411,1.53864050280069,1,1
0,1,9.95517060219211,12.9005757243803,-0.862041813735341,0.616200941506595,1,1
1,1,9.35419634395206,11.7354564612538,-0.629968970094094,4.61274310336952,1,1
1,0,12.1044463194511,19.6403723621472,1.0749624618669,11.055221717339,0,1
0,0,10.3790823313904,23.3472087122347,0.745689854002288,5.14682018689101,1,1
1,1,9.78834478226825,20.6649633323741,1.32158580355189,1.66661798232362,1,1
0,0,8.79489105493457,24.1021022937845,0.279469141307329,5.22902451937416,1,1
0,0,7.40796813747592,21.6127538325317,-0.115006245548185,10.5827787467955,1,1
1,1,6.0813467225869,21.6463684794512,-0.250234587572854,4.41318436843583,1,1
0,1,10.4268234610423,26.7207473120898,-1.55717429972123,5.15558156212498,1,1
0,0,10.0506717402225,15.7515697070597,0.25959546534259,0,1,1
0,1,12.7300463757199,16.8350574012874,-0.337374377540247,0,1,1
0,0,10.5821876164897,21.5540490966439,-0.382965170050938,0,1,1
0,0,11.5944354022522,21.0159939978015,1.05269226069953,1.81770159150407,1,1
0,1,10.0819727487513,11.2513268296561,1.21121347353879,0,1,1
0,0,8.36335190074822,22.1512017331339,2.45369487222183,1.55893255348285,1,1
0,0,10.5792812863289,14.8404543531727,0.464927336754254,4.48017974942923,0,1
1,0,10.6795742226022,15.0978241193649,-0.0948498082529971,7.82432895390008,1,1
0,0,8.36521453847313,26.908454211103,-0.908331474152175,11.0352267768687,1,1
0,1,9.94250136954384,24.6414312131612,-0.0333366032934899,3.11246803030372,0,1
0,1,14.001563302224,17.0073536649935,1.72059724640604,9.3901764789668,1,1
0,1,7.74146787343076,26.6666892997216,-0.236251623660883,0.648270851022753,1,1
0,0,12.9443571841394,17.8812103017147,1.70869864132557,0,1,1
0,1,9.5458621670302,24.1145934025571,-0.222756799545589,2.61869249005638,1,1
1,0,12.964621192484,25.5068719642596,0.21033018312288,3.42347113606276,1,1
1,0,8.31389365102542,25.3240118330506,2.48092038385889,4.08946265407024,1,1
0,0,9.8676093450882,25.0186237977434,0.0271648423874321,1.20168210189673,1,1
0,1,10.6224669967157,18.8506617847629,-1.45270517345354,15.5212244370487,0,1
0,1,9.77481954339317,17.8130579273637,-0.673642807416947,6.10383091962948,1,1
0,0,11.3174776778853,25.01570988426,-1.05691633473035,2.7587429434061,0,1
1,1,9.66627699978102,19.713108324164,0.0898368491080017,3.60177908363397,1,1
1,0,12.4177469303203,17.2702535149429,-0.572289502826511,7.93401177537169,1,1
0,1,10.3408388677684,15.9000141668573,0.378039438656651,6.06811361112691,1,1
0,0,11.3848392724895,25.2063112588661,1.62382151287374,8.21546328440309,0,1
0,1,7.62890612688244,23.0322433016267,-0.976293562011762,1.14229528605938,0,1
0,1,8.68322141860591,25.9184573415048,-1.0083744977457,2.10958532612135,1,1
0,0,12.1790158975831,17.5217503743415,-0.256399512370766,5.85292767815712,1,1
0,0,11.0175718823213,21.0387489090249,0.882816739912026,9.41283847700934,1,1
1,0,9.72818674879915,15.6539163000905,0.376027123503681,3.33615903742611,0,1
1,1,9.78243452608621,20.3448942527759,0.104450888453636,6.96168830211868,1,1
0,1,11.5098003209093,16.6151902037896,1.57174942774957,0,1,1
0,1,9.55237735676007,21.5556234574816,-0.268640998188145,1.26913966165672,1,1
0,1,10.1499103418798,19.8494567386144,1.84852188608278,12.5163537452463,0,1
0,0,6.7080903957,25.7824065957033,-1.51059647026223,1.46551722910605,1,1
0,0,13.54801873031,21.2688979284107,0.281061228694041,5.48867716267705,0,1
1,1,11.5319358319531,18.3840780367236,0.90429346532004,1.55185370519757,0,1
0,0,11.6645756860215,13.039050678099,1.13865742762799,0,1,1
0,0,6.18908495505376,18.1887148843195,-1.45233814369233,3.42786561154491,1,1
0,0,9.95832664761117,17.6556499737616,-0.626353321542115,8.82113646387969,1,1
1,0,9.18213217510356,24.5916761772656,-1.93207557597691,7.36859775083528,1,1
0,0,7.24722738684641,21.8294530385788,-0.239061590311605,1.83080270154443,1,1
1,1,11.4548607487865,17.6487745517657,-0.500271500433461,4.33157501145983,1,1
1,1,12.4682615624742,20.9116597627798,0.987471730369109,6.23923695972197,1,1
1,1,8.89355118824507,20.536590967385,0.415421227242454,1.88127657709907,1,1
0,0,9.54161964414253,21.317311088457,-0.29611631915228,8.14016712720792,1,1
0,0,13.4229239778445,18.8099511454288,1.36222173924555,0,1,1
0,1,6.70038419340597,24.7399518922581,-0.144296461718731,3.19685176201165,0,1
0,1,11.4884415708756,25.2381415465011,1.31572787554448,10.9286939529327,1,1
1,1,9.37195735203817,15.3181789395383,0.666610766445118,2.4028481952846,0,1
1,1,9.76937831719109,23.9844754652005,0.661363775992788,2.54970176561363,1,1
0,1,8.77805131445572,17.0120119332398,0.906720372580947,5.15745987743139,0,1
1,1,12.1933907580381,20.8874706258623,-0.620599459294388,6.20386746061527,1,1
1,1,7.74566477783248,24.00378092473,-1.41157628682664,0.271418266781667,1,1
1,0,11.9252189848766,21.9765730342372,0.810244286891991,8.18861005430535,1,1
1,1,12.8129280324638,19.9662223298615,-1.30099800324336,4.17468072879526,1,1
0,0,6.7167009822006,20.3845479421315,-0.903611801788592,3.15577085666085,1,1
0,1,7.74619161490154,29.0028209567328,-0.218743464648836,0.272871014686315,1,1
0,1,11.1830909610048,25.746538765426,0.564587997180924,1.51537284627557,0,1
1,1,8.08738176098813,20.041630998154,0.609256391771582,4.82709453618834,1,1
0,1,8.61694022730721,18.7168324339275,-1.83602086878766,9.77753523346252,1,1
1,0,9.10929446529728,27.3666994690481,0.244146609668066,4.21871037989204,1,1
0,0,9.31103154334686,20.3596989009014,-1.7713618338249,0,1,1
1,1,11.4073963704922,21.6111712724672,2.25061026945178,0.325149047926669,1,1
0,1,8.79398847041148,25.23757481863,-0.943008853792748,1.31511710885765,1,1
0,1,10.1787008248294,17.5469831090984,1.6868894561962,12.308622283861,0,1
0,0,11.4749892744398,18.2580796603223,-0.338811926433357,4.64793588226348,1,1
1,1,6.91924111085646,18.4715756629168,0.620713591522164,5.02012760047712,1,1
0,1,8.62073541470238,20.6853127044397,-0.802721086857398,2.76479266118387,1,1
0,0,11.7195869204189,10.3337501462124,0.116593883188853,0,1,1
0,1,9.24696051864846,18.327314253655,0.608067392089781,15.6464693185408,0,1
1,0,4.92983305938954,22.828782259602,1.52794183545539,1.47636967998105,1,1
0,0,8.28438154276558,21.2472301412679,-0.627075993917891,3.25297807097535,1,1
1,1,11.6320528138523,21.4025606271295,-1.56426674597898,11.0183565274347,0,1
1,1,9.14682218154845,13.6525383494962,-1.22558199882339,4.82475246643,1,1
0,0,9.19072631991664,20.8660866163188,0.125967165114114,0.197050649636993,1,1
1,1,9.70846155147506,19.5410006284824,0.259330821064604,4.81544222139191,1,1
0,0,11.4389327361347,20.0813524929163,-0.275286508832528,0,1,1
0,0,9.01781849556135,23.5711610477511,0.0497672155096357,1.79317987545997,1,1
1,1,10.951916876837,25.7923365901786,-0.310697724950738,6.43481610895245,1,1
0,0,11.1463073361053,18.9918765117799,-0.421435447880268,3.70556244731364,1,1
1,0,7.9622808445687,17.6101148833297,2.24620779511287,6.25415692217054,1,1
1,0,9.87625553112727,19.0090366410019,0.0866573729924924,8.74897385761142,0,1
0,1,8.9233897967911,23.0974637606066,1.22351387547554,1.32073913425532,1,1
0,0,10.8339094522215,19.5256511753197,2.6182328199117,0,1,1
1,1,6.98344668773951,18.3296749155964,-1.32538097725393,5.5188780424316,1,1
1,1,13.0783398555349,19.7902945869691,-0.137758822174659,10.6637816761549,1,1
0,0,12.692036177192,25.4158008113349,-0.00266898450538929,0,1,1
1,0,8.31428844499695,16.3173942907722,1.20590945018439,7.24496516087284,1,1
1,1,8.66025154438468,18.7569145040122,-0.328449075698023,5.4236613389552,1,1
1,0,8.18302510370776,15.7767881272722,0.314285567309573,1.35054078762659,1,1
1,0,9.72691871640461,28.9549770231988,0.181465253704035,2.09801460430026,0,1
1,0,8.9979240734175,18.107751439867,0.37478409203679,7.60790740689964,1,1
0,1,10.2252768936328,23.6242163419235,-0.642525197682587,1.18689439103408,1,1
0,0,6.24956487381145,20.1516677263766,2.57545331864491,9.03154060989618,0,1
0,0,10.3170934289166,19.298550867905,-1.14069051222224,1.27869815379381,0,1
0,1,10.031125342528,18.553563898885,-0.309747123005815,2.87224267353398,1,1
1,0,6.79879307747973,16.7855138316604,0.416243047192508,6.10038958678145,1,1
0,0,10.5519461783399,25.3663054043015,0.43153057070049,1.77308679311691,1,1
1,0,10.1099052797418,22.5037226175131,-1.1691369060341,1.80515447525995,1,1
1,0,9.53885329060548,20.1245228319767,-0.150172391372914,3.859278933499,1,1
0,0,9.97356741879222,15.6203466021223,-1.39912211804635,2.36463938754862,1,1
0,0,10.7698983920447,18.0543437377654,0.917339213683056,0,1,1
0,0,10.6934474340025,23.8123747330564,-0.919625545674867,11.1161675945138,1,1
1,1,9.13677447884275,16.0219466076287,-1.12619356163764,7.7727595330948,1,1
1,0,12.3003560786574,17.7125187099278,-0.00583503886139956,4.46933282884749,1,1
0,1,9.92693561422424,23.1326927262811,-1.25613298158102,2.65507627737987,1,1
0,0,9.72839715652687,21.5254656843563,0.21279147402541,1.59645981641095,1,1
0,0,11.889236091289,17.5997673041714,-0.555619629469677,0,1,1
1,1,11.9840827233401,26.6104604803765,-0.62831008904347,7.1268250393184,1,1
1,0,8.5986604900622,15.2369322594336,-1.59500145340402,6.87800751543301,1,1
0,0,8.01788265633081,25.6627098076101,-2.47645049452256,0.315458572805194,1,1
1,1,8.58876389468236,23.2566912687699,1.11029541174685,4.94287436906168,1,1
0,0,7.64844821334357,11.6097158065742,1.76051759457602,11.6965657509863,0,1
0,0,6.43760609651936,21.2806603299507,1.25649974649894,0.981772058350663,1,1
1,0,10.6212150436768,23.2041004816962,-0.0815338980196429,3.94595239465052,1,1
1,1,9.70977927810114,16.8332773838289,0.147271584663551,6.39506795134102,1,1
1,0,11.2850995073849,19.9573349470641,0.354597559542375,6.68763571653074,1,1
0,1,9.99668127539739,13.5059282402221,-0.337141103361032,0,1,1
1,0,10.8183259241547,16.3697317924488,0.492653951656481,8.29312104731798,0,1
0,1,9.0078837053797,20.5470668896906,0.829866793583872,9.19842082207654,1,1
1,0,8.07978408219767,21.0847518261279,0.947611539603209,1.48572726246977,1,1
1,0,11.5562644491409,19.7053551391799,1.16542883446602,7.37157063466343,1,1
1,1,11.5222412326557,16.9022786862878,-0.421166366290429,2.45723381013378,1,1
0,0,6.53257563223353,22.3752645421048,0.334602756436989,1.11831934377551,0,1
0,1,11.7545893036535,25.3100182383267,-0.106222654973173,12.3437082684785,1,1
1,0,6.45325712213261,17.5966566727313,-1.28708648621814,1.23713203055304,1,1
1,1,9.90862535137769,20.2260274330041,-0.908059860049952,4.54120648900091,1,1
0,0,9.21025549203172,17.8756948416725,-0.283935748679001,7.46036390773952,0,1
1,0,9.74388746715796,19.6764048624922,0.266592458399183,4.18206218708716,1,1
0,0,12.1924754637732,20.6430223466855,1.22431930895728,0,1,1
1,0,7.48956427876019,19.5914377413455,0.821525526825726,9.03969728533778,1,1
0,1,9.46903261074021,18.5810001208557,-1.24776679226202,0.00571608299560707,1,1
0,0,15.1066049800805,18.1150906116265,0.601275013858363,0,1,1
0,0,7.04338738809896,20.1361767094464,-0.908752216129051,3.2445577028455,1,1
0,0,8.74682486353855,19.1971151705729,0.900344887747296,4.00616766375658,1,1
1,0,9.91789595531722,17.8222054849229,-0.953871513946094,1.76450178399682,0,1
0,0,10.3999064396649,21.5094490785821,-1.24089171441291,11.5350220911205,0,1
1,0,8.93338879894525,21.6149126423218,0.0815500958017237,0.566423906718254,1,1
0,0,9.46793536463198,20.6809477501721,-0.813076911449766,0,1,1
0,0,12.1682956282373,15.5956803151171,1.06478465880181,3.97298938594759,0,1
0,1,9.63850904074991,21.6098787971644,-1.04901921849595,14.354128266219,0,1
1,0,10.5031106387565,21.7032647088438,0.516009325167413,2.47828455269337,0,1
0,0,10.7390844703098,18.8674851245505,0.985746984418363,0,1,1
0,1,10.8140685187795,22.2145282884622,-0.35165697798206,6.18206439761642,1,1
0,0,10.9850100384916,25.0574249299083,0.451749228471749,5.17353154935772,1,1
0,0,10.1092651581046,21.3112098527785,-0.593572178730932,11.9482203199577,1,1
1,1,8.58265184767618,23.0604254932376,-1.13649526825212,0.208885990083218,0,1
1,1,9.8834584951129,25.130293835241,-2.33497178127181,1.61878347857465,1,1
1,0,8.07315635552499,26.6355477353174,-0.926597259630885,2.64261792181309,1,1
0,1,10.1867865932117,18.0770807474604,0.395171601492927,2.65378088701814,1,1
0,0,9.30419773308178,18.3686619416517,0.0741714005493914,1.98723525839445,1,1
0,0,9.7633311237089,18.6843248330837,-1.05649333360304,4.31598087616191,1,1
1,1,7.80181808565016,24.4043063514025,-0.0775545035183967,2.67866032384336,0,1
1,1,9.43384717515554,22.3268718431309,-2.41603024212657,4.6886769861245,1,1
1,0,7.82053065430878,23.8311168110295,0.809519878482719,2.13762860065542,1,1
1,1,9.18866891180028,21.2056872173494,-0.869749853294244,6.41753244379229,1,1
0,1,11.0538145191955,18.8461557457077,-0.125077441843527,1.89751754498665,1,1
0,1,10.480839963551,14.1753936484257,0.411151618784541,0,1,1
1,0,11.7967249144987,13.1813938373512,-0.850435305046767,4.00805895030499,0,1
0,1,10.975936253871,28.0448847651821,1.4665510712084,1.21435766554508,1,1
0,0,10.2239827303951,20.0158453298111,0.306878543209711,11.3194746410009,0,1
0,1,11.9966266942724,22.2328876262753,0.429680832800053,6.28780044663744,1,1
0,0,12.3834336175068,22.7779747424032,0.810377064747989,8.93774714134634,0,1
0,0,7.20122486575257,25.7852849471533,0.921172911124199,13.7592929906677,0,1
1,1,11.7842954732935,22.5338749734381,0.544807883194691,2.95554506778717,0,1
1,0,11.5559179406816,20.105481347842,2.36959502355302,2.12594231249664,1,1
0,1,11.8838290326939,22.9715020646182,-0.603094261358911,2.78435421786733,1,1
1,1,8.1823945753978,21.3892135685093,1.56083962675,2.36439842847,1,1
0,0,14.8178616889524,17.4853802963628,-1.35383614798257,12.9674254534766,0,1
0,1,4.81149965138383,23.8339677051957,-0.508004601076342,1.96566383485039,1,1
0,1,10.0137260750282,20.657765400575,-0.478311132418979,5.85726865023891,1,1
1,1,10.2362133378567,19.8611763961479,-0.898170282231573,1.19144985276215,1,1
1,1,9.70060534717982,16.3170247385022,0.108274523745864,12.3200137787016,1,1
0,1,11.4957465757263,24.5922205985488,0.649879562609338,3.35522358357825,1,1
0,1,10.2480696137977,18.4404795598815,-0.820473392742007,4.52774167607414,1,1
0,1,8.4438905055747,19.6029469468904,0.359761528557581,12.0710707528051,0,1
1,1,12.8200666109844,19.8881357505311,0.633324928437982,3.86482448503375,0,1
1,0,9.41217638354028,19.7720444605175,0.0978159188655356,4.30095816899662,1,1
0,0,11.2213572900107,22.2226360669938,-0.801183755949992,0,1,1
0,1,8.66697984027348,23.6076953559741,-1.10229315336733,4.84396123762847,1,1
0,0,7.880234243459,22.1464923529361,-0.851657012572341,1.12319129412471,1,1
1,0,8.78832260167537,14.1152554469406,0.519418173048002,3.53814093939357,1,1
1,0,7.88631715829175,10.3625623669257,1.78231561329573,5.25281117127472,1,1
1,0,11.0662129453499,18.5399304888818,-0.60002701021618,11.4158671154862,1,1
0,1,6.89581477070515,19.2749260614633,1.47202881872208,9.38532822199814,1,1
0,1,8.04302106938284,19.4037482293568,-1.03754711208436,1.36451166455529,1,1
1,0,10.05443671032,14.4291412245624,-0.571449343788699,10.6010517919631,1,1
0,0,6.56885536600581,17.2825630224869,-0.0767891104349022,1.58093536690919,1,1
0,1,8.99022394701458,12.7235281255441,-0.429972380474222,11.3525458097953,1,1
1,1,9.39015463816486,30.5559288739286,0.178345151589542,2.69379960241593,1,1
0,0,12.6921564708533,22.186433112873,0.834921341167059,0,1,1
0,0,9.48492661840661,19.9753842442824,1.0466507568352,4.39479870660611,1,1
0,0,8.95342539868333,12.4394421285668,0.762496037757118,0,1,1
1,0,8.67356440205474,18.9328665153393,-1.50551867529972,7.70237119118853,1,1
0,1,10.8944420793853,23.2817240407893,-0.590709411561947,0.594169777137701,1,1
0,0,9.36109803614798,23.1127741601984,-0.353384418087923,7.33844608728947,1,1
1,0,8.91244230012617,21.8163680940903,0.69327791161614,7.71757239619137,1,1
1,1,9.44065311502298,25.6402086922067,-1.56587278497252,3.57160564541977,1,1
0,0,12.1304652007339,12.7557435796141,-0.677897326851043,15.54197569401,0,1
0,0,13.1356574982912,15.590193035652,0.665215998411031,3.90837322734296,0,1
1,1,8.71377584208293,19.9233285147325,0.95524504180699,7.56024724881807,1,1
1,0,10.0410434970214,20.5972148787202,0.291004470673687,4.87463296969783,1,1
0,1,9.35163108324903,17.8702725189403,1.68452398458178,5.75875941053294,1,1
1,1,13.7147920443507,24.7913845048142,-2.41416486207894,0.613550506532192,0,1
0,0,11.1815279901381,11.8296169244212,0.229897633620541,2.45732441358268,0,1
1,1,6.43874656520721,15.9427565407469,-0.0680445791345913,5.53593874575764,1,1
1,1,9.13178260084937,26.4156728855327,-1.00173505397238,1.45445034134727,1,1
0,1,5.41450057658796,23.5694001366281,-0.560015463091365,1.93597483076155,0,1
1,0,9.81406952309692,13.9291777534481,0.240568027183605,2.26760690845549,0,1
0,1,11.4079289066594,23.2941131046086,1.21394151451887,11.0128051592037,0,1
1,0,8.21102075748647,21.462248992034,0.252358485164026,6.3907707955004,1,1
0,1,7.43498641585076,14.6763133267604,0.652414104692385,1.62916815157617,1,1
0,0,12.511568348301,21.4383046178708,-0.928892644960027,3.66421981849683,1,1
0,1,8.07074004082325,23.5719784399548,-0.444693950906624,2.29435941752745,1,1
1,1,11.8155677621282,16.0196040164027,-0.0393421854237676,4.59602518695079,1,1
0,0,10.4281472273383,22.0786876903432,0.143080057160209,6.00250503885635,1,1
1,0,11.7620462454979,15.0570662068668,0.529199978876831,8.13944713398814,0,1
0,0,12.0050899965655,22.1189074972883,-0.185558488318001,12.4060973341111,0,1
0,0,12.2798210091355,16.0678331161763,0.766675058621243,6.9170674290508,0,1
0,1,12.4720717046155,18.497018062983,0.264323015982099,0,1,1
1,1,10.5908030202853,15.8330584620004,-1.3558222763288,7.25023690451159,1,1
0,1,10.3435220472109,22.7906694297207,0.359071548321692,2.25148818430613,1,1
0,0,8.08922143460912,19.4222047863226,-1.70825283944633,2.45553612022752,1,1
0,0,7.57918175788653,21.9941735885572,-0.635928277355224,2.14917323055548,1,1
0,0,8.79723400432684,22.4693468395072,0.290433348159067,0.0839640721678734,0,1
0,1,9.72836772684023,19.9818354340979,-1.30379423270979,2.73643604260449,1,1
1,0,8.02545443015898,19.6349745596409,-0.114100599327674,5.12624722914313,1,1
1,1,11.6638500292365,21.5998374992613,-0.092962085023748,4.36539751542212,1,1
0,0,8.40988096716904,22.3556066261964,-0.122560626447375,11.6034317385403,1,1
1,1,10.6809292240317,19.9324878424527,-0.883310771318462,2.14355638436973,0,1
1,1,11.7408596406938,21.6748167283545,0.600169469401305,4.27550723077134,1,1
0,0,7.63567798950724,23.2029118580994,0.717134365632955,2.68229662771899,1,1
1,0,12.0457879514699,22.7195724153115,-0.390874782474331,2.85137858055532,0,1
0,0,5.78313084751333,25.2386556901582,0.427892517086193,2.74425777744798,1,1
0,1,10.4595252753987,12.4351420845237,-0.837105234296302,0,1,1
1,0,13.0234215831075,21.3796293386758,0.0225598675334932,10.0534903515492,1,1
0,1,11.1108759783014,20.6190506265785,0.760060847485706,11.3934547945391,0,1
0,0,11.8297576024987,16.9342330722977,0.245713332088109,0,1,1
1,1,8.89320675144097,16.9883398267119,0.14139134685168,2.64112471416593,0,1
0,0,10.59675217902,22.0970827026175,1.3405773256748,0,1,1
0,1,12.2127590793043,18.578298808399,-0.749105637416039,2.62294275457699,1,1
0,0,7.34170083033517,18.9589340115156,0.776584537569481,1.76604610480846,1,1
0,1,12.003388257772,22.0288324401271,0.228181606829711,0.621186216204052,1,1
1,1,7.18139225248518,24.5728208422065,-0.736400489379546,1.20328690297902,0,1
1,1,9.00243795063746,28.2672700731768,-0.0704274811359867,0.321661405455074,1,1
1,0,15.2455137049769,23.0794653723415,-0.376126589747127,3.20086026191711,0,1
1,0,11.0213311320571,28.0079917820271,0.663223068581971,0.69829172075216,1,1
0,1,9.8183136115616,25.0864836349111,0.410695883940059,1.24607807055027,1,1
1,0,11.9575313584218,21.3340809834012,-1.83184901351771,8.7752199444979,1,1
1,0,9.51238268622337,21.0162907043621,1.64842382136271,6.45534585665115,1,1
0,1,11.2436179184273,27.7236570885117,-2.1329179344463,10.1170305041278,1,1
1,1,9.31080956030736,15.948280530352,0.687006166808365,1.87337175179339,1,1
0,1,5.28955090831702,20.2577777615728,-0.748761646665192,3.81368442715468,1,1
0,1,10.9447752667073,20.7694955654314,1.06911275932534,1.84855434193514,1,1
1,0,8.97703961042617,10.6399021495811,0.396829329884725,3.42391200992446,1,1
0,1,8.85279560048777,18.592936395871,1.38535325921297,13.4787684960756,0,1
1,0,10.0075944074572,21.3863637547296,-0.178080118436893,8.13983621571948,1,1
1,1,12.6851018590556,8.68423576517422,-2.42988067251115,7.24709640908897,1,1
0,0,10.5909230231188,21.4714908143381,-0.232011957059107,14.4295309789013,0,1
0,1,11.6835738872109,18.8580637355263,0.105937161925274,0,1,1
0,0,11.2581285964409,21.7709330418118,1.21756978398376,9.98540883511305,0,1
1,0,10.2031967989261,22.8706845201834,-1.17176359943771,3.40978981467258,1,1
1,1,11.342241749322,25.6955803453044,-0.266475823895061,1.15936389751732,0,1
0,1,9.72336725087656,13.2584353754507,-0.454685555577368,2.80710532329977,0,1
1,1,7.50137549369519,20.1669172649283,1.50493216814738,2.40514867267003,1,1
1,1,10.6952704884307,17.4682246785987,-1.62253834012802,7.24720528721809,0,1
1,0,5.44437268165679,20.1203969857274,1.05905497807605,6.93843877164626,1,1
0,0,8.02758163761274,19.4834256957385,1.15698003542924,6.4972357980495,1,1
1,0,9.88091731289559,15.2964028570693,-0.113958858999298,4.42307912372053,0,1
1,1,9.67848101905175,12.772722479204,0.855190970106914,6.71882544765289,1,1
1,0,9.15927695931942,28.4812548980031,0.511139092189725,7.1578846519479,1,1
0,1,11.9771820326572,14.7023772665553,-0.714418985172829,11.5163517259061,0,1
0,1,7.86077241778274,21.1000863730647,-0.694971594834713,0.720756792877842,1,1
0,1,4.77271306596978,15.5645472669352,-2.02251977219747,0.164826881359793,1,1
1,0,11.5609037953243,26.0309620197526,1.58146032169396,2.3045405074954,0,1
0,1,10.0902101471081,12.9308048813422,1.29683319578503,0,1,1
1,1,9.78302168220487,16.4456309046054,1.27035453737285,4.57014134531489,1,1
0,0,9.21755137985807,15.1237944535361,-0.0160778678538177,0.205337421968579,0,1
0,1,6.62600099134281,20.201125465108,-0.581762953398202,3.38751435943403,1,1
0,1,8.09459108969664,18.0367481938534,-1.65357546614648,5.0823228103244,1,1
1,0,11.0148282242068,29.5402398338652,-0.574408772223323,0.188828084617853,0,1
0,0,10.0376321980134,19.9824474921169,-0.907622087912097,11.108589688316,0,1
1,0,7.16217925282875,25.3267614218451,-1.36553956640524,2.37957481887644,1,1
1,1,11.1963438627045,23.2832346765066,0.308299926829597,3.29683895146171,1,1
1,0,11.5727592434865,22.7427161221009,-0.472627502422465,9.24896989326648,1,1
0,1,9.73073390819552,22.0635237915041,0.446222235667692,5.43925361149013,0,1
0,1,9.96722696476935,21.0952073887617,-0.775157770851509,0.0398202116264992,1,1
0,0,12.8182808164702,17.1466563630634,2.06068761751814,2.92362338916192,1,1
0,0,10.7896773976045,18.6278234196376,2.58539637352218,0,1,1
0,1,12.4397502561449,21.8759181303157,1.4998064030903,3.84357617050409,0,1
1,0,9.90984557425405,10.0966699358653,-0.100192607788636,11.0400081067346,0,1
0,1,12.9589756896776,12.578234846108,0.647185814663537,0,1,1
1,1,9.84863242661522,18.3179683284265,-1.40458976481618,3.81150998380356,1,1
1,0,11.8354969143991,12.5358497311433,-1.33411764776861,1.03774160656269,1,1
1,0,9.31044257251517,20.4540188029568,-0.446729345052682,4.5751629326412,1,1
0,1,7.84599468789216,21.8800747084941,1.69061986061771,6.05805886738443,1,1
1,0,12.0032094547166,23.5383766405329,-0.223365145696298,5.40586005122494,1,1
0,0,14.5920080815427,24.4544399717207,0.923438510803911,0,1,1
0,1,9.34824376909997,22.2674017172865,-0.0495256938434538,3.2435986250639,0,1
1,1,12.9377122570586,22.1840913704451,-0.346890884284201,5.87783001177013,0,1
0,0,9.52618213365228,20.9593704209166,0.199251919612581,6.4274446526427,1,1
0,0,11.8469862357809,20.1365413752923,-0.132327785051881,0,1,1
1,1,8.02161638659718,16.7676351227993,1.45423172269893,3.5615032118233,1,1
1,0,10.5512925565734,28.9105292929117,-1.32063917335026,1.62914681062102,0,1
0,1,8.47267781287793,16.8299034851462,0.109207163477544,0.0958902820921388,1,1
1,0,7.29577603160006,26.7891221294077,-0.0254722179209988,5.03479719398578,1,1
1,1,11.310048820456,23.7556992291619,-0.135157590930348,6.18247125132671,1,1
1,0,13.2192935207099,28.1411798331522,-0.640525314131231,5.43340447927127,1,1
0,1,8.42298606824418,22.9265055461132,0.71748255574154,1.07696279407655,1,1
0,0,8.23224777494801,18.3206106376185,-1.47690981302073,4.24306368420509,1,1
1,0,7.85497077641284,18.7610259725956,0.75410479816319,7.24787140474387,1,1
1,0,9.08371803710432,14.5572941021347,-2.18980917487403,6.60746022569319,1,1
0,1,11.3312940311565,24.1508572415383,1.55309984771205,3.13702697453093,1,1
1,0,11.4244564248374,20.1848713091349,0.702061998975102,0.440352391451597,0,1
0,0,10.8859084549983,19.768906578893,0.0515238125352395,0,1,1
1,1,11.5191746241184,20.3069562827988,-2.42797370995882,0.20907942764461,0,1
0,0,9.06224466796175,17.465435343575,-0.0860707324535189,0,1,1
1,0,9.65458004423233,18.3063461514841,-0.738357445758921,4.24873282557706,1,1
1,0,11.3640997987716,23.1067640281741,1.16772402635259,11.9941590913111,1,1
0,1,9.43684534351691,25.2436289458624,-1.63264961625291,0.844382118433714,0,1
1,1,8.07675485213636,20.2332052250705,-1.61312915574097,2.17404731155594,1,1
0,0,7.24469971053489,20.9815934290378,-0.224659351788146,2.24649923236223,1,1
0,0,15.3951732732767,20.9292988735085,-0.0551681503459401,0,1,1
0,1,6.60056988887414,20.7551035989019,-0.627365956924184,11.9642723269607,1,1
0,1,10.0586333055884,19.0327364480579,-0.184349380412772,3.4306821115315,0,1
0,1,13.8686286723025,22.2885452684977,-0.263044660917602,0,1,1
1,1,11.6750217503559,22.8231671907494,-0.525646241251671,9.73646825306892,1,1
0,0,9.62930733783067,20.8195984159761,-0.67522749773812,5.41922487208412,1,1
1,1,11.0666583555288,22.2084135204466,-0.156788604665715,4.92041554743395,1,1
0,1,13.5699124840295,17.7245147585689,0.96924274168934,0.0452550407499075,0,1
1,0,10.3792556396603,20.7708710223955,1.86326613150228,5.44503686972906,1,1
0,1,8.8618249756268,22.4853888864439,1.01885748883875,6.15149442279659,1,1
0,0,12.9037858891442,19.5711375534698,0.0456918216264974,1.18032119864744,1,1
1,1,13.7379869051306,19.5036963217677,-1.20179167247776,2.67266863565764,1,1
0,0,8.03089021252492,18.1399126125815,0.909354155230945,11.8120200398844,0,1
1,0,11.4375135278087,22.2936310499477,1.46195822050016,6.41343328356743,0,1
1,0,10.2586945939165,21.0197443268717,-0.184626753951705,3.44884392682933,1,1
0,1,11.4032826177867,30.6885768048157,-0.190168268382486,1.05870762574353,1,1
1,1,11.0533956637749,19.4620199293515,1.24329480266288,5.24055553200662,1,1
1,1,9.9589738020908,20.4462962473036,0.18558749818315,4.71570292652985,1,1
0,1,10.8765020946139,15.9599892508603,2.27102227928726,2.62283092723294,1,1
0,1,7.57894286859693,23.5515192052642,-0.0515549198891902,0.651386801003674,1,1
0,1,7.19116011234219,18.7711297634441,-1.61554882919585,2.78462270946701,1,1
0,1,11.4414983144186,20.5326599705455,1.05795583994723,11.1984625670593,0,1
0,0,10.1720710065535,23.7813054787216,0.361894756181958,5.10896143737488,1,1
1,1,9.73676591718308,26.1027469193962,-0.265876705750517,2.99002396412937,1,1
0,1,6.64789604212032,19.0101977272234,-1.25578140173536,3.56944439834553,1,1
1,0,8.86100401846377,18.5735851955828,0.87648416717228,7.40166304575406,1,1
0,1,10.3844103017931,20.8318736302798,0.592634666890485,3.44545163400471,0,1
1,1,9.02735415849436,24.8370133897818,0.271525680875784,3.17494309936591,1,1
0,1,10.1625680259878,20.4662355482968,1.55327347117647,3.05696816369891,0,1
0,0,10.7697944935686,20.7682647737637,-1.06380687634054,0,1,1
1,0,9.72499605792364,23.1464644379698,0.206822497346744,5.29825500789856,1,1
0,0,10.8551862184782,22.9593627588435,-0.248933255655566,3.38396611623466,0,1
0,0,9.51387110292127,24.3467681257934,0.515388673918764,6.00334083808559,1,1
0,0,9.36329434429222,12.1887708012205,0.442785820060402,8.05845016054809,0,1
0,0,9.49178721298398,15.2702926939018,-0.117116618623996,3.99016566968538,1,1
0,0,11.2777748603261,15.2772860883239,-1.49784147274197,0,1,1
1,1,11.6421307663322,21.5079244075043,0.0472006059695206,5.44727696162125,1,1
1,1,14.6709581731639,14.5728358372669,1.4802578676094,14.5935701883864,0,1
0,0,8.03338488477788,19.0855669132974,-1.96455496249316,5.05496928468347,0,1
1,0,8.58508511998748,21.6930262596187,-0.538555626716068,4.76651002947832,1,1
1,1,11.2882982026998,27.7636330386585,0.50278659285196,3.7996523772936,1,1
1,1,13.2753306598924,19.0359226077306,-1.09331277445394,4.17382838018239,0,1
0,0,12.4532963493286,19.916117712278,-1.02602611043194,0,1,1
0,1,9.06458876333838,20.9425882251879,-1.01203614366599,0.299928199499846,0,1
1,0,8.64353787252402,17.6186207375459,-0.782634176957744,0.548885157331824,0,1
1,0,13.3928045426609,7.20176626497686,0.359562812057244,14.1115794950165,0,1
1,0,13.0856937001781,26.0451138865084,1.99862021891536,0.58224849610603,1,1
1,0,10.4290551841219,18.6256519860689,0.55393480042535,3.73035297674582,1,1
0,0,13.4013765915046,17.1322835388077,-0.808303348930514,0,1,1
0,1,9.98402634070422,21.1516365891899,-0.557018477813349,7.5349880617621,1,1
1,0,8.36419927039446,17.5301089750227,-1.08560353078744,1.86078500747681,0,1
1,0,9.89877965943291,23.6806696276498,-0.71979401765733,6.28513961935246,1,1
0,1,10.1598421730981,18.1835973390579,-0.692566843267432,4.71953248791397,0,1
1,0,6.8808578042119,23.4230452980187,1.4135047045491,1.9238702126933,1,1
1,0,9.65700408650742,19.0658286496447,0.640962189123194,4.91029289852895,1,1
1,1,9.16278581433533,16.0865140844082,-1.7175207063165,1.71956397967906,1,1
1,0,10.9825736360663,22.9488638541355,0.82618859480234,2.94434523873818,1,1
0,1,8.93754313753794,29.7664144987219,1.28077530846579,2.44109486568234,1,1
0,1,10.9644402354698,16.0300293940403,-0.231344204570623,3.35385823791075,1,1
0,0,11.0725820800987,18.2370554219787,1.35882748116687,0.979905545711517,0,1
0,0,9.4413515842822,15.322449870809,0.341239054522143,6.01757072098553,0,1
0,1,9.91298547059883,26.3679519578015,0.642236181244163,2.77022421518399,1,1
1,0,14.763030583919,20.5090988668839,-0.321210717862453,3.75040874125433,1,1
1,1,13.0960622267112,10.6916053777141,1.44019566135034,0.312850618734956,0,1
0,1,13.109523997058,11.2129003306907,0.0537341212031113,1.33936628883708,1,1
1,1,10.1162224602278,23.7566610577138,-0.269713563078948,4.43547517934652,1,1
0,0,8.32044216894567,21.1966486222907,0.466756268777527,7.71737532337978,1,1
1,0,11.142246897311,12.0402932260225,-0.11071137212952,7.66204026142092,1,1
1,1,10.1320955651261,15.1834607983723,-0.25606542122908,4.54024471933862,1,1
0,0,17.16931898586,21.5933829520062,0.726092190740559,1.30404437721226,1,1
1,0,6.13620889269746,20.1790263440945,-0.200982022267937,1.81826212528169,1,1
0,1,9.59433499150805,12.5353567473236,-0.422671961211497,0,1,1
0,0,12.9674304085462,23.0100913519643,-0.542169755678539,12.9631736946758,0,1
1,0,5.80296719967099,18.2972625018304,-1.39017790544112,4.85227951023642,1,1
0,1,9.48070266788648,24.9766812653404,1.60713541056557,1.46515171229839,0,1
0,0,10.6681358717744,21.8013971171284,-0.652838190922449,0.456117438152432,0,1
0,0,9.56072481673356,24.7312299303917,-0.380368509294336,14.2428360381164,0,1
0,0,8.13645639342179,12.144087555584,0.0867430365496318,0,1,1
0,1,9.75551956340685,22.9864514748057,-0.649057964312564,8.8005336932838,0,1
0,0,12.6770568469235,24.2052949884078,-2.01649070787307,11.5109790642746,0,1
0,0,7.30333761991127,22.0966843402549,0.448577388746643,0,1,1
0,1,12.82967144902,15.5376628811019,0.523388159192163,0,1,1
0,1,11.8280978910294,19.8089351133874,-0.246122239665679,8.82874436862767,0,1
1,1,7.52662416301337,12.3318842316823,-0.544545707183516,7.78720896318555,0,1
1,0,6.99847929065074,17.7130790486413,-0.803683014742773,2.69064907729626,0,1
1,0,10.0690773677931,17.0072134654543,1.95447105047381,7.79730869065949,1,1
0,0,10.5725992908054,21.3807158256384,-0.296887442895346,1.88608506247183,1,1
1,0,12.3724161876912,28.6558044177605,-0.035404687210021,4.44020139970374,1,1
0,0,9.9249012563149,21.3465853688176,0.107189714468554,0,1,1
0,0,10.8407431879471,18.3285440658567,-0.230620531545034,0,1,1
1,1,12.5784929646855,23.6947640828251,2.39007004059566,5.11519266950547,1,1
1,1,12.3413783701992,23.0670663693408,-0.0116323437326994,4.98836185501208,1,1
1,0,11.6521873081694,20.9949925916157,-1.08905940665858,7.63231828291414,1,1
0,0,10.647834130181,17.3711278602012,0.313769183171077,13.5237309338991,0,1
1,0,10.7619008229091,22.3324966765359,1.09572140336201,0.257138304412365,0,1
1,1,12.4052391655866,22.7627314706673,-1.01889460165192,3.47807946551278,1,1
0,0,12.2044115014643,21.1674587199838,1.67087514103806,2.60407090745866,0,1
1,1,9.87697012004171,27.6922966698535,0.275183470718412,1.57971492239715,1,1
1,1,10.7291798279916,29.224518993995,-0.181866399727406,1.02499014037383,1,1
1,0,13.3851045999715,16.0432189286276,0.867355430722069,10.081323542648,1,1
1,1,12.942734024944,21.605709634039,-1.40279690623594,0.0619023777544498,0,1
0,0,8.04550467731176,15.0704473069803,1.48230141230567,7.0392207508106,1,1
1,0,12.8964033491639,17.8212426261091,-0.591796068662362,0.417210504412651,0,1
1,0,9.82828867881627,18.2618681639115,-0.885001753474386,4.58928468078375,0,1
0,1,6.85246039669309,19.4366192321471,-0.527436558659494,1.05500054731965,0,1
1,0,12.5849523189334,27.0325650802611,0.0310374052801759,7.76197378986405,1,1
1,0,10.1689355111354,16.679434317691,-0.946515483343574,10.3538894929965,1,1
1,1,11.9340919929602,22.057711024489,-2.49897029524684,2.59234723719115,1,1
0,0,13.878225988434,23.148524306511,0.145711531004003,4.38250876493278,1,1
0,0,12.1597452763313,20.9680620548701,0.858703393437413,5.31200838088989,0,1
0,1,9.29281294633369,22.2396672262465,-0.209938282882933,10.0298667736351,0,1
1,1,9.73015375056287,17.3983259639509,0.398824020925648,8.23969853635027,1,1
1,0,8.025735133385,18.1664295343802,0.761127736197585,1.86756427958608,0,1
1,1,8.35658370787921,17.2780547131439,-0.965406631821685,8.29813851505811,1,1
0,1,10.9790618450295,11.2302506881141,1.70425351971367,3.75622196364488,1,1
1,1,9.40144508218104,22.5039483794193,-0.81581184165478,1.10622414961031,1,1
1,0,11.3165097971487,18.3381532684325,0.0505031847282846,2.76707657240331,0,1
1,0,11.6648190993416,19.2947846649214,1.81833471172887,4.4562763812134,1,1
0,1,10.7269265224454,22.6610366542357,0.233738106743284,0.394187974897607,1,1
0,0,9.2027086827661,20.19953406469,-0.0287897691741464,0,1,1
0,0,7.0041400209886,19.5541988284654,-1.13535799444069,0.0242759975366527,1,1
1,1,10.2292563505449,17.8833945124072,-1.15737781092832,3.71748312112835,1,1
0,1,7.92436676532674,26.4634490151191,-0.547340906138225,1.43420697544791,1,1
1,1,11.2919577425231,20.5580423733335,-0.433572715922771,2.05033572702582,1,1
0,1,11.5456908001172,20.4783347897028,1.66248593383382,2.49000278153896,1,1
0,0,10.6320283162408,23.9194630213547,-0.563130851439488,1.3785900964391,1,1
0,1,7.92377435040353,21.5175373917288,-1.14555224504636,2.6093435169937,1,1
1,0,8.48972541982229,16.4791495222919,0.70929132488924,6.78604483520953,1,1
0,1,9.01699138061484,18.3741881118138,0.160234692884093,9.1534965527508,1,1
0,1,10.2944514902157,16.8914993612453,0.113352593811487,0,1,1
0,0,14.7130060865707,13.2659918889407,1.49521350608348,0,1,1
1,0,8.15866246578819,19.3320697595922,1.02323662606114,0.121386079117656,0,1
0,0,5.68630443358231,22.3757929164643,1.17446162052015,0.631645897536388,1,1
1,1,9.7591999008774,17.9273634370033,-0.244503756930785,1.79760399833322,0,1
1,1,8.32151134087258,21.7647934544306,-0.166932131005799,2.29259603197829,1,1
1,0,5.65512018257043,23.0224034601978,-0.0841155041461892,2.93872280906375,1,1
0,1,8.25138404769143,19.5481565592906,-0.826498278320729,2.1436637872132,1,1
0,0,9.252841302195,18.1014984491551,-1.18949684486068,1.53115200432947,1,1
0,0,7.79560457580715,17.1915122785603,0.393351860980975,2.20525680423141,1,1
1,1,11.4313197213269,18.8825158566482,-0.180783643152807,3.67941598595991,1,1
1,1,11.8152806113684,26.2568389968902,0.00218840129337854,6.58218650952486,1,1
1,0,9.35038973242973,20.3643744382743,1.18276728772386,6.48245001256693,1,1
1,1,7.03682813543651,18.1512480759018,-0.688825038725034,6.11033960716812,1,1
1,0,11.1883422777271,18.1982449926884,1.96360867768691,6.58127913996577,0,1
1,0,8.29025062576091,20.2923864616432,-0.441910422925586,4.47580331977385,1,1
1,0,8.3401649267349,20.5254120361144,0.781007950063791,2.37044891697913,1,1
1,1,10.2982136299283,25.3825455955696,-1.13436748209853,2.66018076917407,1,1
0,0,8.0477079172319,18.3065541117106,0.273041389468936,2.48752988674315,1,1
0,0,9.41063118468722,23.9077691350721,-0.763706558389942,1.0028574097758,1,1
1,1,8.45805016836931,17.4760783798184,-0.737607983989264,2.79627844605492,1,1
1,1,10.7845674141575,20.879004724004,-1.25657614092638,1.60985893181481,1,1
0,0,8.30738819023101,18.6173100596351,-0.0170698956009469,0,1,1
0,0,8.31248013813909,24.0236201768212,0.760560550871686,0.74611996114254,0,1
0,1,8.07622311142346,25.5892631986691,-0.171825915244101,2.27962610758679,1,1
0,0,10.0220993067131,26.141444323013,-0.265263394261249,6.93758111447096,0,1
0,1,12.4298979308437,22.7381129902095,-0.423995996873209,3.42711549438536,0,1
0,1,8.22224296852343,17.978589734593,0.689272118280285,13.5511506572366,0,1
0,0,10.4362025228932,19.5030676314888,1.05045042906015,0.698292826688831,1,1
1,1,8.68776600078592,21.2053389807153,-2.19402499653358,5.89596691027404,1,1
0,0,7.82296830543867,11.650531412635,-0.502965563297584,1.5476044911225,1,1
1,0,12.1822617962154,25.6815882507724,0.880319117538282,2.02259288979176,1,1
1,1,8.8615453566844,15.7240826107232,1.54835282944109,7.41162315758316,1,1
1,0,13.2416202611812,18.1625924119914,0.578006183928215,6.60595564095496,1,1
1,0,8.62602310883252,25.3266644381967,-0.13083383528347,3.21360387028164,1,1
0,1,11.3139934071373,21.639105110791,0.607857026905798,0.590047838235091,1,1
0,0,12.2213844304694,21.8893460168841,0.217520387392552,11.7964315114077,0,1
1,1,14.2814414601327,17.001205482692,0.526191223166367,6.50140164233744,0,1
1,1,8.33805638173521,13.5932337439027,0.461979537951275,2.77458248846233,0,1
1,0,10.1528117123963,16.8342106976788,1.50399120650089,6.82060870335689,1,1
0,0,11.8716488923981,22.0080421905613,0.353009602570219,0,1,1
0,0,8.99666659427038,22.8687810820837,-0.398902404734734,2.33350347476427,1,1
1,1,11.1897069277024,20.1734207624676,1.02355959954025,7.08580537718136,1,1
0,1,9.13869766172726,18.4234226142233,-0.800870910576536,3.34142381081056,1,1
0,1,7.73332189465442,21.5200193016319,-0.297780153902299,0.281606922471045,1,1
0,1,5.52565688046074,17.5102881897139,-2.40109468243829,6.6416645385325,0,1
0,1,11.0292791448863,22.0455488240296,0.193998228900719,3.1328229440615,1,1
1,1,9.31618576967415,15.5945077734722,0.63054874598584,0.964867042377591,0,1
0,0,13.4357548576386,27.4456623982699,-1.72234774234449,12.9817123375833,0,1
1,1,7.76724418268408,9.18004351046263,2.53904641213465,3.48521771281958,0,1
1,0,9.02304076167431,25.6717512654701,-0.93202765273661,7.96219308866166,1,1
1,1,11.6146645868155,17.378762007536,-1.2920278081392,4.07760795792978,1,1
1,0,9.47798251665843,25.0091321896887,-0.329125469198937,5.06143403754356,1,1
1,0,10.9761198356532,14.1588502713067,0.299302194344734,5.75831292821283,1,1
1,0,12.705567641939,18.6770604928266,-0.440187586812284,4.23256857769457,1,1
0,1,14.3536311826185,20.843271162108,0.496934162455209,11.616385427037,1,1
0,0,10.1027742224137,15.962002943111,-0.89057085460159,4.3714996581393,1,1
1,0,8.32380910952917,17.8608934153158,0.731639832631132,1.01253861725628,1,1
0,0,7.83076998138316,21.9802330995438,0.126996462004796,12.6155610401183,0,1
0,1,8.90693446185332,22.1939761991286,1.88904233606744,2.42771258626443,1,1
1,1,9.14698059059059,15.0890295431242,0.379767693804555,2.71639203743226,1,1
0,0,7.57800488920043,15.9735494225581,-0.0448161139871802,12.9788655918092,0,1
0,0,11.1955859955581,20.8286688064394,0.136043976842453,11.8035854739137,0,1
1,1,12.8477915781679,25.6696047213566,0.550276535752571,2.07247404826094,1,1
0,1,9.11340274888331,22.988357586221,-0.808080397534084,3.30255070642734,1,1
1,1,7.91933306865142,13.9222677106059,-1.00699603251889,2.61088548977635,1,1
0,1,7.4522058431855,17.1197170427027,0.858202267276623,6.64744311412621,1,1
1,0,11.5403032240236,12.6471518624155,0.0844163440587337,3.66901749931276,0,1
0,0,10.0630452439531,23.137583457412,-1.48179176140082,3.69362876649281,1,1
0,1,6.19029049712347,16.5157914018916,-0.9651266161995,3.20850430108193,1,1
0,0,9.75248964570886,19.9565347479339,0.103600145420958,0,1,1
1,1,10.0006567544269,22.436566232863,1.1773236654154,2.31902491558925,1,1
0,0,8.31244331054229,19.4677934077649,0.192566454895148,1.65209639377342,1,1
1,1,7.55733325914215,16.6018757484797,-0.00723908878469659,2.31002532166546,1,1
1,0,9.09402801276899,20.4605549006969,-0.462310513259255,1.91955858407278,1,1
0,0,8.59536013743774,14.674651383952,-0.724387535647471,10.8493522591889,0,1
1,1,8.65123922902975,29.4978330869268,-0.639016919876248,0.923885073624501,1,1
1,1,5.39395361902819,10.0166543307533,0.444142523918265,1.40038097463548,0,1
0,1,9.70133419043425,28.8147046162475,-0.584054238178266,8.95766426994382,1,1
1,0,11.8973791799403,22.2855877082767,0.186265347755488,1.78051298759012,1,1
0,0,12.3127249210471,17.6650190511243,-0.300342713730724,0,1,1
0,1,14.1487049717952,21.0994414304897,0.159700413754183,9.18822967571181,1,1
1,1,10.5305799406429,19.8068432161559,1.01999508545972,6.04860347704814,1,1
0,0,7.89599234171907,29.009874567109,0.798351878707584,2.77961774915457,0,1
1,0,11.0046844724373,28.8319288887362,-0.044090271581282,0.379570908844471,0,1
0,1,12.1996900462437,23.0673800585839,-0.992193431605077,3.53620910458267,0,1
1,1,13.7730096608283,18.8632330248285,0.575852522768862,4.22523636929691,0,1
1,1,11.6225070013788,20.6065811701654,0.135781237800526,5.92829574085772,0,1
1,1,12.8364876175879,16.8755756534278,-1.01208196057172,7.33522556165612,1,1
1,1,10.8783398034059,16.1704065470107,1.00402316383581,4.35989199019969,0,1
0,0,7.4449967827978,18.7826355281956,0.876095886998526,0.0409510172903538,0,1
0,0,8.27725358957711,26.1235146136144,-0.692968115760895,4.02965970749052,1,1
1,1,13.7739717499422,18.0867762534212,2.68180948338679,2.35680280239562,1,1
0,1,11.4081746263658,21.1038571541037,-3.13899312896842,0.618759596720338,0,1
1,1,8.66455894933594,25.1711194237406,0.645956605503056,0.855089828512985,1,1
0,1,8.5885713158857,21.6960428263231,-0.480610133856287,0.0540419430259313,1,1
0,0,8.15856284017125,22.1110610150823,0.192807393685871,3.09857401996851,0,1
0,1,10.2969465839921,17.3846800714257,-1.04925616100414,8.62548855878413,0,1
1,0,9.49996527773445,20.4867022106959,-0.24585186926655,7.84144606348269,1,1
0,1,8.1164620917774,16.0525477810822,-0.613729291010653,6.60521753833924,1,1
0,0,12.4283980372778,16.9776221510056,0.497692038896738,0,1,1
0,1,10.0371328660005,15.3560401662398,0.456841757760867,3.47940564528108,0,1
0,1,11.5156633989151,18.2287939055217,0.730374039844885,8.80917406390092,1,1
0,0,9.23987460000799,21.3397911361583,0.399518813185011,7.84645619282246,1,1
0,1,10.3498974266944,19.5973657274191,-0.0861377871174699,0,1,1
0,0,12.0670466180495,16.097852628158,-0.0963810493728022,0,1,1
0,0,11.3514479908649,16.1071334975157,1.86373382233984,0,1,1
1,1,11.8825624858251,14.6368538941379,0.851283491078538,7.94586827634752,1,1
1,1,6.3467398549721,21.6564096082176,-0.0592854618366041,4.22975093604395,1,1
0,1,10.3544087625931,21.0966497193003,1.50066953016993,3.87048409380737,1,1
1,1,9.61638427610546,14.344148197923,0.451022941536234,7.3079363737781,1,1
1,0,8.69960257998034,13.2722777072437,-0.0995630325040558,0.803260736167431,0,1
0,1,8.87860731748,19.7196555442035,-1.02102751463047,3.75828967136242,1,1
1,1,13.3515315865999,18.1587638828468,0.346607005280016,1.43628084473312,0,1
1,1,10.8610692008785,15.1714171860903,0.517299926175581,11.3315218048428,1,1
0,0,9.71078675928551,24.1617648725144,-0.639980910158429,4.6303890733272,1,1
1,1,11.8780514242882,19.7351799512565,-0.998203710977064,6.03687731394147,1,1
1,0,8.90900650095342,19.9205688858527,-1.32931604978871,3.92453425491879,1,1
0,1,10.2777007264313,22.4622248935125,-0.873582293537821,11.3701883185521,1,1
0,1,12.8937246267051,21.6815318796784,1.07104687470886,0,1,1
0,1,9.33474382769893,18.6881804902913,0.468129482172467,5.19600239396095,0,1
1,1,8.40168745547357,15.4621747915992,-0.927321793089823,6.39979089817476,1,1
0,1,8.90341450973519,24.7290732204669,-1.5818156716694,7.98412520621297,1,1
1,1,7.89840759096116,13.1568567867512,-2.78399210945974,9.62144027191946,1,1
1,0,10.5053249820667,25.5177961776184,-0.936595221275909,4.95686543360353,0,1
0,0,10.6557237079906,17.8359786833699,0.477875031833748,6.86821271476816,1,1
0,1,11.711344800981,28.3018671669333,-1.19529144352291,0.867687213728091,1,1
1,0,13.603524543255,19.180957987949,0.305301660949113,5.68866622414597,1,1
0,1,12.8104816234975,17.7943320579187,1.73266163127779,8.07656628479451,1,1
1,0,7.49841641172867,20.1647874670928,-2.16316306849597,4.72955601291939,1,1
1,1,13.9982177089455,25.2681905241032,-0.119819499989917,4.76467100062209,1,1
0,1,10.2785569751843,12.7613991863585,-0.975527419817999,8.29850333556533,0,1
1,1,9.22666179312055,18.7680448215173,0.957784463175755,4.36338003637435,1,1
1,1,13.711271380887,21.1782447783415,0.00494753450098241,1.40821069478989,0,1
1,1,10.8577107689526,20.5910832684666,0.354204596046414,1.84488748759031,0,1
0,1,13.4615802791795,20.4638061279004,0.176206004043117,1.18649975760046,1,1
0,0,9.91295265172136,18.7066726057469,0.230682050535359,1.91490241814742,1,1
0,1,8.53782838372498,15.4385331044096,0.329397305970626,8.6205176495868,1,1
1,1,6.06807184755874,31.4452779634527,-0.97239308578563,1.16821193654481,1,1
0,0,12.253730630377,14.1944522206641,1.28169363205409,0,1,1
0,1,8.22383122313177,23.9349760808799,1.52914308593026,2.49193074926734,0,1
0,1,11.742718520784,15.5686346916587,-0.150879530345409,10.90981657058,0,1
0,1,10.2397871332327,12.0044293726079,-0.181568669642687,6.41918184706243,1,1
1,0,10.9448698896068,20.6028899878313,-1.84093919530514,4.29303040874656,1,1
1,1,12.5332798196401,28.4358723687737,0.16519261489522,4.00132098414499,1,1
0,1,9.0293672421062,22.5167626913456,-2.25342167258279,0.288929878826311,1,1
1,1,9.07693282763131,13.4494178313604,-0.203377537798555,6.49213989770844,1,1
0,1,9.53648332544247,17.3660971439307,-1.48901267982703,3.8573518720778,1,1
1,0,12.1207075448764,16.9987669363549,-0.80592313159309,7.20046151488989,1,1
0,0,9.05042859099746,15.4194724179016,-0.163240061919337,0,1,1
0,0,9.64897943808457,24.110453107686,0.52583578459122,13.1305936807767,0,1
1,0,11.5926489981783,29.9121616873257,1.40240703340828,2.19335184618831,0,1
1,0,11.5574906317061,14.1867345427216,-0.426245303013057,0.195743844225025,1,1
1,0,11.5936051324922,23.2890577814473,-0.212596795069938,1.68926182575524,0,1
1,1,10.0981031456727,15.7342080254019,-0.230817019099012,4.51896003906867,1,1
1,0,11.5252258696696,24.3772269300595,-0.492154208159477,4.95799031607871,1,1
1,0,10.5719861392728,20.8823847293174,-0.307399420096093,3.58552140990113,1,1
1,1,8.73436992369435,18.8670416378501,0.713397005310362,2.25885201777827,1,1
0,1,13.6087689616022,22.8402030137342,1.75659582364803,12.2426406680606,0,1
0,1,6.2739780539715,28.8419074658484,1.56873629399177,1.13739764990816,1,1
0,0,11.6910567624261,25.6482663024857,-0.114376060875312,6.43339449565075,1,1
1,0,10.6833353657892,19.2136076793911,0.585612246214135,8.71683270287919,1,1
1,1,10.0455552122869,23.0215382792782,-0.583870739389275,2.35905694216373,1,1
0,1,8.77720002310671,15.6235965192102,-1.50778289137984,0.785506067946169,1,1
0,1,9.47894645505049,21.7207200965846,0.518631721220592,13.0104297082973,1,1
1,0,13.6113406292861,23.842198846333,0.367644068718127,0.472277601363055,1,1
0,0,9.8060014659927,21.8362380916173,1.59744004592723,10.2506916230008,1,1
0,0,9.23102660042989,17.6141784219287,-0.173505779423678,13.0954017244967,1,1
1,0,8.24327571498997,19.819655171045,-1.71396796503711,7.67148007185692,1,1
0,1,9.00884295612616,17.6739256208897,0.284856517472213,1.49610835729227,1,1
0,0,9.8314150928511,21.7714529485048,-1.51545966092347,3.82556516745084,1,1
1,0,7.28455586589001,18.7590772418248,-1.11722842504756,2.32092921336592,1,1
1,0,12.2853956335341,19.10868092767,-0.462236253258946,3.62653148174286,0,1
0,1,10.1956540748944,17.4696528292317,-0.450398744367244,1.99979711331995,1,1
0,1,12.9300420571935,24.2687607966079,-1.37722783470441,0,1,1
0,1,11.9808717054486,21.3495836858588,1.04859151359238,3.57007383741438,0,1
0,1,12.8287735014445,16.1854173453819,0.30555621676614,0,1,1
1,0,7.32820446137332,21.0046942965476,-0.918748616451352,2.88092712147254,1,1
1,1,11.1591672767865,17.8074051858087,-0.845222587052554,1.17469039186835,0,1
0,0,9.2763575714027,20.4129440704123,-1.22732567518176,1.20826449775747,1,1
0,1,9.90629510069643,27.4640660205587,0.351529308690375,7.51663713602262,1,1
1,0,8.80104505717646,15.8360247788595,0.880826582309925,0.290980229594952,1,1
0,1,10.4302089864457,20.8799351485097,-0.453966879586077,3.31320033361731,1,1
0,1,10.1872629709581,14.304820374125,1.01804620900246,5.87976341122807,1,1
0,0,5.76033116973731,22.4640696401214,-0.319211879877217,3.68258704177178,1,1
1,1,11.7048861776494,14.2337472803437,0.258135510658443,6.61448307188168,1,1
1,0,10.3087491446265,13.1929407085844,1.1163642663612,3.66015773456838,1,1
1,1,8.05627671958917,22.2288518312031,-0.77210829956962,0.631707379594445,0,1
1,0,7.79714432815373,16.9979555314885,0.11259430625395,6.89074264821581,1,1
1,1,8.6195102234058,12.1162682171114,0.531562239371635,5.70796520635486,0,1
1,1,6.83273015557751,14.7021461962427,-0.422902650617128,4.03907979997984,1,1
0,1,10.2755321330277,24.3021315739976,0.148623992007772,1.43049136597538,1,1
0,1,13.0046879099257,20.7033403767401,0.399286308762999,0,1,1
1,1,10.3857631742965,20.8316991971428,1.18545205531744,3.06065392136944,1,1
1,1,11.0543094690477,23.5728110635288,0.919095331882198,3.28912441725306,1,1
1,1,7.03358741759524,20.794439666633,-0.394769701294296,5.07572355795747,1,1
0,0,6.92159855338119,7.2748697411643,0.609240909110271,0,1,1
1,0,8.20713422617136,20.0787327788169,1.552754323222,4.86009491252732,1,1
1,1,11.4421399594964,14.4233143811729,-0.628994863204225,11.2784501574934,0,1
0,0,8.23099611062691,16.267056459304,1.41924953870264,0,1,1
0,1,11.1171970514171,13.4838364741253,-1.37066534309718,2.05904210731387,0,1
0,1,9.56252499030742,21.4763905564378,-0.897031020178635,2.5103618608567,1,1
0,0,10.7672469647732,29.1426255401192,0.137112823194629,0.891678655520082,0,1
0,1,7.92175977950632,21.9461794783271,-1.70437576028005,2.56689919300088,1,1
1,0,8.10201550285835,27.7286088828104,0.320308058794637,2.19090215829659,1,1
1,1,9.7916780920331,19.0714839090718,-2.13104361809747,2.04028533710763,1,1
1,1,9.58257779455218,17.8502197734645,-0.742451433401934,3.6944709032334,1,1
1,0,6.42253960949565,23.1444076135022,-0.951941765720054,3.30816076671089,1,1
0,0,11.074168842173,14.9905083591008,0.9339879197246,15.8513675283175,0,1
0,0,6.10060785981432,14.7033401806616,-1.09948288223523,1.66266990159987,1,1
0,1,9.16953107689357,8.12706730671746,1.29711010122401,2.35008123399988,1,1
0,1,10.110259341186,11.0971272914372,-0.811869011460114,6.13541162872364,1,1
1,1,8.59600056182246,18.2333833102857,-0.338192213747675,0.858250385150313,0,1
0,0,7.19232193485205,20.498576513958,-0.829080141784422,10.9870123326007,1,1
1,0,9.20235213821496,18.6000110692831,1.0766521816494,9.51482876563168,1,1
0,0,9.77915640087039,12.3860027899166,-1.3278948055111,0,1,1
0,0,8.1518430974532,15.38382263214,0.739907498461063,5.41985149874377,1,1
1,1,7.28551399916849,16.8432661025029,0.976673150622898,4.22600902878081,1,1
0,0,7.61079103449743,23.5976091127758,-0.37681524864787,2.9968934548015,1,1
0,1,8.94302444142443,21.2641599963067,-1.30089125498605,0.0766367530008554,1,1
1,0,9.0947462265581,16.6920508993481,0.725204344924953,2.90941231884062,0,1
1,1,12.8389703863227,13.5417178259715,-0.970320176942339,5.021889537615,1,1
0,0,7.42863771096857,19.3342715196482,-0.887412359318331,1.65552387200296,0,1
0,1,10.762297878724,12.8944323124281,-0.686216777211003,6.41826222271892,1,1
0,1,9.16506279780445,17.3324639391222,-0.934156876357404,2.13042443990707,0,1
0,1,10.1857228415755,18.768139721656,1.65832732814445,2.6938953025102,1,1
1,1,8.67283092844756,24.8901016611387,0.614131653946908,2.72208074016785,1,1
0,1,11.6056547790151,23.583449050558,0.338641287474492,0.758214539336976,1,1
1,0,6.59383470921089,20.8156202521516,-0.576008960512498,4.1952378136372,1,1
1,0,10.3078141451297,19.1360063510816,1.05067558510226,1.7274280573848,1,1
1,1,10.0521509998427,18.0479747122585,-1.01644723113006,4.85441052700402,1,1
1,0,12.1117267581702,22.4082092548408,-0.210170203015396,3.40167569894405,1,1
1,0,9.55106577129899,14.4235991459056,1.10298560260448,1.31323319301009,0,1
0,1,10.9931927787461,18.5833453155542,-0.933756564769499,1.10139225603171,1,1
1,0,10.7992679092737,24.9241983117699,0.0373396617812627,2.69330165348947,0,1
0,0,8.70617449862902,16.7463766879399,-0.76907614575847,2.17666391468934,1,1
1,1,9.83247447042493,13.89331127338,-0.387566229908299,8.65124835746161,1,1
0,1,9.73275759998096,20.0036526160762,-0.0538397421329862,0.600173730663564,1,1
1,0,12.2392077109484,21.1806316180181,-0.188542475976531,7.63203614858673,1,1
0,0,10.4784419451652,26.8261502634851,0.965698413257635,0.916937813269312,1,1
0,1,10.5812044317157,16.3700158392612,0.625906596890689,3.42017621435269,1,1
1,0,14.6872028368373,17.8935447588076,0.817892823041214,5.71886986121535,0,1
0,0,10.8325962247728,24.9600342220092,0.846438126417034,9.60137974332637,1,1
0,1,10.7249621557386,18.9283927232452,1.33169732315778,2.07412442564964,0,1
0,0,11.0633652509522,21.2169453975479,0.226968255002825,4.49982923954631,1,1
1,1,13.0960844766796,21.881213822724,0.65350981979275,6.23356076611647,1,1
1,0,11.9229766012115,25.144768697394,-0.340644344731065,7.5971003125109,1,1
0,1,10.6768723572129,23.6679090401197,-0.115979062343394,4.26859203763817,1,1
0,1,8.77809399146178,19.8361093414804,0.535850478938863,0.393590364034165,1,1
0,1,10.7141041008204,14.8433487731391,-0.337686762629956,0.367839311085278,1,1
0,1,10.2830173597544,19.6828105202155,-0.374418781703754,5.80843287906327,1,1
1,1,6.3274173124427,22.9595792092766,0.272783555184757,2.24926755116304,1,1
0,1,6.91793790721232,25.1070409211347,1.53591780168055,2.36730916769311,1,1
0,1,6.41123427116427,22.6605312684238,-1.39188968640531,0.437703149130707,1,1
0,0,12.8290298169175,13.9092385816203,-0.471635008527422,6.35737346813786,1,1
0,0,11.236675783522,20.5048924467415,0.381585018084879,8.92812139727175,0,1
1,0,5.29908922560144,15.4744715279966,0.319341086263141,5.88252935871766,1,1
0,0,10.9340631721882,18.0902990583349,-1.41476618244951,10.1146101729408,1,1
0,0,10.127663876287,15.6061088221209,-0.739714251249943,7.93773889497002,1,1
1,1,9.48747911635945,26.8297694656865,-1.12173115267717,3.50373253172398,1,1
0,1,8.51095592349326,19.2635881616004,-0.0455645969922295,11.4143782146275,0,1
0,1,7.46194944691155,27.4457048828008,1.31356314065774,1.79036280799608,1,1
1,1,11.7252560158616,13.0318117349423,-0.00158204230492996,6.73049822822213,0,1
1,1,8.84613065620597,16.8661703148198,-0.212091233815896,1.16438231775507,1,1
0,1,9.73546530341994,23.1810821692433,2.25347500925588,0,1,1
1,0,11.173656201176,17.8709199600359,-0.60624713210924,5.91148308774427,1,1
1,1,11.0700005539952,27.9432173709556,0.113822755103304,4.57588488950298,1,1
0,1,9.21318012606549,17.3927983379824,-0.334740454208365,3.71900272455815,1,1
0,0,8.91878116558128,11.3721517261135,-0.907281697378612,10.9765478359518,1,1
1,0,10.5189018304692,19.6318900123011,0.605857718423736,4.52034926600754,0,1
0,0,7.64344247798228,18.4103995320054,-0.522815844166493,8.90504116789515,1,1
0,0,10.6122769570973,19.4466907897165,0.850439392709796,5.12603438459337,0,1
0,1,10.3469624582407,16.6969400030486,-0.408036071471018,14.2363825140055,0,1
