X1,X2,X3,X4,X5,time,event
1.83881494055194,-0.969422825868103,2.30688316624759,-5.54179595598026,1.3602493593158,307.040848779237,1
0.328610133045954,-1.53586194348569,5.55760392127296,-4.03283673158241,0.548446517949933,1092.4764853731,1
0.863808762336052,3.22289000261613,-0.0986899694659127,1.74257766401766,1.22846572121629,133.157405678647,1
0.8327123152963,2.8316413440438,2.17294985716226,6.27213400755872,2.63476557033173,298.414542150925,1
-4.93838034770799,3.57941427722025,-0.3690724619524,-2.67649636882227,1.50356015174571,200.329583766353,1
0.345981334593646,-2.73160255814946,-5.43298566584191,-1.63191727531669,-1.94538151940604,244.052988514126,1
-3.13944118033039,4.76521469704966,-2.18774225716349,-1.57711400357236,4.77472979378346,99.5927362984756,1
2.06221764319221,-0.660646384720581,7.47508656328603,-1.70138567656592,-0.390869020395687,275.774209015834,1
-0.324256287418186,3.17105138445188,3.70741588434867,1.23429942735342,2.2966069667532,247.149160460222,0
-2.5734368507047,3.30148775913522,0.549343602247973,-6.01630335232129,-2.78895700401648,191.987819490881,1
2.73116185136126,1.3533900415601,4.9350188427726,-3.17246601599483,-0.827604019859663,165.418920083426,1
0.0733724655598685,0.325689157734727,-5.03683035298523,-2.85631562373119,-2.88907866291603,152.50115844338,1
-1.33335822067197,-7.14389081934365,1.85613172506873,-1.61164198179846,1.60264100586354,751.76057455079,0
-0.207516849583609,0.667893712460508,4.88371573649109,-3.59806264343473,2.95419795931792,586.971943978986,1
-1.79275676670611,0.443421731889985,-5.55837273057492,-2.09721433126473,-0.419357906919353,66.1003966041657,1
3.85652734142341,0.0993461773196957,-3.54832498929231,3.88813538286788,-3.32089584485988,53.3913134421551,1
0.998221725115127,-3.16430046409978,4.15264450220505,4.06587147762605,3.98320967751783,137.26261360492,1
-1.31141414729186,-3.40316696664646,5.27346707455861,-3.55552883597061,-0.976700582986124,832.676497264189,1
2.96462430277693,-3.28272554846479,-0.405257373045602,-2.65934276363427,-1.05405444527848,232.706017449433,1
4.88844081031464,-1.53852631633862,0.0261267176282091,-0.125628469174109,-3.52157798025773,317.685316136155,1
-1.02999570224445,1.55766519370218,0.615818227986725,5.0666524193449,-0.0180205987746677,258.048589288115,1
-3.79764354425308,1.74585959709233,1.88600211248213,-2.69748742069839,-2.52864095913339,578.832071198613,1
-4.22463459785033,2.91121637186077,-5.2382120529251,0.742022380757336,-1.04747740890939,169.833637781307,1
0.952438771343542,3.99885509440714,4.07105250064822,-1.87595547398477,3.70064298759783,305.255030945158,1
-0.834153033952347,3.02226725985199,2.32310104364325,3.85163307879423,-0.587027037559361,673.751673523262,1
0.969441087559474,0.69860551771579,2.00166128759373,2.37373177057762,-2.28548933329365,164.437963451565,1
-2.72776649422254,3.34659829136282,1.38022174433798,0.520981840627276,1.69144048520144,270.691764361272,1
-2.16882174020722,-1.63205397569393,3.92432906868526,-2.61568481972959,-3.0859192955795,500.212974271023,1
-4.43637205583394,-3.78341555088562,3.65394613151986,-1.83957953030824,1.70428231314354,586.686855970466,1
-2.27199731258121,-2.99235810291432,-0.635023696343339,-0.39048066089242,2.01380850800203,323.668434226396,1
-2.87858408201758,-4.82381878803072,0.171105321982318,-4.64467346452153,-1.62869293208682,169.489855060791,1
1.89784002505552,-0.849943791687032,-3.89333122827059,-4.45527528595414,-4.00264883564262,95.7421337671722,1
-1.75788237546224,3.28544907975053,-3.94530039444384,-4.1056940544274,-1.85119732765918,128.742628425514,1
5.32349338770959,-2.75734536658956,-3.71931681425665,-3.36916781165363,-1.19526126560664,509.807033125863,1
-5.54429061532186,3.87193244954188,-2.46100701270992,-1.38724088197962,1.86049600208452,297.138516256518,1
4.93628211636594,1.58630008316247,-1.11092329684848,4.07995652445803,-3.9914976622483,9.86923181643317,1
4.2578817255426,-4.62163025391243,-0.532224026280177,2.25805491650215,-1.15405583384313,474.515859469381,1
-1.11635138565893,-4.37485036685626,-0.260031199502829,-5.56911656448397,-3.08366170413692,206.07433148974,1
-0.692357342065085,-4.51416620667056,2.34938863889743,4.0492448701129,3.17751723647952,537.094651326108,1
0.476297710164147,4.30409227627102,-5.21546092959765,-0.238873744948894,-0.684758065845395,123.98268483877,1
0.0992945347468493,-2.45419420477782,-7.00623726133644,-1.06908760829484,1.9754371953997,287.187926673924,1
1.33713321303084,-5.860337915735,-2.71563600439482,-3.28757392330825,1.04028889009967,107.045101657488,1
5.51188590447393,-3.52190983473933,-2.19506658890423,0.843587653276065,-0.846438232991495,248.432733654404,1
0.56796330815895,-2.98729477927549,0.558164843509457,1.23985253598963,0.37950617854706,538.358234095269,1
2.68787710731089,0.375763312295614,-1.94079403106041,-5.64053583281644,-1.30083956517177,159.125839184409,1
-3.87606854024598,0.612228002883529,2.01785094852094,3.23155856618984,-3.23642267790398,419.263381984425,1
0.206628962340293,-6.45332122655244,-0.204577044791518,-1.2852120101718,3.34661911947041,262.024860834548,1
-0.550467165295597,-6.42665073115133,2.39783074088084,1.2356771135568,-0.844786900272378,901.135556775321,1
-3.6064763171116,-1.4936564613603,-4.05637740725967,3.36632304776431,0.276869288375434,277.801084903647,1
2.7597882415884,-3.5765762017431,-5.72779735165344,2.42278759749228,-2.10276612120348,272.517157667403,1
1.0041118441995,3.58885325691653,-1.08112162691756,-2.32878629899386,-0.485485262378432,51.7239557278839,1
1.14581513308847,1.31683907363763,2.75120966754018,-5.82923152872865,-1.26068121788011,172.406692564341,1
-3.19804738429153,4.11555847634253,1.96969098008353,2.14613890642538,-2.05671425338997,251.09812745203,1
3.185081715527,1.08617656496005,-0.0987395539777899,3.29740802722742,0.320385638577356,159.6696315984,1
3.61343756300161,4.82161158489306,-2.23533955264058,1.14306458173893,1.1969003992498,303.094272198993,1
2.45281341784317,-0.0480332195764204,3.5755353016073,1.30994103326581,4.74180281737823,409.553336280908,1
2.06398337701965,-2.72088585880551,-0.321522916584021,4.01317670488159,4.95478841782771,207.069070617984,1
-0.960686616557767,-3.6749577531983,-1.66788054898928,-1.29098541407988,2.37402072581793,318.269936554298,1
-5.6215600807211,-0.209749655026817,3.75030503988343,-2.5679575512981,2.76807631918968,546.793628083775,1
-2.54741205357838,-3.35311267181773,-0.543862282609606,-2.33835901660983,-5.60060118840067,149.335616122878,1
1.96549163796545,5.63522086929357,-3.3014672867312,0.55064380125587,-1.68542164967555,185.090305789519,1
-1.05058196399966,-1.96392186063747,-2.51659408973248,4.02255340638205,-1.48879817253467,156.026465260822,0
-2.69259970635885,5.10599037620324,4.25689713514766,2.65904434844439,-1.78121497932643,102.295673375607,1
1.56760493116833,-0.0398625394401509,-0.661092290516776,-0.0561640681970868,-2.35423055031541,150.601458253867,1
3.85891001522597,-0.334779045509898,1.16558684088419,-6.40497407705718,1.70274192634918,217.780491091864,1
-3.6051673515549,-3.26679924696149,-1.68673568376107,0.980402237983297,3.85826333337528,65.6445669305465,1
2.48695319591227,-4.08286194263042,5.25741246278465,-0.20650658317457,-2.69039348480728,180.342501718534,1
2.27764066593525,-5.4176685141478,4.51229837505737,-0.297614924955495,-0.111243268629357,541.362976665549,1
3.85060721513731,5.93937395227178,-2.51165530068409,0.904422596804805,0.565009294757784,205.836306072234,1
1.92558671033091,0.688674436667496,-0.167959022060418,1.09589558244018,-6.85839481745349,340.34817810439,1
-1.10702041989458,-3.59247686966545,-6.18403854473904,2.72747043292012,0.903593478907862,266.287718060711,1
-1.93770157065491,-1.10905082200878,-4.02587467350759,1.11473159254918,-0.235675521718538,426.816702083775,1
-2.67100944187892,-2.31638646674965,-1.57341709382995,0.556702643423149,-6.17994338055928,391.499917131036,0
5.31643980851135,-0.856096329388072,-1.30864177542882,0.355019177566835,2.04242318269453,230.679954412527,0
-0.342824411650958,-2.81063918210789,3.41527381939583,1.96647986333944,-5.5191052684497,80.387548731163,1
5.46953882685037,-0.900888074094776,2.30823112455392,1.31877023094611,-1.61134913740029,386.676568011563,1
-0.507217441294108,2.89358777438755,-7.23851842237342,1.44574969489161,-0.823433372813387,192.706299819892,1
-0.422534693841894,0.335933083107367,-0.539282683738986,-3.44911169891061,1.6171620641175,283.404329053853,1
0.582341786094409,1.94698593199377,-3.39045974654069,-5.67105949684592,-0.857820368413541,61.649472799778,1
-6.29316094179785,1.99108802800543,-1.78409398072438,2.16924169605966,2.46916142184612,274.941986209172,1
5.8086486203,-2.89414779302015,2.46824626490135,-0.585788757520514,-1.91221336055011,598.988016634116,1
-0.831226016090916,3.40111312287142,3.19891017805663,-4.2020848383435,3.77136439359583,597.195631032135,0
-1.67050183774222,-0.905691102822046,-2.79139886418618,5.4891358855818,-0.444481621312386,218.350142907058,1
1.53387450233689,-1.62353457529787,2.32851299166876,1.51241078693477,4.63471649479911,163.028839688069,1
-0.366746994696718,-0.207209692041794,2.19361147206192,7.13887225338814,-2.06454658043602,326.589769390041,1
-0.642232440448426,-5.91137805455693,4.77182019838501,-1.16995452737812,1.18525486939983,679.324252220646,1
-4.0779188122975,4.80145655171168,1.13809715922472,-2.33357095074106,0.313359960126896,68.8080062396135,1
-1.46708169421718,-1.61978885282483,-2.00655321291503,6.58838972890774,1.08810018001992,262.145093154951,1
-1.74576237407412,-2.85854435158651,-3.39140240216392,-2.21261667507335,2.69416557791122,426.194357962361,1
-2.25323464236585,2.92086922758697,-4.30205573916963,2.67768036612487,1.48659008312091,125.710955450303,1
-2.81520190108463,-2.86368283116515,3.5956379996275,-3.25827610429628,-2.6563914857121,74.3209918591831,1
-5.16470615131963,-0.448525553868703,2.40831462395555,0.802039609366478,-2.73041488076433,219.324307685999,1
-3.71340069678364,-0.611655520118331,3.17408331723375,1.7994609019841,0.800372525606864,454.507289551913,1
0.428146447620389,0.555247506820367,2.51762482960413,-5.45919328370388,0.423935161863568,446.403064768457,1
-2.89993544285524,0.83276649111756,-2.50026063004761,1.03824544075835,-4.97734128120166,194.574916286111,1
-1.92523931327093,3.29508066549236,5.68254863619976,2.78678730567099,2.77566710533645,528.987842127584,1
5.33863977033043,2.93691849043069,0.0353134366172703,1.33946656253821,4.5854970058806,167.265237495451,1
-2.82391993710959,3.21469137923528,0.431015859272657,-1.29588730290792,-0.0508482745457131,140.490540196882,1
5.11958396970171,0.541757346446934,-4.50506008698927,0.643807787825619,0.74990058915229,157.836416424439,1
0.549492398713281,1.57020838770237,0.454837614342218,7.37924403836148,-1.09290523102248,261.608525058992,1
-1.79564177156716,2.63369584425578,4.5581200646272,-3.4514782704922,-3.28155995549712,320.909642691147,1
-6.17678949604077,-0.960398021847247,-0.794872780085556,2.43875888160426,-2.13394889997293,249.615599337752,1
-2.67518415929354,0.128708121538529,-2.84859296028761,-3.41041445550934,-4.68016720861414,78.9064910262204,1
-0.826141297487881,6.20941008316568,2.74330490200618,-0.841204917877422,3.69209367797529,299.726764422473,1
-3.97482209427428,-2.75986448788081,3.44222328181417,-4.75494653899414,-0.463763369739001,456.41652209731,1
-1.8347705992619,2.35552201481029,3.70713814574325,-5.24327545591728,0.985756096163885,373.740514828832,1
-5.16629290324245,-2.58612614177759,2.59600692009423,-1.61055077324317,-2.59949000786715,414.158265758418,1
-0.939920989613451,1.85673629047275,3.76551937101921,-1.34361240474057,3.89109576184904,330.997497620229,1
0.341536124907363,4.84962208935481,-5.71161799763485,-0.937093871552108,-2.00294036324977,96.2192059718744,1
-4.08968602344748,-4.4377638809648,1.4904494040649,-0.821923175714647,0.491982030166888,120.349287028459,1
-0.999389054127032,0.282033166865247,0.23179870425836,-4.47726794755793,3.36555815530345,260.216233690977,1
-4.44030944579077,-2.03309647137841,-2.03318836179455,-3.39961070900928,-3.51513191157917,126.480934000116,1
6.18512255622723,-0.362555598358716,-0.892295744470287,1.57725063255852,1.65191686044395,217.647046955764,1
-0.11403927419526,-3.10416239537824,2.16672927217164,-2.38201990404815,4.72383362644847,237.329499862319,1
3.48991694091255,3.2744433994197,-3.77886036229029,0.657425042432259,0.14729986787834,175.925032212845,1
0.34028938192923,-0.849804192924236,-4.36338800425519,3.08991282960103,-0.144119422330981,273.270859792001,1
-4.04906337500164,4.69489821211694,-0.548433576546662,-0.841431855450321,4.01271741283454,426.647363731364,1
-2.92255747547977,4.18463810451757,-4.34152649116701,-0.436134893212902,-0.690973320068811,191.256998476455,1
1.79037105112452,0.920103893670264,3.44484239113035,-0.300602078118046,-6.51035064287512,513.413207150347,1
-1.08287204754837,1.0211081873855,6.83510205668963,-0.803544281595373,3.38054581667639,367.203037242534,1
-0.553935638579738,-4.26671430068975,2.95848395379654,-2.07902131569202,-0.968505952382672,248.888912471492,1
-3.02273914886718,-0.483058078370828,3.77333049002315,3.02936979296828,4.24460056688466,572.667982988069,1
-1.92535370435885,-3.57795719334784,0.211163053611552,-1.32127701332019,5.54528311445011,147.531613936701,1
-2.97112589130341,-2.53423954846835,-0.492129644878184,3.12455202082228,5.56947229075931,54.8456069963115,1
3.15752124733646,3.42535500092053,2.2042500100374,1.5596638936647,4.80519200772239,293.091619363098,1
5.51556913065832,-1.05318373220059,0.175606296791477,1.03212899650029,-0.16443652214588,259.016609935407,1
1.40150245424742,-4.6809555636608,0.159018085669457,-1.72864685622049,-5.22468650477388,434.156872830937,1
6.64325876943381,-1.31960269730025,-3.46316368426081,-1.81078254907225,-0.169018443914692,293.528643866442,1
-0.0283450672463461,1.47282926593056,1.67607058114511,-1.99987047568698,4.65521890226947,266.439489712935,0
-2.9609160986392,-0.715698889321077,-3.73170826237201,0.385146990136384,5.98424484837297,120.197900610451,1
2.44734595266559,1.04993453909816,-1.47221544095468,-1.38510832191705,2.14744821678973,397.89882776956,1
-3.65346119912822,0.981360202236735,2.11832644424251,0.911233540681374,-5.22159057989897,164.307094279241,1
4.65351637064929,2.20882702001399,1.66396005014408,0.246087735956254,1.85872843013947,233.602431233334,1
-1.46182532881791,5.86099732919752,-1.28292626331736,2.68938753976911,-3.77205300161975,312.66015729744,1
1.04520946505192,4.66944961721123,-2.42503508036826,-2.08841880908071,-5.28404102756422,84.8706440800254,1
0.769497705724504,2.24748747730745,-1.21691741863947,6.58134969037548,-0.270600626043052,354.096457241967,1
-4.11949554771272,1.81657826710224,-2.07142141648787,-0.359239924159724,-6.1407706950976,66.3268281933806,0
-0.805341287611917,-1.23477467332569,4.18154734564529,-2.54603036377061,-2.59902632362663,759.160521035103,0
1.50917111980253,4.00006779528541,3.73391812458146,2.4143152105967,4.92503645461765,316.947366352076,1
-1.63661885077007,-2.48040474405422,-1.65972137343246,-2.89486044551632,-2.42510448554741,336.719676983921,1
-3.50908770553282,3.86424171214593,-4.08468356292336,0.0553036352533173,-1.00041614166118,291.516737014131,1
-1.12647331158807,-0.481034731048065,2.4928622316318,2.63525704048767,4.08080559867603,359.018589973291,1
-0.461419633618169,-4.55847469134509,2.21188913209049,2.00650279992617,-3.74387491496976,742.667232736085,1
-2.42057242138847,2.68961613203129,3.0715695416311,2.32275035552547,0.72353312899503,486.698057158343,1
0.954605455731698,4.43701037736556,2.08889375777644,0.96090567551876,-5.79932656916394,854.689102722276,1
-1.79561686059984,-1.15715169950059,0.621370201798836,6.48677840401928,-4.05998936919543,346.177486972973,0
2.72100099206504,-2.50309128100297,1.19936125883796,-0.556061299162109,-0.0845532805855984,417.994542519154,1
4.38674861366099,1.25902786634188,1.7561307393993,-0.555408914976004,-0.0319443738342686,251.064222464,1
1.76173030214149,2.16871068953744,-1.52667603112643,0.494903886668383,2.17915990177014,185.948649801151,0
3.09644385234542,2.46403292002272,1.74138808829182,-1.25821651586912,5.64864903118517,238.351269170481,1
6.32335285189946,0.321816153170112,-1.59757057132412,0.95499908580103,-2.70221403577516,125.098670777709,1
4.57980853180723,-2.8285751759284,-2.89595032682077,-3.69791643747034,0.639096489298682,43.3266415335078,1
2.57755847944966,0.864756332137065,1.43503075207887,1.25045972662408,-3.72301378980603,110.449597104049,1
0.407940046151156,-4.15564521940589,-1.94921740568239,-2.75334239738382,0.47106671280403,201.660335744869,1
-2.32177271383758,2.3179325225881,2.24538490612394,4.34053124228849,-3.93711455924812,609.510837411954,1
0.498261328692515,1.61155939197657,-4.03375399639544,2.90531222894845,4.76766824336791,65.7650539010374,1
-2.88942304387427,-4.41518000435423,-3.78149225063788,-1.57993227993718,2.52108363619494,361.457280217562,1
-0.807357376194483,-3.83910793819464,1.34231778934716,-1.4675749695853,-2.52366948716046,133.95967787375,1
0.128986705208062,-4.03983250518027,0.593028120880696,1.82447804096842,-0.641723376020065,291.424079628707,1
5.369768659528,0.0428041006326107,-1.3070386322023,-3.89110616561636,1.74592688859162,167.558375239167,1
4.81461612732568,1.42880853695657,2.29425743329287,0.77631289736523,5.19652158769394,344.810030608772,1
0.0066341388035557,-1.66939836669907,4.58174345956485,-2.87938541947779,3.51017583574906,110.156649555225,1
2.27696914171772,4.54859312563755,0.19593283956935,-3.48602069751878,-0.230521446459009,136.652505988824,1
1.11893086506297,-0.0300315062212495,2.55997363480531,4.19552874107397,4.0482559975521,292.356486579343,1
-3.72604815739656,5.50076901636489,2.44998859912337,-0.727562450131447,-0.0143999938181354,316.925551714394,1
0.286780723857504,-4.78262855310787,-2.75249302653116,1.41057812318076,4.45979576997027,122.572910891996,1
1.13208341544818,-2.43680371509711,-0.0269786429071791,-4.25887935498378,-1.25419986627166,264.199299028582,0
-4.98331532517926,4.63502337100523,1.53164802190371,1.9843651258715,0.0383704453816909,212.552577772464,1
0.60784437114998,-4.5361723679506,-5.08707876328723,-3.34393318532257,-0.196328554410072,333.883929531627,1
5.0752708995716,2.41717278734559,-0.0294963237055318,3.7042990278562,-0.714170141734673,241.730219771903,1
-0.789476254611631,3.25554975132189,-3.86206353506192,-0.903575679575595,-1.95867985353437,145.436281661111,1
-0.35652537109616,-0.452735667092543,2.05086336892713,-0.613054770327038,2.67208938637387,372.859219063039,1
0.308838125630441,-4.44541111107554,-4.76270199254861,3.90524834161551,1.46300703178965,439.985039786258,1
4.43904337937849,-1.4306778102299,2.03441568848063,1.00655816909584,3.54690517873208,661.049067797382,1
4.06475207670152,2.26735641342153,-5.61294325175593,1.49704036191441,0.289833659982019,8.87147316325243,1
2.14478598891915,0.0733172053383803,-4.50143425078871,1.18869182385833,3.00788440073319,89.3992840898139,1
-0.0736014400484287,1.88783195031794,6.25710877833151,0.401111803019368,4.12875474807689,384.717167626277,1
0.556067266024596,6.56672539373058,0.490064049679387,-2.52288451378331,-1.09330467937805,343.937947517797,1
3.72531518412296,-4.34285359355243,1.51329545104812,-1.15906955009644,4.91111745979742,352.765085552817,1
-0.737829885688875,6.1213107567578,3.44073763713181,-2.23246804083415,-2.4683515204208,281.271981010131,1
2.71647790371717,1.74382557981441,7.0639256198629,-0.805907166893214,1.0084131615017,576.658457432107,1
-1.29922425816257,-3.46511794377917,-1.29631396257915,1.26085266171523,3.35234166760122,411.567280602281,1
-1.92785613566883,0.390779234507105,3.33988018178801,5.18741727229083,3.33061474055277,258.003685500418,1
4.56433858062076,-2.30669949255268,2.17219870038162,4.01904712011657,-2.16552241154294,617.114470938206,1
4.40651591359843,2.91241653893024,-3.97872959561538,-0.0917063457625736,3.54459760765794,168.339422961373,0
3.33818780327829,-4.3520635903204,-1.78335417418388,-3.66080971004075,-1.20375348928126,24.082708462074,1
2.36100373886143,-1.1523522797734,4.0697388384765,1.50806048577161,-5.46667631841625,262.610489233741,1
0.0558436028217026,4.65072984569469,2.88949554290782,-3.15490619461799,-4.39097923695341,235.549676348068,0
5.25916346875601,4.33904912302284,1.02877543540111,-0.959275341239971,-3.36239098200628,328.560584986527,1
-0.355157032886321,1.12132160791986,-0.951798487658204,-0.543439177646034,2.51865348950253,119.725377403792,1
1.90363582299262,0.64006877443581,2.85266675299918,0.609705400995829,5.5933961828018,424.888352695587,1
1.94642890666094,3.47242990641846,4.55205971287579,0.60299541937646,1.18279964215044,312.727716289807,1
-0.664603897831536,2.85549018207084,0.0131466104101761,5.54852331359327,1.28700027297298,360.117880507806,1
-0.825086180178631,2.81370313439391,-1.35563230425035,4.13669878576201,5.13569374289965,142.972365370628,1
-4.48845222688555,2.9826593262409,1.54132364846317,2.19117316463934,-1.59513689862737,526.826932305076,1
2.36955594071037,1.13537408431285,-2.57786099825821,2.90232775827699,3.12166439684851,422.42883539682,1
-6.07455270767799,-0.754292497586995,-1.31922795250297,-3.7813994980541,3.04879900021096,231.238124975348,1
-1.34147854253479,0.967557585560528,-4.49430509496102,1.93679929643921,-3.81778145035144,253.238513615443,1
-0.789838332809199,1.13148351399794,-0.483426075652374,0.727593920190954,2.31881834543631,119.255094146379,1
-0.0287006355403469,-2.52639113561704,-0.241803874602899,4.67699673720306,3.46268055554877,257.441319350817,1
-3.15720787736107,-1.69802297011118,2.28425877544765,-1.71514675657825,3.62333483645318,169.961611203555,1
-0.320150418720408,-4.93628328718441,-2.17879750402852,2.00408220913315,-4.66786293034975,623.80895552734,1
6.25809041313595,2.09995474204052,2.40153255863788,-0.462552963620803,-0.958471435050995,323.855905770343,1
-0.0955298960353518,-1.54685924157697,2.19855084856804,-2.87558381608834,4.94803796901321,135.259521438966,1
-0.52252875151885,-2.90964618147913,-3.79536750074172,-4.60690212998596,2.14002180713941,477.418542280402,1
0.939337525705791,-3.21752951563378,-1.55960941015008,-3.25119678459491,3.94196432567681,142.474899814165,1
3.20369161676694,-0.434930834999826,4.34980704444623,-2.63283179872524,-0.490769161805901,598.085731048658,1
-5.54143817227849,3.32741053508283,0.528380447330771,-1.08024669570318,-2.41705013387982,261.34346198319,1
0.530050195256229,1.22327520155715,2.66040150740957,-1.79176074708334,4.79903755895609,300.909182598434,1
4.91485429080592,-3.93363618448757,1.23465405915143,0.79462203547587,-1.04058738250006,92.9243610511643,1
-0.176555314494673,-4.9614215827893,-2.22115263045927,1.2893801995563,-0.830101101268262,23.1109714566359,0
2.02947467010253,-2.6069343911546,-5.99765706075134,-0.236314237545226,-2.583597447073,324.998721040487,1
-3.08080752196233,3.32070548630504,-2.3041386693443,2.52732041564683,-5.61622329796938,152.439228230166,1
-4.48098874186371,3.53993867586591,-0.26441848889206,-1.95868872527145,-2.8010230568127,344.900524941334,0
2.87879821859707,-1.8051493360452,0.751811166934589,0.672171412570291,-6.0478446630136,326.751015626879,0
-1.50088662121105,-5.38550443838482,-3.53494760116991,1.7339437304868,-1.83166904606955,333.900375349832,1
-4.87896195358934,-1.61775761969284,-3.11567862523189,1.38885481763395,4.24026557202867,225.105378969512,1
2.36644678178215,-2.67823490972061,-1.44748570786725,3.68517086156051,5.294051379514,479.944446371202,1
-1.51936763675487,1.11531981612972,-6.16190472619157,-2.62084317261092,-0.958233431732829,231.003732475379,1
1.38283766670711,-2.31105245110835,1.6114036848957,1.25263625496703,-6.48194861626715,351.018141055908,1
0.980768943860118,0.28602344522487,-0.99879995379551,4.09388342113712,-6.38933608176257,158.105380449581,1
-1.69195872786865,-5.0434840709117,1.1162662662967,1.58302951658353,0.729266676129332,567.206251339904,1
-0.723722482651511,-3.84770998465013,-4.83132970111116,0.588477656656056,4.36871172522331,82.2954638120994,1
-0.817960416337705,2.14789342305087,1.01977740173971,-2.07372485626718,-0.599953488554799,134.512900001532,1
-4.25362164401779,0.233950046175394,3.47383381558124,0.0063008227982138,5.38700026488519,210.857729282461,1
1.81464147690445,-1.3895506488836,-0.261479397807313,-3.15828587244277,-2.09712274850839,143.091265558278,1
0.770036964286522,-2.98296490943572,1.22364816409946,-6.35948845010399,1.88289326226669,512.934885286121,1
2.74140305982329,1.12490680319354,6.15497030392336,3.73907625632214,0.5697135149467,186.18935353665,0
1.94838261327145,-1.98026138211189,-3.97450957047572,3.54017739572876,0.72955169419008,276.784118714169,1
1.28585577300213,0.808025147671228,-3.37581203258137,1.64288115256336,2.81637373781389,67.0045306911074,1
-1.04987377350567,3.54401494023429,-0.358130111189112,-6.4357596285146,-1.359102378866,111.973628358394,1
0.0462802376346725,-0.713489858048422,4.7575362302695,1.70803061053747,5.22783612707827,524.111052597578,1
-3.29642321400392,2.52192327973519,-0.413237803012696,5.52067274967629,2.39449707427278,268.424204367246,1
1.01138310612403,-2.43697029727234,3.73259355614793,-0.885921566742313,5.49058445597103,388.073403308605,1
2.41758889746836,-2.79966142718516,0.0065450454488449,-2.90413320663903,6.02821666175658,345.112553890889,1
3.52233219532068,-4.46854610599446,5.37912880138698,0.892278230761191,-1.00428672770298,368.100157385291,1
-1.76042765635267,3.50427516268104,-2.42052922288403,-5.5848709421825,2.03185094495858,78.0538892815727,1
2.96502395963783,-1.0415756304089,-1.02347400632551,3.89411152198687,4.10772854499457,231.809484363618,1
-4.84351180537208,-0.0593394369543438,-2.73016503505346,-1.76542337497741,3.86648938588379,482.128909332955,1
-3.64329067246301,-1.0053653534949,-4.82989145056978,-1.13167924961815,-1.29336870599714,238.505217474831,1
4.21406216382379,-4.0495730138686,-1.56945393220731,-0.945678786871686,-1.97669636830779,247.655485150282,1
1.03680224156058,-5.24849690884735,1.33934290713602,3.47099076054083,2.9935743290598,740.474824922557,1
1.68850084008561,4.69224552720285,-5.06606765991063,3.05456118803358,1.32117610982474,332.621299160155,0
-0.26281767962683,-5.31627363382891,1.61708833049803,-0.50857444471607,-1.25159554465661,461.748438399127,1
-1.75796879273162,-5.77268087512551,0.803093118107291,2.65800994351579,1.26630690253671,533.815686087887,1
-0.266258375998309,-1.64616013566665,-4.37000823292932,-4.39299390307346,1.68545118511714,255.833904155367,1
2.29004117826893,-0.0414874116626745,-0.844220141771652,4.12335867394249,1.51975843645401,128.520793531247,1
2.79229506889998,0.970815419526978,4.55334478278874,2.73981997088912,-2.16539056158382,314.376787615217,1
-3.45563248418945,-1.85079783730694,-2.80820696615258,3.47296207684208,5.00515953372749,318.950424640591,1
4.47089321279761,3.6970960354933,-2.62550353751333,-1.363241875416,-3.25093479997145,219.521226872878,1
4.10138349807531,0.0161865290983023,-2.52720997072332,5.08094199709855,1.15684402693714,199.533829646256,1
-0.0125779240938079,3.01788589260075,2.61209189200326,1.2713412627274,-5.63211977327492,655.196885906947,0
2.90075646569906,-2.80261985034315,3.88610865334665,0.405958261318473,3.33183274295975,474.144954171962,1
3.9343888655521,3.25480399397444,3.73595478972543,-1.64799645206743,2.00490358105251,102.007843016765,1
0.362892195252322,2.80921421915416,-2.19036938500373,1.2248603797343,2.00392586037423,191.932419005227,1
3.65536866908389,-3.55637102756885,1.13378288064124,1.74576707472053,-2.88650758076939,531.776315610447,1
-5.29066502675053,-1.33606599218189,-2.41716390883349,-1.0423725194442,-4.38631784206467,328.894009334208,0
-1.33232706681234,-1.19226664117358,-5.30716873257957,-1.82404052106021,-2.02950364381596,211.459889058195,0
0.78119590296833,-1.05627714707259,5.25093102655143,-3.74478737432725,1.42688892235958,76.0134725156012,1
1.81834945946132,3.04947227354352,3.8618694065021,-1.09322828920478,-3.10610453368934,265.85942537505,1
-1.5611343173832,3.5784628152153,4.77052022645871,-1.11850092028535,-1.24747657987631,350.723812303398,1
-2.4375924640559,5.03364844212503,-2.23576065687435,-3.24306923423168,1.19101182432887,223.244644643964,1
-1.42182095359899,4.45916589320325,-0.501350979982038,-2.47301497527111,2.96160357110767,110.210340547876,1
-3.75224587961722,5.24037074308121,1.88131307664044,0.700874880342987,2.58827094731714,344.969386545082,1
5.18889189746083,0.508093202507511,1.014845303511,2.13947533248475,5.47606055944515,342.66838859466,1
4.13267962959659,1.67442146348466,2.55869074660594,-4.60363449725668,1.63083017171125,424.394313533381,1
-1.26117827469476,-4.26202981163056,-3.56762698791236,-1.65071186946139,-3.0713222943574,447.488919870932,1
-3.10315374287318,1.20045450133262,4.530939031377,1.58389118036207,-3.77660009120345,140.429623673559,1
-1.41242221519826,-4.02061639038796,4.29683284393144,-4.06605173107456,2.83879427135849,466.509650005873,1
3.48258292880862,0.0601518855352111,-0.16595160159998,1.85652492431849,5.23000206280943,361.082399447987,1
-2.69664539121449,1.42478590319604,-4.63355952310005,-4.69639126526912,-1.0032921698435,113.673971024396,1
0.167692681921003,3.5040417564201,-0.80307204433636,4.83381814920393,3.80919032565407,176.358264409571,1
-2.38278521296194,0.030895427917669,4.34531330932938,-5.16792935684652,3.24889773782303,183.324508171454,1
4.10248382279607,1.16920750445623,-3.83628894215624,-0.165556084507603,-0.916148900269844,318.073500110226,1
0.254180254566128,1.29722858926395,-3.44632502352925,3.08821531728147,4.63040290081217,291.466452993866,1
4.45047303136177,-1.37655273620855,-1.63728875149368,3.21952039761426,-1.04618466995884,73.4277721961669,1
-0.569887061942272,-0.901325519134232,1.34197745727293,1.84521589996936,-3.19385580473077,447.758627220336,1
-2.37805440696899,1.66169250085385,-2.38174653273778,5.85057011963855,3.04905203602488,30.3246953347821,1
2.65278944313296,-0.509550357289419,3.13352433112142,-1.13702635531551,-5.5200601466765,547.751777938736,1
1.51300576825394,2.27268020739531,-0.412568975022718,-2.43319185572678,-5.54596726800315,35.8175252169684,1
1.25802350039141,-1.52937199172802,1.93474913586482,0.929297010110315,-4.1952072550242,367.369849987277,0
3.72493817359803,5.43010405751328,2.98547567523675,-1.66432416832519,-2.2472694999006,241.979690255696,1
0.980343159518079,-0.325751109138683,-6.71533846555449,-2.94983547666684,2.00730376516442,309.244902892795,1
2.14259033603029,4.10717249387956,-2.96224380118292,-4.36754639246899,2.30244070642565,164.181099187452,1
-6.44603354095461,1.53033088492284,0.818704293751995,1.69941101021977,-1.77660735130966,454.108887066621,1
0.925048359515528,0.270440804408924,0.600992435327437,6.90603871579255,-3.62271603776492,468.770243981732,1
5.03185526250581,2.76916219403771,-3.43594264211959,0.245092261718126,0.034582117046245,172.645983972228,1
-3.11908806802094,-1.97919067746598,-2.17790890193509,0.191370647021397,-3.54248633397065,174.339013182219,1
-1.42354179219336,-1.59977681232678,-4.87016086012063,3.47396121726514,-4.70182862718184,281.5262232012,1
-3.11650260139032,-4.12429836629207,5.2347043037986,1.17453878413128,-0.265691636790222,652.8370661576,1
-1.2740865686194,6.45454248906152,0.765102164993713,2.38956705311621,-2.14076274370597,214.963768346915,1
-3.93939853611604,4.96153368955263,-0.120527502062558,0.342869607359729,-1.10337588180583,224.028303405766,1
-1.95940698165845,-0.617352692582234,2.18951196896698,-1.84223689622277,1.11511102173176,190.24851257448,1
-4.33762233133009,-4.40064588768434,-2.31266363409916,3.19482868988276,-2.41633724479226,271.60490244238,1
-1.88514496924073,5.88570586734484,0.692922386193429,-1.16654752634162,4.58935086093964,553.789935591666,1
-6.25535697910966,1.15629730599405,-3.98222247632552,1.85567514822703,-0.901976953880497,55.7449168325647,1
-6.33706205432424,0.172441083288673,-0.781356994471915,2.04756462324954,4.04306000581303,418.715808764332,0
-5.90484432727615,-3.46324705711318,-0.700094997893629,1.23627263929833,2.68884295140083,233.095949111402,1
-1.28176156842812,-0.0733825245747314,-4.18735825661987,3.77034127448734,3.78482560105844,386.912045230911,0
2.15332852412144,1.19414927782322,-4.1505658822446,4.10932538495487,-2.95724700520445,315.964895655995,1
4.84214401456747,-2.72085000758932,-4.4728078409396,-2.06885083700448,1.3155241309435,141.809460101766,1
-2.52879984462159,4.33849516500348,0.795632671560597,4.16521809838736,1.74684902752613,134.510618085844,0
-3.10199919998618,2.85404680794721,-4.59609436842987,-3.21533215997327,-3.08579242694583,56.3455208473817,1
1.95241190186145,4.41437311146863,3.69636877848463,-2.495129626837,0.249196731859794,233.298361238865,1
6.12885591310541,-2.07566175939208,3.80029654791232,1.78179427402537,0.856267584877701,233.159082971031,1
2.65462821442101,-4.76702056414573,-0.329413878981924,-0.860324589436314,-0.73700271096112,313.774635049084,1
4.807237487682,-2.96479066445166,-1.65786432404722,2.97968635015036,0.555497612223223,206.401162326087,1
-0.863176441542452,-4.52037772578141,-4.28601145192632,0.346921543407632,0.135875754589025,451.751166628749,1
-0.456006627539173,4.8900087792076,6.22486929637754,0.328719361417569,0.902197458128796,525.112917781018,1
-2.89789156771346,0.574738513897805,-2.10283595413358,1.55434341472566,-2.34930766275743,308.635446943488,1
3.41368670033939,2.00635665738337,-5.0913678920496,1.37558495579974,-0.779736979656423,189.443534821487,1
5.72841993031032,-3.3530039844718,2.35994030058831,3.39995456004306,0.327520970184792,143.726187616556,1
-0.420350633980133,-3.01443934475441,-0.593965610789618,-1.94711894133779,4.86417767015084,389.642547233401,1
0.710580714298998,-1.59842520794062,-2.61514444433117,3.02739577287888,-2.60028597842757,258.02811285426,1
0.183284019724169,2.0813399579321,-5.95894671795763,3.09648424604401,-1.41928043777273,161.044256141241,1
-1.04545171666398,-3.77072416463705,1.72323376520019,0.361643688753267,3.35051655922858,590.07680822716,1
2.99871540852322,0.61785944060003,1.5115713701778,0.652024551115851,-5.38810534998146,297.378468373628,1
0.73542497197555,0.534236833498063,3.54759704732788,0.932905186872376,3.02277677916525,618.092443612595,1
0.547999351000687,-4.20909034039551,-5.31469907368443,0.877574964663232,-1.10491492879419,213.36383953057,1
2.72727855138054,-2.27367117253169,3.34571617951822,1.94879545192684,4.0340962626389,555.15060413845,1
4.75611350391995,-0.436792201948803,1.89888032473615,3.85613656112446,-3.73886728672912,347.897806895857,1
-2.43591378050155,-1.47082707771541,5.11347381698938,5.27111311800711,-1.00736238465946,329.140706640368,1
4.68514302244959,2.34575932825919,-5.17733107902886,-1.7227468238387,0.761962672739963,188.118023060479,1
-1.31737528485764,-2.18632030191649,5.96561654544884,4.60145453053387,0.174115840436698,222.750053501626,0
-4.60422880848075,5.10814716970434,-1.50368580237079,0.304646510620159,-1.85021760935531,101.547725554049,1
-3.77280437729871,-1.61924295271184,-3.47637907059746,2.30764592896422,-3.31155337388685,123.987500345975,1
-0.145312669979798,-5.23543406808819,-5.07183224797891,-0.203429538105608,-0.0813711936768631,138.700815813989,1
0.121154184359022,3.47237037100491,-3.82687850967324,-3.32541238067458,4.15252289347181,163.962718597041,1
-4.98796503352419,3.11823387427921,2.04705047989314,4.18615779033867,1.64106260870662,526.153905533147,1
-3.77270111908895,-4.62486741154929,0.9639358347647,4.41166610253107,-1.22255387762355,166.331919866322,1
1.83395461059196,1.45845198182825,1.7603262883606,1.69364333011242,-1.978723879194,276.415408960649,1
3.9618890941479,-2.5627130262743,1.13893372494841,2.82124627022416,4.22605777416827,192.438585765469,1
1.16247177228271,-2.59349763720619,-0.444497845631347,-6.14078962163435,2.11765292236568,286.441874394017,1
3.90871497326832,1.41394118820142,-6.07165324376968,2.18093339560125,-0.16917149616546,186.576824868525,1
-2.07650376103704,-2.47258609661846,0.0579359543647167,-1.67355299630389,-3.81001406726305,369.57736646481,1
-0.425928950463817,1.03309937230426,1.81073450139418,-1.62965507846338,-3.07778427058921,303.304339242328,1
-3.83679562585951,-0.261863677054909,-1.17178567929498,-0.460607852179723,-1.98079349983295,393.231307031005,1
1.39219902516318,-6.38167141062239,2.18865417028737,-0.0263628529642435,3.23741994452673,328.089112426197,1
3.88343420045103,0.819583734875742,-4.16027818132342,3.33804074488678,-1.28647810131547,274.428233103216,1
-0.965231787584519,-3.39270721305043,-2.06365810557644,0.115113698367879,1.98861389510161,182.2259090549,1
-3.48208704382627,-0.72986360924598,-0.863310646847537,-2.55416036163113,5.32146267399491,394.023814119622,1
-0.889811197585651,2.52336344308767,2.10117429433435,1.46046998974161,6.23940281215326,27.8005171550472,1
-0.479501978484552,3.98999395566294,0.60814492520822,-4.44731082937073,-2.38212283771561,444.261169962127,1
1.47413020852922,5.44408048099629,-0.192507183012231,-0.0215175433462398,-1.86975421733565,327.215951040927,1
-1.25070219380487,-3.49155379609122,3.30564477269514,5.2263965645301,1.85501621071573,857.940701861996,0
-0.0917320126392679,-3.76866871001872,2.58755180524637,2.796966102722,2.96531877180624,249.974699811115,1
-4.08788700408336,-0.0652176480277538,-5.20696746209739,-2.39016095058118,0.364502895967392,275.219566413569,1
-0.324461375184478,-2.02154621226229,-3.04659687394413,4.11845642137297,0.207644175894503,391.65012570383,1
2.66430162858847,-1.91499801408639,-2.70524386655945,-4.15515851137312,3.97469442340485,382.07385521933,1
0.286106561078947,-3.50788480972258,-2.03458970631977,3.61655136778631,-3.66619684369531,135.992350317418,1
-0.916604336188569,-3.09350080558117,5.46141989540637,-1.11543771130802,-3.54215325130873,524.151035757308,1
0.619644809921522,5.34430456837211,-2.96900998374621,1.69236758463359,-1.94820571690771,223.105175921015,1
2.27746858873442,0.78523220127775,-0.801144087230958,3.9109978850588,-4.95481231009211,179.019357287168,1
5.017194806073,-5.788310347183,1.64867733137895,-1.53661253146772,0.449073332545963,551.12546380577,1
-4.46504063714444,0.21444583515837,6.10907808693158,0.560302875680319,-1.70486219543648,207.645957875239,1
6.58103927988467,-0.0845021645482527,-3.14877972646943,1.19596196972844,2.37135447239899,234.091778887731,1
3.73673458323438,-0.95901715716992,0.256408521432428,5.8055573390593,-0.72972390277295,130.55424296341,1
3.55102522677282,3.27489731504769,1.81555889669735,3.98921187550505,-2.89224513927805,187.393294523301,1
1.50211253530726,1.08301153315661,-5.94311137698663,1.94024551989704,1.5253256910677,149.744382542017,1
4.44769643780371,0.119188442780654,-0.477330818805199,1.50102925447857,3.4933773082085,58.3019436498451,1
2.86736255152897,2.02226720095925,-1.70626498183412,0.315579723862091,0.219914605728341,232.301897056554,1
5.64911982842335,1.96473419558632,0.218933705218846,-0.696957893164487,-3.2104160483877,473.157579410759,1
0.429636522219071,4.74512999074231,-0.449920742762746,5.22025456404433,2.09409583018102,413.238601565068,1
2.8806613968773,-4.0561261708772,1.71390805074957,4.38854167269077,3.83012631521079,285.499660214457,1
2.37229387711792,4.00959164954297,-3.14952713811452,2.41529537767702,-4.48900029262523,287.348927117711,1
3.84387115024097,-2.60951327284753,-4.96211230961398,3.58096602421562,0.513556242987328,268.321307936091,1
2.28463371151339,2.66128727692754,-4.74903495624783,1.32480145251246,-1.06571406724311,313.964918354356,1
4.24655227823448,1.37487398185323,-1.20876754138078,2.10146907127318,3.1527597068408,144.459322596501,1
4.08975419416704,-4.26012648889354,-0.974291437846574,4.85018633124283,-1.07121925881537,167.517596260006,1
1.6939454830414,-3.54857016138445,5.45147476296371,0.126135144978553,-2.80912340439097,309.119883090353,1
3.02159312767572,1.01721119053148,-1.62406210984262,3.36988168357812,-0.578490932385886,137.578418243839,1
-5.03257331458897,1.46236043477184,-2.78929255500678,-0.781295032323128,1.82355786433101,241.163129354545,1
-0.531267124922593,-2.01779427478392,3.94743025306603,0.386021772492476,-3.97958455615897,231.497182167635,1
-2.52726521652105,-5.63284093670785,-2.41618262328092,1.31417898606944,1.73231617585405,357.549913289079,1
-1.46129619782182,-2.6997847178329,0.948662176598437,0.378921195067143,2.58927531489002,101.718259574385,1
-4.94264037783577,1.61286217432457,-1.42555115905103,2.59711008531371,-2.56823382004003,310.045080298501,1
-2.79003483629789,2.21915428834015,-1.94028754071982,-1.4548378129942,1.93526580549466,308.634487854187,1
0.291478304600472,-1.75748830616596,2.25476260782958,1.13439259694537,-3.74310201777121,283.232973347351,1
-2.49128640165701,1.73648279422418,-1.38980285976069,1.35409973500384,-5.22739234257092,327.097736778683,1
-0.112161505312399,1.97424795220887,-4.07982362486688,-4.85890737172562,-4.09708202585433,98.7943073349016,1
-0.304635814297493,-2.87447290535807,3.87966403691872,-5.6204522625881,-0.489637974994103,185.770067659367,1
0.292877929115723,-5.15432666683531,5.67713248764207,1.72791973277551,-0.112435593438929,554.408174794871,0
-4.0541851649136,-1.68957954445957,1.743097421928,-1.02741903017835,-4.97713891975597,405.696702586966,0
-2.37722566507165,-3.221571771699,1.30757663908552,4.18100460829606,-1.23700391893287,435.86190661042,1
-2.45753842361326,0.116552177884373,5.15368826045125,-3.0066099211679,-4.29274849315866,717.405699492632,1
-4.1137103981508,-1.12739742503387,-4.53857888437268,-0.0837825985659968,0.0772975723100105,125.90876466589,1
-0.990032224515959,4.50732672434556,-2.35736565126608,-3.92225905797047,-0.815236752268367,29.9208512047638,1
-3.53469131237014,-1.28862967177717,0.553483098468336,-5.66568459119496,1.15878284361165,406.746311661903,1
4.22560924788698,5.22585711892211,2.60637898980794,1.18079983935611,-1.18112393900298,217.164697489319,1
-0.374749002700045,-1.99698692919094,3.85325597714834,5.90050018432887,-0.583575583454567,467.716842313628,0
-1.05073865523564,-4.51029856074945,1.42796270579172,-1.11675706359248,3.63407881259968,404.622154583005,1
4.43940177789677,-2.77351079470811,3.55740839596034,-0.810432814971241,-4.02648068505892,430.409413947386,1
-1.07114194504036,-4.38359218936971,-0.81057664319612,3.79376961049894,-5.19782812732874,371.293417096269,0
0.35145611852195,-2.44847481249655,-1.95485748275658,6.02331743993592,0.268201793690954,193.713301311138,1
-5.10679049398786,1.69482926294911,0.0421373523682835,0.0359197881461267,-0.385053563566138,330.790855098548,1
-4.36504800634918,1.29186748284608,-0.711770901201541,-2.90427014742045,0.368824448015449,174.181827603893,1
-2.7095993552221,3.28007082779551,-3.17509817655591,-0.682924265574462,-0.231769632457163,132.796346580434,1
-3.83426331487706,-0.33662151811881,-0.777184877941252,0.67180779506048,-3.44669793624209,99.3312409191444,0
-0.0843794512824238,-2.91716754978462,-6.13379584184219,-1.30084595211387,-1.57984902960869,175.545710111918,1
2.66609108473352,1.42517984693613,-0.979653832986515,-1.19077871727725,-1.35212895326711,461.294370368238,1
5.13494195038869,1.86258338620451,3.91578059737229,0.0401504306287249,0.443453518461257,278.741837658957,1
2.59290532637775,-4.47396780655848,2.00985867624248,0.399083868789352,-4.10912169586632,178.413107473128,1
3.72693064260468,1.9345802170013,-3.37464824487203,-0.684312824674505,-4.01426528661474,89.6742771462701,1
-2.76071340108425,-1.16747504023078,2.15230220061685,4.28846029779217,-3.56978533838851,644.813014265825,1
0.699164795788014,-3.17192076680026,-0.60549752501853,3.25131573437366,-4.56476378483097,329.765877365698,1
4.21788445714173,-4.79646143563732,3.46393307741395,1.11623734142826,0.811095779084631,84.088262137914,0
0.572509926150652,-1.41849236618673,-3.99668713808321,-5.68349664146064,3.48885278516913,293.879720967653,1
6.49816102075977,1.26380097314374,1.94993478499429,1.99079299053343,1.45522249949508,269.865530137138,1
-4.44305038167724,2.25550901392431,-3.09058579321579,3.77195763667043,-2.70002161265063,179.711988187226,1
-5.20285884200272,-0.567699986350461,0.754573077194774,1.28182445040302,2.87256309737692,178.393094487749,1
1.63330030700783,2.23301517596798,3.56712257960426,-2.13857580183356,2.58682909509755,442.587025180244,1
3.03429951589967,4.2452806518565,2.50597643894387,-0.947939889568178,-0.702137372484461,35.4388915411809,1
2.19872529374719,-2.71374068451088,3.11491323451379,-2.28719341680427,4.35014585389545,516.521936570216,1
0.528021094027986,-2.54835835438963,-2.29397744440756,2.16498730572224,5.22277853144192,506.268072084926,1
6.28687367718522,-2.6097129268565,-1.94674383764171,0.0299667025476661,2.68365274534669,425.616129191805,1
-0.181188801505728,-0.877444476730679,4.83324674580464,2.49961111476245,0.235978751515742,336.656681860552,1
-1.10933103678004,0.736482541765893,4.19819905061825,3.47713594388461,3.1410228293806,191.724758473919,1
4.55365692309897,0.345829197900967,2.65708458375003,-1.11824866396509,-3.63691372300553,113.668837223721,1
3.02645558912421,4.13613703440005,3.18418923134658,-0.903563228364348,-0.77577612771733,278.202824520112,0
-0.0690276808838277,1.67298947448399,-0.304252354668511,-5.22018253333977,-1.31027458585466,493.505755163735,1
1.65432104443365,4.06588785198698,2.45665489919015,5.17371617714623,-1.92530373612581,160.655379508223,1
3.70285895059107,-2.17526295600784,-1.15402505881835,-0.199522958962408,-4.50498477394589,213.351844097862,0
-0.422747518879613,-3.80761703239207,3.80019634702212,-3.39460182715713,3.99215707622002,580.429646919372,1
-1.18820655035266,-1.4856053843168,1.89193821779525,-0.399381136588048,0.0449398143099877,322.245354795436,1
0.788440504079791,-2.14642018760739,-6.85387781629526,2.63056789496195,-2.16974161587465,241.923213325494,1
6.00711754205294,2.44338387452125,-1.85523907112145,0.987262123903705,-0.826804012895074,193.56713094448,1
-3.01422969531244,-0.50697773356482,-5.76254762928397,1.53741318736283,0.374616759287454,162.710328390479,1
-1.82619639441748,3.90512057445117,1.19446849399894,2.8647494043375,3.30076128725784,457.386538532357,1
0.0814924584590275,3.41211333676602,3.93118395609325,0.288369100674573,5.37617850017317,165.153052127244,1
1.49931972405387,1.40291832373396,3.09718408092445,-0.761891472136009,5.75886494464002,679.594518747033,0
0.495427373509995,-0.572872433372451,3.67645949848774,1.80818974183856,-4.34480052941904,542.908170333131,1
1.15804188166039,-4.61749792398368,-2.54728302054177,1.67343693019594,2.56478945406485,253.032961758646,1
0.136127461773502,2.30204786906822,-5.74638051477987,0.292145101907263,2.09886125819751,293.573334503051,1
-1.12270986858638,-5.13366635636476,-3.86070116454915,1.708413181049,1.2681015152066,208.073360681497,1
-2.25093242864971,5.64462449618179,1.43803428651312,-4.21475315007003,2.62419578102006,99.0718528312173,1
2.96767369705399,0.369552757760656,2.04914003910182,0.343211012378337,3.27281896264937,409.69037133236,1
-4.28669663046251,2.10558852145848,0.832549994775633,3.55811417972267,-1.93243557439314,106.961085170344,1
0.359117202170633,1.89654104626702,-4.3171368265035,-2.13778126142251,3.83444537989285,179.379164759322,1
-2.40500627300807,4.28426328721654,-0.657233156925145,5.97046865691163,1.67132339524567,39.7928298926374,1
1.990014085382,-2.84934721493799,1.41211210729101,-2.30694104794281,-3.24606702469882,328.088435923961,1
0.82695572724665,-3.05413143164589,2.71136649289068,2.0149049397148,0.284380698813898,620.96742338413,1
-0.31319229137202,-3.38135141915321,-4.39773836601238,2.61773059845996,-4.16749851896359,522.557113635627,1
-5.70881063911372,1.02811041392734,4.02662194183932,-2.32416394541312,1.50168908919638,121.420271276594,1
-3.56750359150738,-4.27012819482161,-1.88619348016245,-1.37188741837271,-4.70731046406157,392.916105309499,1
-0.292511961497814,-0.808914599452908,4.01074178001139,-0.348373861482438,5.68766617368714,268.932365090664,1
0.287459043876572,-2.59898059751693,5.17999050842612,-4.52565823716551,1.65837225061421,546.812171506677,1
0.252248000737834,3.9286480918552,-0.76291295718506,1.8579837771437,2.71942056908372,339.833735643176,1
4.13799305369235,-5.10418260448448,-2.81990316734536,-0.265143253433077,2.0557671392415,265.932931022335,1
-3.19226428841931,-5.20596895778805,-0.80281700760373,-3.48602652827607,3.69992724831581,290.508157482706,1
0.810865530927872,-3.5473447922584,4.43877725450242,0.713409260546577,2.20217495352955,797.491097716614,1
-0.365536201235647,-1.83397165913795,-3.33623971814677,4.99381725289295,-4.33493248347452,358.005188938521,1
-2.9367288990817,1.41066073764202,1.96939606712752,-5.81451514292673,2.57976485835742,259.243901634245,1
-6.81029594086402,-0.376894629213052,0.466812118820156,1.9058778114891,3.66883744647773,316.091753583215,1
6.36006209892148,-3.80863477371066,1.12061227362298,-1.59235886646374,-0.6406855586643,407.965553377824,1
1.71071832054373,5.73505564274285,-0.270849857160831,1.67687860333406,0.0383047811601682,150.601212471229,1
2.52210393404503,-4.4031824352337,4.51251287586175,-0.759546505640585,2.08005590192494,523.223271082332,1
-3.29883903858171,-3.72172693893034,1.6496177177202,0.996798267640634,1.71084154016354,363.541882925489,1
-2.84987809367046,-4.66747471392389,-2.96886210633294,-3.84522052598142,1.62566019775999,589.741493581056,1
0.316292131186753,-1.57404569235634,0.0576858258169237,5.22962623678117,-4.13210264497663,317.235685554192,1
-0.0666973517715076,-0.283094073547404,-0.409147310302371,-5.23246060218586,-1.46047680850318,49.8141825505253,1
-1.53301512429858,0.372475544175108,-1.59342753442367,5.91256159803382,-1.28761302401201,289.108120156196,1
1.78839002535234,-4.9203749236825,1.0960943031539,4.40726418581728,1.10539876727143,197.251805617127,1
-0.457515331876408,-2.3457396554497,-5.65338015288163,-0.506834009883651,0.29551724138967,128.709180024298,1
2.71245423069149,-2.57242139773435,1.44924796776783,-0.146360772005299,-5.19973991871895,139.730396481902,1
2.58598741893857,-2.16916940225072,0.0910914376550816,1.13251296025982,3.81133988395383,429.854912612072,1
-2.81295935803181,-0.483486637207372,-2.31146503995794,0.636742126313671,2.49577356111087,199.630585018049,1
-2.68817678689354,3.03751764480159,-3.9125269210046,-0.390762600367119,5.03823006752348,204.092611143898,1
0.825344210314415,4.64116534117695,3.91460626836366,3.16551379351489,3.54388541432928,525.679681612795,1
-3.70798735804754,-3.81741023025586,3.38036555677483,3.40070227014078,1.94557334675575,585.525509878441,1
5.01268915025737,-0.893668921436265,-5.43658417187261,-2.10339632481684,-1.99761765888861,184.207020101929,1
3.33381689281644,1.36693898647643,-3.57331271993409,-1.409308070233,3.63085896165064,308.169424162352,1
1.85048518099539,-1.652836085055,-1.57821747775624,1.7113463877037,5.39553193520487,273.974516931008,1
2.70343336164584,-0.938067713744727,-0.368832365674306,-2.79207857977856,3.88458528716777,178.711736377788,1
-1.2833107107243,-1.42951482310732,-4.32318268258617,2.7989462566657,-0.147893250420546,222.221794163056,1
2.78238746295603,-3.67899406431596,-1.46282565063056,2.18665486876226,-2.39341853001755,335.139671242413,1
2.84300865924707,-0.279927668818777,2.69401004832219,0.0195156631081833,4.56226465823799,468.355146097707,1
1.18672451637723,0.722707169530015,5.66612049542708,-3.95468704413465,2.53534829945974,564.369138780964,1
0.752774631036208,-1.91482265550272,7.45341382241133,-0.879607829784572,-1.65935491049191,521.646011865565,1
-0.069874064198007,-4.09806107322354,-2.18143377708309,-1.90105003107498,1.97422471961764,326.251442939946,1
-2.60853189965378,-4.06303021575419,-1.97364709537471,1.56190997705485,-2.2029338142339,61.4891552165014,1
0.16272612864589,-6.35806144609942,-3.60517104703433,0.843932632582206,-3.1035063941808,392.661829609186,1
2.04270833743846,-3.24260181903774,1.29856971842998,-0.40061906235908,-6.59443084632709,372.595148559075,1
3.81861204440188,3.43997966857146,-1.02724281358809,3.9435713092452,-2.8140651479769,285.92645375978,1
-2.76160908076488,0.265931761882383,-1.0533096335326,5.94802926143694,1.63856298078995,32.5546233914804,1
0.524349553608566,-0.825334991043205,5.23671762210088,-1.2451931373264,4.40245566937782,316.114344751935,1
-1.93629547204017,-0.99170081126008,3.56837348989008,2.43829704185966,5.65238346080195,228.615109411532,1
4.603370291637,-3.8982772351982,1.52745865494657,-3.88249317569865,2.2852753967552,392.600470070736,1
-1.79097291024144,-5.21142617672213,2.43116391534462,0.776492039853354,1.13106973110527,473.269515083535,1
-2.48820347457676,-3.150321668645,4.48828567205399,2.04716027964397,2.62403938448138,421.102194840591,1
-3.06665105042564,-0.89403992868407,1.03879787820643,-0.137072367834367,-4.06206737348268,306.251084180173,1
2.47730753218499,-2.21493442367028,-1.47743695708925,1.54045665840712,2.51835646370993,274.330645572814,1
-5.50767403895248,3.98625528259548,-2.80954028142263,-0.71247407470273,1.36898102810031,176.637723858006,1
-3.30729177755327,-2.81769501079698,-3.87993637636336,2.42825385120646,-2.13504736221443,218.179897454348,1
2.31531857508471,0.078560179813614,-6.16373688921676,-1.6367132398025,2.89490987668138,311.579029844592,1
-3.78549713054782,0.642593013338824,5.10571306825825,-2.60870191455039,-3.4840672670913,257.180266421493,1
-1.94712013371551,2.04940202272687,1.31425788146111,-0.98907492851473,-5.90163043830023,220.375857298949,1
-0.0247540985607494,3.97255158967068,4.85471570912089,-2.71071692701382,1.84767630615974,609.236922360368,1
0.0884655755329661,-1.35671576695857,-3.87186864364175,-1.77259920884403,6.32285134388496,110.580869849019,1
1.78916842332655,-4.48218622319976,2.13684798825254,3.71212211278706,-3.91476584022262,352.245013129331,1
0.463053992551141,-6.88879983527596,1.73912074513997,0.204997771447257,2.05418277804021,243.224851944816,1
4.22849894749448,4.14179710015129,4.80698918067141,1.76195568654173,0.359969724741453,128.412518261679,1
1.88320425241841,-3.39524751408437,2.3006941289373,-3.21567717246,-4.41516765220718,284.856661861198,1
-2.07509803462411,-2.39845239572636,-4.85053706609905,-4.41132341618056,0.342796661710147,214.327962851916,1
2.61078714487281,5.1954410119892,3.99330742958394,2.65592941319063,2.03523535551677,390.216297363531,1
4.74563591348884,-2.48656516550975,-3.09831257257466,-0.88206776178525,3.02369509056262,257.302692775977,0
0.316644283821392,1.82679833515194,-0.976624307135191,-1.81523803406011,-6.13834654458886,76.4641948043368,1
-2.83766415477875,-2.20899552127521,4.16255250283469,-3.87687386178243,1.88039026343163,494.354031799929,1
3.1128854472097,2.95493701868942,-4.81928682388682,0.919293557180782,-0.530012747147911,63.7805960634574,1
2.36316988840898,1.53073034412254,-2.42361341450516,-3.63138792998455,-4.92397817998754,292.173599519346,1
-5.47063341315991,-4.11730215854688,0.864958935262443,1.23431944589213,-1.71690383684623,370.904443383574,1
0.563226093482907,-4.81711569814563,4.75625420103211,-0.46697620273612,-1.00110674802613,620.620388183946,1
-0.431888643739304,-2.17846455649782,4.79662595278313,0.192214585714779,5.05248456383973,842.191250536169,1
-3.27375479581286,1.02366979271867,3.85923050450165,-3.62108422616628,1.96539821312908,647.891400691089,1
-0.41408385604409,-2.36567553547567,6.00991169871042,-3.59335496760397,1.38780960002591,533.459952498691,0
3.36040493693471,-4.57231670601122,1.9965663774078,4.93960691144595,0.296048508357156,743.040310807672,1
1.5231176969664,-1.38515277757451,2.13450216787507,-1.77279374234171,-3.70357052457345,123.972069290375,1
1.73655345562945,-0.114214471868912,-5.14056304767318,1.3649006869121,2.03102047265317,232.743770286555,1
3.5429625560271,-0.0861511921334315,4.01469926847128,-0.684416472153835,0.604348387425053,136.598268936249,1
-2.30407514789343,-2.47020139239204,-0.332899321500213,0.205078561564458,4.7370068558269,381.059148083089,1
-1.66548362439601,6.10274596949111,-0.664960705165094,0.652752127979573,3.51596714766654,122.742847136214,1
1.64349934830324,-2.39830745718052,-4.58537243360993,-4.78852819900803,0.627112478355686,119.569286478706,1
-1.35985392486996,-2.34811184494959,-4.55188758817418,-0.317358144063651,-1.03053771111782,131.016361934587,1
3.44578557575507,-1.2938079926621,1.40483493808101,3.60370353140693,2.46520906061651,252.458560930354,1
4.6121726940225,-1.69328185198572,0.707107000008984,-1.75106023886548,-0.0132124292206721,467.933863264776,1
2.02229813256669,5.62261172680175,2.32937276057343,1.80079124470325,-3.82134456629798,201.734158658817,1
-4.89932590072418,-2.23102703398876,1.72170913810566,-2.6861417002087,0.591814524914599,408.355447774482,1
3.49096177608295,4.95579383948897,-1.13555205881152,-1.976638238036,-4.03139048402972,119.966102485317,1
4.17258032651047,0.387361378172303,-2.4648550869861,0.186817539415784,-0.285422053738307,84.772564263225,1
-3.66166858370907,-0.476483002904647,-3.93328533060264,2.52821543231457,-1.3326518872365,69.6248496488941,1
3.15421959016534,0.453684996558303,-3.95963356051904,0.508155649826601,-2.19997420527906,177.595415232663,1
3.13642458230264,1.7473044342968,-4.96305061576986,-3.89780597731683,-3.02987968085715,342.156680495224,1
-3.88686134019093,0.905659377663608,2.8833503447054,3.38432847184994,-1.68582203664592,407.998313195677,1
2.22792888628735,3.43455510358557,4.40002909556184,3.76468533940002,-1.08137583722013,120.037456212693,1
-5.9410156902442,1.42921669230576,3.51695928664055,0.386530751127067,-2.71072840800234,470.488704224739,1
5.20954265667121,-2.95598574037496,2.34590108371151,2.14495461357498,-3.40321167784536,280.886837217324,1
0.752948519609097,3.04475435664036,-1.18646332387305,5.16941226560649,2.54861077466323,267.790838308823,1
-2.11362491217556,1.37625210338427,1.587286851416,4.38469697753468,4.36031487989991,460.261518070251,1
1.37114113460617,1.83819323069396,-1.6382777465633,-3.73522260093338,-2.21585690397635,114.584093487516,1
3.22973699680238,4.86096745270662,-2.33677597795989,-2.49643374865828,1.21834703049803,292.246424039599,1
1.24569677020246,1.54679197197772,-2.27228548890665,-1.40511111660352,-4.94352648971141,301.424159618422,1
-2.03428513337284,-4.10090533567474,1.1651574397572,-2.23486147799518,1.1384879064932,530.878962679246,1
0.449045742689226,-1.05293852161232,-1.56449480358229,3.26582833972208,-3.93257761156067,250.949657510016,1
-1.2912998145715,-1.91722056337166,0.992053511124034,3.71186240931352,5.85426285556957,374.498050524681,1
2.10000753706166,3.11535020749631,3.62072267181567,4.57824633214084,-3.93953087075875,368.613228404871,1
3.76865250123974,-3.89318969517802,0.257410607979215,-0.102612034472095,-3.01864617894005,456.720567483888,1
-0.161672389717137,-0.353610505880271,0.639716709246208,-2.74520381251779,-6.2680413837302,493.349835102111,1
0.860031289497783,-0.53252252895587,0.194052010619822,4.46711066890898,5.36155409377975,503.53727257916,1
-6.1970591829484,-0.297283029447497,-2.83371994951363,1.17157642686363,1.04576790146357,156.764856191066,1
-4.36830710446063,-4.35720221645119,2.87486819575231,-2.3183842286007,1.32931789050276,187.418339724121,1
-2.07249279883582,6.4035838874796,-3.05969085503309,-2.25415391060464,0.38123151118279,132.312000300555,1
4.26162547846108,2.69354158364674,-2.15236737767,2.76973069493978,-0.317914648603247,103.983993265378,1
0.197000401230977,-2.00700177066371,-3.07839038806734,-4.72770922754954,3.50931837418013,143.07181603374,1
-0.936318740670929,-0.96797874472,1.68773702047632,-1.48047630402853,-3.63123309308877,636.753780257346,1
1.9106815375688,-3.31021875346644,0.758224901654005,4.5042546577635,4.12738013213967,567.632770231877,1
1.42055052599467,-6.11638731618271,1.82143888759697,-0.236659675189248,4.22809086238955,383.164722398979,1
-3.77030160236196,-4.03965533503521,1.27249789045672,4.76966198605734,0.340374631724431,483.59312973925,0
0.883124573506062,-3.01786592109496,2.5407490460458,-3.50761707699717,-0.673236905988539,479.993555247912,1
2.7555016150047,0.105411484184472,-0.775956161164515,5.14545756390963,1.69490500187818,318.282890530919,1
6.44610281658959,0.718163177580809,-4.07328593544675,-0.0617436207716415,1.0924196006499,182.185895623363,1
-2.77843270012817,-0.817354158106917,2.99223861395032,-1.53558310208378,4.68668590695144,103.329468504214,1
4.02782904251675,3.96324912234118,-1.82739370267003,-4.04428879664853,-0.440037138470451,222.845144108225,1
-5.88518384750624,-2.6758127511353,-3.06626662057647,-1.61699814514633,1.49170735453422,62.856259400529,1
-0.659935114480808,1.17297340980893,-0.30657756249025,3.83918048148302,-0.812575075466656,207.029112605441,1
-2.61337420275986,1.17605128882676,-2.13740376508386,-3.85411986186931,1.51413283183448,402.355722291475,1
0.97662972443463,0.182303006483634,-1.05374435514319,3.2921350032878,-7.05584404785812,184.807041057968,1
-0.001595833524497,2.61184638162619,4.00096306062759,2.40160234976245,-1.55813306431491,472.765981664716,1
-2.02161517857894,4.76202441951436,1.94152605126285,0.769828033158336,0.670632330038566,101.868114780674,1
-1.70375716559056,-2.42614613382679,-0.377634800219203,2.9020122129047,-0.526198796087393,345.949411504789,1
-2.88861578729741,-0.643369458881782,-2.96134740887623,-5.14973390890164,0.0641823822425788,201.019882990331,1
-3.42166576437845,0.841576178183576,-0.485855697490062,4.66099026576081,4.56922709764279,431.60839554371,1
-6.29033124862964,0.470913774538507,-2.03414218025252,-1.00181444668966,2.87332028370925,217.317361772233,1
-2.46834910954101,0.417390182389747,-4.97863738688779,-5.63920382120189,-0.294369252711064,179.930953020854,1
-0.124566952842564,2.32142817770981,-6.02129080965488,-0.349266612563828,-1.00239669154936,143.484304873691,1
-0.0224328085315411,-1.70486890425908,4.35348797130727,3.43059615670061,-2.38901086567995,194.0391685089,1
4.08322940963849,-0.0647573146614681,2.52968651833343,4.67694374449113,3.93665526810965,397.165568703955,1
-6.10911227253066,-1.9794007221648,-0.0972542564107817,-3.63247535685748,2.33707613820398,241.34811228034,1
3.658414399582,4.93364118269527,-0.219312064264455,1.80025401295209,-0.632488175791666,240.141159622536,1
-2.82149390792189,0.433183352307178,4.42850952486295,4.47210837014697,3.4540467249766,298.56564072494,1
3.80212392290089,4.1942916822307,-3.94363695480437,0.260399329497518,-1.224753590868,182.655489422649,1
0.662598007726971,-6.99929532777625,1.80247166101645,-1.44426207401793,-2.72143605317423,318.0193499855,1
2.14334969516733,0.0780291862549636,2.83744371467228,-2.41758763578015,5.19228475815759,410.254369554112,1
-5.16757504623356,-0.63514591922039,-0.329039311246319,3.33890318152269,0.784820099615927,264.263503566764,1
-0.656601800649805,-2.59037720044166,2.40312835426114,-2.56452526958119,-4.95892452321922,465.091327663402,1
1.30927611230242,-5.6970431037231,-1.57828326089667,-1.23530094286423,-1.45963115261843,242.644981531521,1
2.06636610173535,1.32635014127693,2.50731987302673,-4.16615268577518,-3.98622172201491,137.852899914697,1
1.29911714700944,1.52286195125941,-0.649342534497527,0.571300904797686,-0.509527664853479,347.338891105607,0
-4.04966379893258,-0.538800387887018,3.99642785181112,-1.99071515293459,2.7167613264729,337.988499827288,1
1.62580631518208,-4.30076837673242,-0.722235562124343,4.45018301446063,-2.68497487862986,184.384847543387,1
1.61407786853773,1.41427867968927,-4.82203376397775,-4.22721747058376,0.243218528993593,260.015061883353,1
4.13656428301323,2.84289690238277,4.56945738252226,0.686149782522312,-2.3757630027759,117.420317378753,1
0.714579761961222,5.38759574839547,3.23818050444684,-0.31496749854707,-0.763196113526795,244.169077489294,1
1.22698781761684,-3.28663596531512,2.8869273775517,-3.18629770486617,-4.31844059851277,115.251976558813,1
4.13574117124763,-5.97348077538634,-0.89540695350987,0.242625356297595,0.450741296867789,493.685536575103,1
1.35278869095367,-2.12601945103474,3.42224061998488,5.57056157104746,-0.202693544441722,48.6853780443813,0
6.16441673861008,1.67727131322264,-1.50902018083463,-1.48062723419298,-2.18071782224148,330.248804810582,0
1.56616487077242,-3.29171347745213,6.05813719049958,-1.41000891068887,-0.132505938815657,205.009308128835,1
3.516478460648,-2.64396610250867,0.154861776368643,1.45338493296441,-5.69791123141577,296.335467754671,1
0.0061355714690795,-4.09680402025584,2.99242227697616,2.43995476330801,1.00851343496448,402.704986726835,1
-2.8863901723925,-2.65697998244642,-5.29323500910859,2.47908808237487,0.0586235240534139,88.48506948625,1
2.16295540097324,-2.86524663734937,-0.543860977726607,-0.792039614759032,4.53282349375287,280.753707265306,1
-6.95659315918527,0.407591141288997,-1.74804077925012,1.76815344676628,-0.484378188794343,285.243761057491,1
0.751901309700953,-1.60293033637208,-5.39975986727589,3.44955256407654,-0.411572711014283,202.433478363983,1
-0.929310738871614,-1.01689399194502,5.61393216762411,2.12553344675475,-1.80204188326534,448.606435547464,1
-1.03924267771201,0.751734484996507,-0.243807449430722,0.414199522232324,2.84311494157861,337.263067079602,1
0.870014411364414,-4.41718421657095,-5.96452656478585,1.17791106051357,2.42821457242198,300.915604487446,1
-2.28923037085913,0.705138278639078,-1.39476542180009,-3.81953451779786,-1.47841409956582,25.4059176550618,1
-0.151782127486895,5.72223827227159,3.0831246088142,-1.40080289396233,2.8095644839372,166.518029145688,1
-3.93426047376254,-1.96684784908843,-2.83060136671645,4.40547703496269,2.03967157193916,469.008020148403,1
-2.22015352950693,4.74502627902258,-0.524936296276591,-3.61208927631654,0.998143092628695,190.495333967761,1
0.94207455202425,-4.98722304813608,3.66851306528502,2.51114538822821,3.39921401623134,545.536072528439,1
-2.96209779805199,3.49133727295609,-4.58702553977145,-2.70621288478552,-1.21221909119157,228.067562399992,1
3.91806104919543,0.910421480506145,-1.26597733214807,-5.30156056734531,2.10550207632016,159.682120379882,1
-0.14953115537667,-0.251322336868864,-5.95425127233207,2.3763260596738,-4.36659573822549,214.415713622488,1
-0.181726141306498,3.86388452480842,-1.14160990663523,5.19860835564381,-1.96852968254327,63.3100030774869,1
-3.0925342244822,-0.655655289872485,-1.83459438226037,1.36965221930001,-1.39580250362626,329.233923299125,1
1.00083756328352,1.60529678398807,-5.99060396986833,1.89668287705002,1.61172723842228,202.829976340023,1
0.250301898433473,0.721569600962105,4.58336320281929,2.90965111052311,0.99848741995347,158.839158758834,1
-2.52234877681337,-1.93928954266291,1.42703338599926,5.63247838014999,-2.18778033600508,148.861655724783,1
-3.67026132900641,3.24319210076586,1.32092639712378,3.77360683061964,0.239772008154254,316.370422606655,1
-4.7479575777124,-3.32696613658739,3.43439115173231,1.43902643537226,3.26735288077752,299.716790713095,1
-1.23769266910443,1.54315900113238,5.48557510371851,0.659826901527615,1.43658493763989,344.091575183652,1
-5.56200007795678,0.12666515200281,5.24873816934511,1.89416976411165,-0.902721596850557,271.424180147983,1
-1.14382272673393,-1.51882181971209,-6.11683730224188,4.17464753255364,-0.211651229651216,243.345620868353,1
2.68253879397366,-1.3632778218217,-3.56672395737942,1.60945927014671,-4.69117903768812,311.404208300386,1
-2.0645836003497,3.11435018290404,-0.893397369090895,-5.01935426614724,-1.63513107310163,102.096733666493,1
0.920349143704875,-1.49673868641701,-3.48280635950889,-4.48741626830226,0.562840266997642,95.4767951237138,1
-1.7536521388928,-4.75581392166134,0.906580799306278,2.51430448763114,5.04243572931527,572.928753108396,1
3.97884456022636,3.18105432816173,1.22981763487737,1.80793355377077,-2.92021922562833,28.4686848890552,1
-1.51544182690915,0.393458548137644,-2.19988927317576,3.6891130148318,-6.26853282534695,25.3323262387127,1
-1.79562933263519,2.05216483791968,4.07388702466839,-4.05776419698981,4.82199929961697,362.211349463939,1
5.98670963967192,0.937994048336545,-4.2064363553636,-1.60398279866347,-0.621311701456918,210.358888384603,1
3.19724543977328,-3.61663379468161,0.169566758311654,-1.8629273843974,1.51271659401617,365.138355851568,1
-1.38098998687189,3.7074595392675,3.95235792981258,-2.52415899333352,2.6956423384537,205.79847608821,1
-1.8143951709418,0.593871232407994,-2.96457895033093,0.197959160503488,5.1752487937542,139.575732858855,1
-2.9672884383899,-0.869535228511887,-2.09008153263779,-4.93192213189508,4.0153891837465,256.698176050354,1
-3.15281037353061,-0.421288942966944,3.41154600119409,-4.02459078504693,4.80784103108278,166.520947439469,1
4.18121153156991,2.30320850598717,3.12123025452803,3.91000737323393,3.39034692177754,679.799779631289,1
-1.78854802355058,-1.08666342091184,1.90151849312631,5.25218801214241,3.0886401663424,473.470510973288,1
6.28130499063915,0.967262668596786,2.7645918819876,1.49855001084564,-1.76165523959757,135.655623271984,1
1.46663186844125,2.21442535482315,1.35295133789218,-0.907783539890349,-6.36422593936798,379.436444427151,1
3.68259753553853,-0.808881162746524,-2.62229051101726,-4.8352732741275,-3.96056195749148,203.892719315944,1
1.44099091612612,-3.00422602792905,-3.79619718171574,2.87629787542925,4.13877473479551,74.3098293513414,1
0.645690036572101,2.48779710352506,1.15953864612073,1.39058094234534,-0.173836122976842,392.563938425076,0
-2.50665057819286,3.06635115993949,0.735701665739911,-0.0206297757619343,-4.25557356609396,81.8840053869151,1
2.19394564121559,-0.833307072267604,-0.18847153827182,-1.67023788063875,-5.40974189751214,423.040261142294,1
-0.0695532821943268,4.92442116967126,-2.95837105681324,1.67916776594879,4.61034143891465,174.214926570815,1
2.76888682079433,2.84139403618204,2.37813110404977,0.50122336045587,-1.23983545564368,276.321059784989,1
2.81794133540561,-1.09783677747054,-3.0047327336353,3.52843894467317,0.398704971621365,55.2997889152169,1
-4.63362354816115,5.51804076775291,1.14455237416814,0.403017320611243,-0.288063472991789,378.144308030016,1
-3.77731850101836,-0.631821817586114,-3.37830856957345,3.73181591298151,0.990659142122759,162.29130504072,0
-1.10552471677659,2.68287293660123,3.27820694295746,-0.852449252726568,-3.79156341190355,221.108386742151,1
3.85791479320291,-2.13955044598434,5.66153603447586,2.60830626734056,0.786827777007381,322.770607199057,1
-1.82150350857236,1.00064033485502,0.478882723033356,1.11211995063614,-6.43940039024953,152.518867317463,1
-2.53942942083685,-4.62224161445764,-0.781941015652293,-1.87538263932417,-1.67402675336079,323.439646176505,1
1.41062623209666,0.608797055716144,2.47672432897826,0.0867854029592236,3.59247231123353,412.110742313058,0
-2.91560734981387,3.97613107144359,1.35873965504834,-5.3290170461124,-3.04604909601047,475.255633386036,0
4.49338667060211,-1.54969350521507,1.96986491307899,4.57738855607427,1.64301384288543,444.325956569689,1
-0.715620717820192,-6.82872451153971,-1.62917816894797,2.45285371654369,1.73038459157343,62.2227214981802,1
4.06367778891819,3.84354743608493,-0.313478831559485,1.70916352990911,4.09385004882279,180.413904672431,1
-4.03536017313044,3.72416772373295,4.68938134161295,1.18474159438116,0.231005076217623,448.984746256155,1
2.38562198377302,-7.02947529919935,2.07537616245666,0.892977188460495,1.24039454186093,424.732463318011,1
-1.63324590715276,1.45461913981063,-5.38815111109194,-0.812957173631008,-0.138848938585028,190.007240305521,1
-0.534729150361422,-4.74821233957838,-0.737677656576741,4.97646542657513,0.757717206236133,570.277941901822,1
3.00316019567126,0.583330671298566,5.62944872981298,-0.541835828759258,-0.507259187906517,77.9965385485488,0
-3.46966091603508,-4.11065264353271,4.66805423238888,-2.02429644682535,1.3873286995992,913.173838534179,1
-0.96746715403909,1.21701176987617,-5.28745543425378,5.31716106546867,-1.41900878943547,173.226666192888,1
-3.94148369836015,-1.62038315255742,0.768655176099915,-0.915768396063745,5.61391061522283,80.7265691022171,1
-6.30776379027372,0.0194932961888298,-3.78223607537702,-0.487725457186658,-1.33064297998691,220.604363899481,1
-5.68130703141182,2.47972835031557,0.607385965237965,-0.294416039805041,-2.03392239181641,272.262615733732,1
1.90149831422388,-3.94978743081856,1.441225076613,0.934858862118468,-0.0613461908606053,122.636629012429,1
3.38141824170933,0.827893422058516,1.70101737057585,-2.46832728814455,-2.17650152343549,234.400962372388,1
5.15348224384049,0.993604267788004,-1.29821449340391,0.85453146396338,4.12937129588158,53.0617265897002,1
-2.90936557540572,-1.85119723804825,1.81484820505321,-5.56051646214014,0.0801319697035042,254.613601318119,1
2.0093732409156,0.357962733819883,-0.617228355984864,-2.56793175581709,1.42113090977943,435.023798722588,1
0.0059099923586585,1.65501264420668,1.32919159541495,1.80612517232578,-0.111455602602543,180.436860538905,1
-3.66028937939142,-0.716019147486185,0.984367297845563,-2.56884690754033,-4.0143556882626,453.162850031885,1
3.04266111544828,0.480015003318002,1.02877646755449,-1.71343789451211,0.688337029684274,371.575220451176,1
1.29378625827735,2.20949614133982,4.47634953702411,-2.64694581341081,2.0993027845517,1000.19568413586,1
-0.912257970894856,-1.69391138464953,0.944536954482639,-4.49576580199242,4.4948339032923,233.980061619446,1
-4.62223802837867,-0.555748155180375,-4.22128078954422,0.0832681788138778,-2.17061501465535,192.175777358628,1
0.467300329528773,0.104389232467512,-4.21925759677016,3.29031658181961,-4.1323218379538,49.1934296629408,1
-2.31325335857185,-1.65701574893468,-2.0061859783898,0.0338130077480909,-2.46942816551904,211.593522614682,1
-2.76299432182353,0.619146682018266,0.121903712456191,-0.809229354123135,-3.05018545898528,251.861866268796,1
-6.0762114600758,0.978548613488971,-0.38996743974942,-3.98612488827737,-2.92490217160897,171.753715950757,0
-0.620916454605806,-1.85288169368592,3.84527157928567,-6.01389226620178,0.0438570594846518,467.581471380947,1
2.69994664901443,-6.42874678347051,-1.16967379506022,-0.529978709827698,2.17731487508363,288.550047994602,1
0.264662339425731,6.61666217152462,-0.50550294589471,-1.67737910655187,0.272726284049199,124.464893131317,1
-2.42020432589514,5.25609398592461,-0.479441089575168,-0.450534536515171,-0.397841612923866,44.8779236459573,1
3.05490916677966,3.78577067845199,2.68661866286633,-2.79408409890073,2.14281050094491,147.315958791966,1
5.7115736963818,0.878142246371449,-1.64051596061407,2.23551766769165,2.31480713061838,262.271339305102,1
3.80316299787781,1.54817818588812,-4.16773333866037,-0.441601002030404,-3.11230804380489,188.707199622934,1
-1.99027005411018,-6.86455155186807,0.769941387947633,0.569317859010183,-2.65466898078295,665.694283637588,1
-1.2139435802123,6.70346950533194,2.67123539132143,2.94932328149238,1.20644138179635,225.47851609008,1
-2.49832794048465,4.57861490190055,1.52170428940711,0.633468307911585,0.825975565026041,367.412195674276,1
2.77766644652289,-0.536799436530836,-2.41495523998297,1.37057441742058,-4.65906694333876,465.044187942621,1
0.243200935469008,-3.76736130089736,5.51783593330677,2.10721796914245,-0.0075338658913721,450.488326024343,1
-4.48454642763253,1.03660808402778,1.47846113300886,-0.578880072697244,3.69635513987867,436.696398778994,1
4.51008802496925,-0.17890269143021,1.08537972600216,-6.09640350617333,-0.438610096206372,451.337658625057,1
1.77509551304277,-0.261507663598221,-5.26990315364441,-2.39141968448523,2.27059036112546,148.037388054423,1
5.33469282505586,-1.9353833828506,0.572052656621195,1.42656879338988,4.25991126241997,428.19138949577,0
1.38510191608547,-0.356858116797482,-6.40475490704901,1.54911398325264,1.26659894626974,129.98480884474,1
1.58179292172464,0.714127569329355,3.05268838277074,-3.07386006705351,-3.81790108510402,119.736078488914,1
-1.19872720497467,1.42886056172019,1.9029991938296,-2.89226943130216,1.31344794692956,313.701971901102,0
1.09586516430718,1.04956985033756,-2.97418050326845,-2.44596091354107,-4.62224146706797,114.425756911962,1
-2.27905238118228,3.16897558066757,-0.469874950463386,-4.0170971758021,-4.42278063631304,153.743626860124,1
-5.28948547046017,0.702071216121662,-4.78798700446518,-1.65462652998061,-0.372063566001783,90.6636016769119,1
-0.73209442180285,-2.43729603519622,4.74760755768346,-0.0251832949438407,4.77443027479205,542.358994500554,1
-0.19050131134701,0.514544434731765,-1.33872020758812,0.83188736435291,6.34819591890279,109.729142944384,1
3.62985619443647,2.85148733397738,-2.57329878285849,-5.07980840368942,-2.66353492991581,252.646128387478,1
1.40940813011863,-4.02647770005976,1.01804003499622,-6.00633787656074,0.935142981672571,247.546361699316,1
2.30843657101257,-2.66677522757651,2.96414215990314,-4.62167153138609,-0.248744572001573,42.9621164087509,1
1.9536636689896,0.246376668876975,0.280777685695831,-5.47437333257227,-4.52743887375732,378.063089235131,1
2.54399889951063,-0.309811080415702,4.00628423144888,4.8296207104845,2.88429981573225,194.941754951,1
1.53586279952056,4.4171796241644,1.57103213567486,-4.51320812868617,-3.63914797730297,347.515610332956,1
4.30996309320871,3.29925236863023,-3.12332430011928,-2.65155084915287,1.60485753493964,335.785540628344,1
-3.64695990904316,-4.48253268260927,-2.48005425896662,2.6209848013615,-0.530375226213774,306.998872643932,1
-3.45384242582167,-0.67199895067242,-1.55031371187683,4.85336560821284,0.327446703246332,378.156063223657,1
-2.36114295088855,2.9683687850848,3.06955730431682,-4.0001461014698,3.49185721910856,155.387337667605,1
-3.03544411908958,2.1521550975146,2.92185476563639,0.922446961396646,3.54773339987865,187.422619182445,1
5.14056226469333,-3.65123338904428,2.63490662453215,-2.7123467039715,-1.95101249556029,547.119666807975,1
2.78739254597657,1.52108603672555,0.988184036790309,-3.69339716649056,5.81752958478808,333.47433423698,1
-3.21892246409508,0.451037264008794,0.350700944525802,-3.66543935962828,-0.117739768818154,106.515702301913,1
-5.73090636836991,1.53698216513525,-3.71277721586051,1.29371512175541,-0.160278687992862,42.709117941674,1
2.6023287481527,2.36392243178278,-1.70222949915228,-2.18490812412913,-1.25220294497596,26.3621543265538,1
-0.976145610079282,0.806820514638293,1.08196753010976,6.80967832175346,-2.50040643795919,200.647633780929,1
0.266596683739474,3.57494664776745,-4.13419706475496,-4.36320562848017,-0.380186598285931,33.5609194221822,1
-4.05397289617399,-1.2241637668469,5.37390146235149,3.20789822888121,-1.16401014492865,306.998097285475,1
-0.0493313729922933,-2.77887834562341,5.11935889939209,-1.61706400174383,1.47207772118417,454.653603939579,1
-0.907075390605649,5.37351053519393,-1.62827166479342,0.694200445518597,0.963651374728325,90.2289430569326,0
-0.155912944054352,-0.0795293103959214,-0.374251268393225,4.90580015381335,2.61118879566542,155.800826268625,1
-0.739910694588497,2.89260326023829,-1.19523489539076,4.27445249383202,5.89260198693072,246.778628948193,1
4.32338996384541,-2.08397236660793,1.03118267064395,0.978651108287152,0.292796088962831,642.425576346626,1
-2.11056861867448,1.762868451544,-3.58442938892058,-5.0538791924671,3.6296565977694,181.864503812354,1
-2.73219764162645,-1.05738387344536,2.18355831983642,5.13066917774219,0.4262163245744,239.151930392287,1
-0.957532261801721,-4.08085097202122,5.87790204789458,-1.26050776418386,0.140730271051861,858.350563551418,0
-2.47961476707374,3.20227344199059,-3.20118923160778,-2.28860689012663,-2.76517234649479,280.033830974772,1
-2.02244782898046,0.157229141888414,-1.77946130506845,1.66771375816882,5.45534641603444,276.72318154061,0
-0.365810723303565,5.86525958616374,3.42199639774202,-1.35295863939581,2.16410523285631,213.400170088503,1
1.5068862917171,3.44155838990058,4.03818054639195,-1.80603260515272,1.71661720450152,505.390720848954,1
3.09107332360482,2.26153998652622,-1.19726600515076,-1.18758391692353,5.07342612774379,265.24850956493,1
-1.09721895114679,0.0747231548185836,-4.88508114172199,-3.9434214268606,3.96755406691398,432.035311569816,0
3.45257988684483,5.07337741910576,2.15110002261456,3.48626148696403,2.89069180931077,411.552406891173,1
-3.56076284256593,-0.335943271955742,1.9310458518561,4.99860561194332,0.659304818090662,315.077613392003,1
2.35302306776162,0.592452844560694,-5.57620623694382,1.56539430098631,2.15561614277768,274.865973303122,1
-0.723509893981553,3.2364962832562,5.82649547920424,-0.769573200396024,3.16735513433153,834.015497329979,1
-2.50101330299098,5.18630803183155,0.960561132898393,-1.92966409451743,-2.44970866847104,127.547252711677,1
-2.94764309951557,3.61259175548481,-5.22300852355966,2.26260004060256,-2.36502623078085,74.8651327433033,1
-3.02310439570645,-2.9595465308935,2.01135520755062,3.80732521037887,-2.66420879647524,16.5263242952604,1
3.24977248185939,1.60770862299898,-3.60871289389141,2.63732825778815,1.09747042308448,376.55935329973,1
-1.53981981538451,-2.9911391830068,-4.0506195259343,1.27298703070177,0.766337861883338,302.850344202694,1
-3.91558119240779,-4.26103051978108,-3.31304266846847,4.24639481310075,-0.446197125013196,335.185024847744,1
0.27246192571269,2.11811178333859,4.00775282052864,2.33344368973866,5.15803647911038,133.565446199518,0
2.06552558514224,3.45751967203258,2.23225093089797,-5.17523921971429,-2.65700939000552,646.785096352086,1
3.04938967886336,3.56282295678667,-2.52336966610664,-3.17726012639426,-1.97566131800005,222.026705533211,1
-1.59046938927916,-0.502281893269469,4.3342586131925,2.3115395652677,-5.62291164176185,276.913157131902,0
-4.57581452175648,1.6998045158911,0.766221062575542,0.525066135267422,-1.02872529524212,251.201243441239,1
0.30292019562584,2.39753851314015,3.15894466623138,-0.488709518723286,5.07840934717379,191.656673213324,1
-1.35230255264543,-0.712342054306492,5.38524658087414,2.09679775597662,-2.13899315092286,346.238090849841,0
3.88811075019442,-1.95567781486449,-0.887483184480039,2.69528872067079,1.60392300907264,504.132542596696,1
1.36120164402816,1.84042197424801,-3.88450489466738,-3.69922720822797,-2.33700805346416,62.8520770098839,1
-3.83428205769924,3.88691715639092,-1.78369872354857,-0.0245684724082085,3.8946673259829,182.651620086316,1
1.67624801969175,-1.47120604685578,3.19954763589494,-5.09648210026759,-4.57445415061707,623.51001143459,1
-6.62383273340128,1.75227879604152,0.400679049902052,1.00741901111925,3.54980895581717,463.40671311373,1
4.48362116096613,-1.77099602962624,-3.573620146483,-1.46134372574154,4.7053412983819,249.302673141102,0
1.60957917558212,-1.77597701245008,0.263308831321343,-2.62862982485533,0.506433359801665,333.167496347445,1
1.29806130568805,1.08309701712188,7.0338724076401,-1.57490415138905,-0.964554732244359,416.359997608457,0
-0.797717891709982,-2.64785434364082,4.79496646516713,-4.80771404406265,0.186404144837325,190.548390041254,1
0.383254768900456,3.18589068387175,3.98884773611343,-3.05207496449201,-2.62601849238933,163.095449309686,1
-1.623435176356,-2.399225253472,3.82916180013032,-5.50777196059183,-1.81275464116556,166.171798853461,1
3.49336215212255,0.23268188766658,2.68396042977208,2.01545607217278,-5.17008342868345,59.6114577899279,0
4.67458003577066,1.23895149009752,-3.1156341862425,2.68247207317407,4.81553248482794,196.948288853207,1
-0.136031075224778,-0.785434383365509,-3.14183793029583,-5.7272149089578,-3.16191335492357,87.3826227669049,1
-0.906106275694494,1.57900032298706,3.61144922538059,0.722469381345176,4.31267511329009,529.630469715456,1
4.32990773495154,-3.68823333190004,-0.0985873736403588,-0.89285945247097,-3.60742187282998,380.869316957021,1
-1.02871246865854,0.142458380933288,0.0314164750528542,3.3526830941458,5.50540133360181,162.921550949183,1
-1.49713935380131,3.7357655601006,-2.60972669699139,4.90124487894408,4.04742154157611,114.633486323182,1
-2.69018743909752,-3.21816473250462,1.86860626757998,-0.733619597214814,5.33637687805212,164.01296863895,1
0.899848160987808,1.31477763939924,1.66537474902733,1.32767804072745,-4.04631675447948,546.834935647336,1
5.96858490075063,1.75709423671953,-3.54336185111616,-3.26584878039486,-0.110586509740514,123.232373738238,1
-3.49522985970798,-2.75884005115944,1.06621428385551,-1.52893248354182,1.55854183022598,143.755576059276,0
2.49422386729281,3.16084309787747,5.36587533606376,2.4963691056233,-2.53300529792556,256.171900442931,1
-2.68653031315378,-5.09015441514954,1.13193758074439,0.360850959403896,4.45040809030043,141.812076494757,1
-5.78255678244619,0.854571635346974,-2.60845284735394,-3.82872344315778,0.179543682610093,306.67853455761,1
-4.66530364437186,3.01705785674237,4.3442007006606,2.9520061201355,1.06561300104712,118.592742092695,1
3.29432612182066,-0.190630005449198,-2.4118006268475,-2.74965650734947,-4.00276540146155,494.064168399513,1
0.945582146403204,2.65022278612774,2.75324262646412,-1.88214549819832,-1.32694400927466,308.831636070082,1
-3.85539657027268,-1.57833639312291,-6.26971192178924,-0.0942145891168412,1.94384657602821,118.888302292994,1
2.47181672101547,-1.57725863280764,-4.36661057349529,3.01938368524071,-3.66141122675683,96.294448630709,1
0.464585956884038,-5.33086818049806,-1.28384222114546,-5.27044154576458,-1.43080897476325,325.756339193549,1
-1.03457776154575,3.55059686917156,-3.73570877139996,-2.86752088397939,3.42964133991118,97.1021102450898,1
1.46749097315381,2.16311676185482,-2.78296326392466,-1.47831936085839,-1.57719383600244,209.828742116563,1
-0.335337608271688,-0.209220274476603,-1.12085817548517,2.69796318003916,4.42755035384393,424.157393120709,1
1.15271018512794,-3.63806066613984,-3.79712374686541,1.55397161016027,-2.77813105807298,178.909193718943,1
3.9176252868877,3.80530677168925,-3.81062814562875,-2.96807681260753,-1.58345580520719,51.6752707427474,1
2.0805878418227,-4.14269320969938,5.96752484167199,-2.00571560061981,-0.242107983518512,788.171885644176,1
3.28533792425596,1.87812196391477,-3.88951759655155,1.65523619333556,-0.411486970379126,145.508453759787,1
-1.63435515515458,-2.77390640324926,0.0558414893404852,-2.71353216007045,-6.56635995129661,315.733669690527,1
0.289208593494639,-0.432591068187052,-0.842583638840993,-0.045511383309902,1.20450339783258,130.438289069524,1
2.22053959649548,-5.48361201222458,-1.74963692652992,2.52134010963031,1.74207953288758,323.972012376122,1
-3.21866454939854,0.579646970541819,-2.85521626204505,-1.45646807394197,-2.29426327284821,350.032470289546,1
-1.41126401170136,-3.18560158160812,2.36090499780157,1.77862001798278,-1.93306226964995,979.673029134783,1
0.494886845911805,-6.33186252549918,-0.532916034402347,0.120546443800539,-0.374751297299945,137.310090686897,1
-1.64648389369564,-4.14266440536056,5.6373046693574,0.782430323428537,-1.45053493980667,437.650373028917,1
-3.47038950391037,-0.198810640970748,-1.05045100459747,2.0145458884926,-6.75539132862986,243.317406163712,1
3.0498906486317,4.29855199734092,4.34706096257466,1.05526752693106,-1.35529521292364,224.458256231141,1
2.95241555101061,-2.90189880285425,-2.53380051072832,4.45601229577356,-0.574774296308641,328.461466933918,1
4.148325582221,-1.73512489774572,-1.4477725039583,-3.25266973021203,-2.5330135181138,44.279215983917,1
-1.26348633058211,-2.31539608514751,2.19412346268133,-5.07766754443384,0.402156036043334,376.355443053287,1
4.31442272938005,-2.19249490081696,-3.08345924020781,0.761582539646357,-3.62303600656448,273.136945354126,1
-2.58687325218596,3.6865117968687,-2.46044238123961,3.40576221983199,2.03372746009803,222.619093235464,1
2.98079340682313,3.19520566138144,-6.20265660908336,0.946163126272075,-1.58711547763735,111.811747388061,1
3.50917834009435,-3.81009880965504,-1.86123921190063,-4.781960314163,0.205133160761668,348.711838376802,1
-2.56946780539204,-0.0504632245379427,1.10231902244922,0.811786672327733,-0.0436981716054834,334.612480553811,0
-3.36960268067516,-4.35108108713715,-3.14269841378124,1.10226070437575,2.29963807307622,253.650774316268,1
-0.176865291314546,0.281760342747692,6.45358047787261,-3.76181667644299,-1.94148322702704,487.674579495094,1
1.43916263380658,-2.13486670722065,0.0609395771302483,3.79661242042344,-1.5895928697714,303.350700471536,1
-2.32705161747382,-2.79493117885705,4.45452322815104,0.611408147984995,-3.68215947140104,211.356289632659,0
1.95457548614257,3.00042885507065,3.49789526210253,4.74816712965445,0.715111039436956,462.505665784911,0
1.21684361432493,1.49498785361639,5.45817451314066,0.500567765542734,-0.112781947972052,422.540348896062,1
-1.05623232110277,5.42896296266734,4.17274261083668,1.0320264816903,-1.0012914703225,303.17833848638,1
-1.9940040510885,1.57670990743058,4.5145394073948,-1.67834264159458,-3.60609733524838,357.95785067629,1
-0.61441964467417,3.47569339487065,2.81510953651928,5.48945885555352,2.60126970454662,232.449428295598,1
-3.32891685544961,-2.40042410811897,5.434917411023,1.50372977470064,-0.697366106814481,389.516924179946,1
0.470984331247482,1.27404272874626,3.03691641785859,-0.496353000642899,-4.96139457129255,324.34850336207,1
0.73577324501993,-4.36451912216877,1.19815280973092,2.35830989144174,-1.51769242028798,217.776390509077,1
4.53038962627193,-0.449269242845486,-0.479348839114993,2.24470276413629,5.89491125375556,236.015325811787,1
4.00272018264081,3.14843281149199,-4.44439794663735,0.929646654356094,-0.442206446832306,213.488166929853,1
-2.30853433578325,1.6739203996543,-3.27915332110552,-4.49553866556384,-0.65496818648888,155.597363994803,1
-0.48420898751104,0.993668986771071,6.16380953183671,1.3481081942099,1.12742776221179,144.052869478259,1
1.5977760160461,0.0045963622197155,2.7744676319782,4.82366914815544,3.66204389808286,171.698095822997,1
0.0287638253950304,2.86392593476488,2.30154000791392,0.0708689311505954,6.01934047048054,453.723145085955,1
-0.83537448467883,-2.51735758141787,-2.95713922515269,2.2883093884837,0.388085590238539,508.742370783886,1
3.92735623745465,5.63398202522597,2.57773726522294,0.271702434514056,-3.0378819064275,174.291013785431,1
-3.24302804302481,-0.259216342968724,-0.64997930930049,3.69129217346706,-0.890460964287565,285.426854173899,1
6.50616473339337,-1.41647323747904,-1.96508555457355,-2.69317832052808,-2.19457252946186,164.439044474507,0
-3.2315091833597,0.433530840834143,-1.8730355706756,0.22195583756984,-1.15315550650928,249.781405182603,1
-2.51542392400754,2.73346823534037,-0.0064727428187905,-4.16441779863591,5.15976627949312,237.014271632141,1
3.79972133931383,1.60899287629389,-4.10096855946571,0.0697128533298412,-0.704798309308328,212.351272885732,1
-4.54134047250441,-3.22049452587026,-3.20133566960982,1.85958101944667,3.74206433541552,314.276867049512,1
5.54407925963023,-0.384089993972409,-0.275826524978942,2.90793454634805,-2.3563572086642,283.419729886996,1
1.18731446908316,-3.74177921741713,4.84176282791949,-2.9157308939175,-2.47214793131916,513.219939459278,1
-5.40805640370061,-0.514174737917534,3.8963936617196,-4.20386956942625,-0.563487956082786,367.090096837291,1
4.80785310556089,-0.883196874230487,-5.91606675266036,-0.276534579291671,0.336889580170259,403.446809926402,0
-0.164238353277581,0.0028858867383353,2.62216568702613,1.27568783216319,-6.92566087635861,348.150345252281,1
1.70099841316019,-4.81793999815256,3.33778378228333,1.10327726534002,-2.10761545475219,216.467716081839,0
-4.63958897835996,-1.58260860479145,-2.77049838974187,5.22057049027869,-0.932856526662728,210.263558824388,1
5.14327256501196,-1.59413948021252,-1.33719499285333,-1.68000469633845,-5.22951109930838,257.365539518319,1
1.33803232160905,-0.020807100831693,-5.09049924958715,-4.9525985164275,-0.519993037687546,176.182183645911,1
-2.79313628200234,1.56746743889517,-3.25854359104244,3.46841274761006,-3.96274963970392,220.676842655731,1
3.35888071830091,-1.31799992184354,4.2493930789592,0.906878135005423,-2.65829872527877,307.279239876692,1
-3.42124518335226,-3.35015440846336,4.02430096219336,-0.333588564327404,-3.59632661811104,81.1074160088595,0
-2.3702675388024,3.4896196535522,-1.94350608241745,-3.19764790006634,-3.52644632355498,181.848171899403,1
4.48582384606931,0.170268679599531,0.143239708907633,1.91126708843861,-2.08101952553783,169.414271852422,1
3.67220143443404,2.91318170037005,0.77038056747212,5.54096509305844,-1.93262932577591,399.079468267907,1
4.40071464957756,-1.0654858851395,-0.395227661045162,-3.46969602945743,3.96305915413942,506.370831488094,0
-1.58154903696969,-2.94168127630616,0.0405078947159485,2.34005767851927,-6.12386770344594,224.279239927896,1
-1.72759877244272,-2.86199992434668,7.13949428650676,0.04054634784425,1.07780730254819,383.150643704056,1
-3.44472779393529,-1.55497725968018,1.35935353580033,4.02090106601623,-2.2232185230904,168.894652207462,1
1.19160981368907,0.981874116859776,-6.39237589834835,-3.67509470647537,2.67819839063239,239.459013459444,0
-0.308701142403749,-0.811936960244846,0.473210108092744,1.23156416592642,4.95716867602577,130.783900929636,1
-1.40350105983595,6.04807803433621,-1.51372554303543,-3.0013373271059,2.17218492101871,137.194569671174,1
-4.94132165422824,-1.85126582832288,2.03185203573419,0.653385708985785,4.32648064802763,490.593083293346,0
-2.91058232014493,2.15065181120291,-0.984315351102083,-0.032774763418075,2.22202356467888,73.4794203136551,1
-2.64029794107485,-5.19354895325314,-4.23200549128308,-1.87270365747456,-0.652525074432904,192.206002677515,1
-4.9177139736329,1.04247649849587,2.04609895889636,3.79067930847078,2.62514078009403,217.294672763134,1
-0.623166612064095,2.05180079860566,-3.71891872587619,1.48425794776343,-6.23252838504584,58.871306076801,1
-1.42077947884297,0.11308978130341,2.36043371028048,0.499761917804257,6.47340141427274,249.511055631751,1
-1.36331100063968,-2.46384125559505,0.681048568783501,-7.13184691981851,-0.0699449023142629,276.340439752746,1
-1.48350035527218,-1.8990177841622,-0.465853348619597,-5.36622466202686,-0.987523480753518,274.137339875314,1
-3.96104297291106,2.51314074926719,-1.37658289711866,0.765576057724938,1.17431684840133,45.7176862370226,1
1.72820627138776,-3.66044182919838,-3.41104678292114,4.67427542815781,1.21797025624182,227.135640871492,1
1.80646797397388,1.56947220340737,2.63444297776742,4.19925580891742,0.757230845466419,778.605896692185,1
-1.3733838390425,2.15512420070846,1.69494210621483,-0.809318417375008,-4.50634040870817,532.732019391585,1
2.35300989897366,-0.261230943341428,-6.03476539091538,-2.93205926536729,2.96215446315857,30.1516978756703,1
-0.569078980669351,-0.818440474156895,1.53497476176673,3.54439705191786,-6.87680337413815,224.317679251126,1
1.8941945288546,-4.25567545792002,1.30869464919057,2.14004304279647,3.74928684250591,159.420063327145,1
-4.79791177416305,2.41923961793549,-2.735206992382,3.47380534729483,1.0887672321083,83.8701919482438,1
-2.25807604374085,0.214483215211338,2.49344418439824,5.99650712418622,-0.849937860809121,105.556406527486,1
-2.09998796331229,-5.70450089318127,-3.27956488150597,-1.4872269687007,0.685018115153537,307.682188156975,1
1.71901702972302,-2.72075390901433,3.64158059035268,-0.666503679170525,1.33904462101624,333.65014421315,1
2.65919335504387,-3.57610059874479,2.81951832207625,-0.96540953823282,-2.36526790624026,259.817315516364,1
-2.30022932717021,0.638468500231867,-0.510385531477532,5.46171443461922,-3.72332886652157,250.20995020274,1
0.460080931768394,-0.47252933318718,-5.25824834601041,2.65371488125364,3.83004896336995,330.017910371694,1
-2.80589262294546,-3.46905458445266,-0.711943939929204,1.35695639381337,3.14916139910323,303.419940580346,1
-0.781164074080004,-6.96910129529423,1.48815489327582,-0.689570561311621,-2.27642760323719,107.502625150401,1
0.474543395260337,2.79916648595976,3.00071484591748,-5.61543191054287,-1.57337500051968,209.743237034484,0
0.616538324645279,-1.04703519587057,-1.29546103036699,2.24538213344514,5.77009053842292,331.446685426255,1
-0.198650012492031,5.85488996964483,-2.12085565348332,-4.63470358810953,1.13909562703759,366.796132913031,1
-3.426457182534,6.53205273370519,0.722654510869562,-1.25271648796793,1.78080929620422,194.653466797149,1
3.57370309600681,4.91650643214987,2.54257995657965,1.27608766143381,2.22695049216681,160.467570177217,1
-2.92503755279939,-3.0829633684665,-0.572287216400896,3.74324738381116,-2.17894083367687,250.116581349175,1
3.9338429311729,-2.00467650342486,-2.73910463519989,0.198882177151779,-0.296601265794315,210.982497883807,0
3.82474287285436,-2.32604795951488,-4.00789312747587,0.024815646782058,2.30464253314325,210.051082919018,0
3.54982818358003,0.920045712249101,0.0623692008008611,6.40753063439496,0.0039930856813676,130.144396072206,0
2.26250740229403,4.98044041913346,-2.45305807014081,0.637314758603552,-4.46167784798317,156.580955720002,1
-3.8518396216461,3.5110460870847,-3.88949732690707,0.872844724640273,4.54270779189201,208.96264171228,1
3.1912587574279,3.63173321775854,3.73328864341755,3.07648909382366,-2.92666020637325,369.064411694311,0
-3.25806620524562,-0.385430057409173,3.2819644652206,5.61557220463501,2.40585982266337,227.024052300496,1
-2.07286058706314,3.26164384886729,0.812191574336821,-5.65545147996251,-0.395151723743619,179.340760029143,1
-1.35292259191755,-0.209651964568947,1.82940341193496,-0.834298458078187,5.79715160439512,337.435015058554,1
